issue_number,repo_name,title,state,created_at,closed_at,author,issue_url
9,example-url-shortener,update documentation for versioned packages and include import statements,closed,2022-02-26T12:20:31Z,2022-02-26T12:32:16Z,skant7,https://github.com/keploy/example-url-shortener/issues/9
7,example-url-shortener,Remove docker command to spin up mongo for sample app,closed,2022-02-26T08:31:19Z,2022-02-28T11:46:06Z,nehagup,https://github.com/keploy/example-url-shortener/issues/7
3,example-url-shortener,Make the URL non deterministic,closed,2022-01-17T04:59:25Z,2022-03-07T02:58:27Z,slayerjain,https://github.com/keploy/example-url-shortener/issues/3
1,example-url-shortener,Add instructions to capture traffic,closed,2022-01-16T10:57:47Z,2022-01-16T13:34:51Z,nehagup,https://github.com/keploy/example-url-shortener/issues/1
3879,keploy,[feature]: Categorization System for Books,closed,2026-02-27T12:55:36Z,2026-02-28T12:10:35Z,hindochahitarth,https://github.com/keploy/keploy/issues/3879
3823,keploy,[bug]: startTCPDNSServer swallows startup errors (always returns nil) - Team 177,closed,2026-02-22T09:43:56Z,2026-02-22T12:48:36Z,BhavyaManvar,https://github.com/keploy/keploy/issues/3823
3817,keploy,[bug]: fix: 13 bugs found during code review — Team T188,closed,2026-02-21T16:40:26Z,2026-02-25T16:33:13Z,24cs062,https://github.com/keploy/keploy/issues/3817
3815,keploy,[bug]: Permission error while loading tracepoint while agent startup (docker),closed,2026-02-20T10:46:26Z,2026-02-23T05:15:51Z,kapishupadhyay22,https://github.com/keploy/keploy/issues/3815
3809,keploy,[feature]: Refactor Proxy to Remove Legacy Sessions Mechanism,closed,2026-02-18T15:41:46Z,2026-02-18T15:44:23Z,Amith102,https://github.com/keploy/keploy/issues/3809
3792,keploy,[feature]: update testcase keys (url) if it matches a certain substring,closed,2026-02-16T05:55:16Z,2026-02-19T06:32:21Z,officialasishkumar,https://github.com/keploy/keploy/issues/3792
3791,keploy,[feature]: Refactor Docker permissions and migrate eBPF socket hooks,closed,2026-02-16T04:38:20Z,2026-02-25T05:23:17Z,pathakharshit,https://github.com/keploy/keploy/issues/3791
3781,keploy,"Thanks @pratiktech28 for adding the changes and proposing your solution to help new contributors. We already have an example explaining the DCO, so I don’t think we need an additional one at this time. I really appreciate the time and effort you put into this. Please feel free to look into other issues and continue contributing to Keploy. Thanks for your understanding!",closed,2026-02-13T11:48:40Z,2026-02-13T11:49:00Z,pratiktech28,https://github.com/keploy/keploy/issues/3781
3771,keploy,[bug]: increase agent health timeout,closed,2026-02-12T10:43:31Z,2026-02-20T05:02:29Z,kapishupadhyay22,https://github.com/keploy/keploy/issues/3771
3766,keploy,[bug]: Start OSS Quickstart Button Redirects to Incorrect Documentation Page,closed,2026-02-11T09:59:32Z,2026-02-12T12:56:25Z,Srinu346,https://github.com/keploy/keploy/issues/3766
3764,keploy,[docs]:  Remove deprecated v4.0.0 docs and improve spacing consistency,closed,2026-02-11T08:31:58Z,2026-02-11T08:40:04Z,atishaytripathi,https://github.com/keploy/keploy/issues/3764
3763,keploy,[feature]: Improve discoverability of Security Policy and Responsible Disclosure on main site,closed,2026-02-11T06:27:25Z,2026-02-11T15:59:03Z,Rugved-dev18,https://github.com/keploy/keploy/issues/3763
3758,keploy,[bug]: fix linter in echo-sql and book-store inventory go apps,closed,2026-02-10T12:37:39Z,2026-02-12T04:45:09Z,khareyash05,https://github.com/keploy/keploy/issues/3758
3754,keploy,[feature]: Added schema_check comparison,closed,2026-02-10T06:07:38Z,2026-02-13T06:28:38Z,pathakharshit,https://github.com/keploy/keploy/issues/3754
3752,keploy,[feature]: Allow VSCode Extension to load CLI-generated testcases,closed,2026-02-09T23:28:29Z,2026-02-09T23:34:04Z,GitEngHar,https://github.com/keploy/keploy/issues/3752
3751,keploy,[Consistency Bug]: Footer component Inconsistency across keploy.io pages,closed,2026-02-09T21:40:46Z,2026-02-12T12:42:07Z,aspirant-22,https://github.com/keploy/keploy/issues/3751
3750,keploy,[bug]: Incorrect redirect for “Keploy API Testing Console” Button,closed,2026-02-09T20:52:56Z,2026-02-11T17:43:50Z,aspirant-22,https://github.com/keploy/keploy/issues/3750
3749,keploy,[bug]: Keploy Integration Testing button redirects to Incorrect URL,closed,2026-02-09T20:32:53Z,2026-02-11T17:45:36Z,aspirant-22,https://github.com/keploy/keploy/issues/3749
3730,keploy,[feature]: extract application port in case of windows,closed,2026-02-06T09:12:13Z,2026-02-09T06:21:46Z,officialasishkumar,https://github.com/keploy/keploy/issues/3730
3719,keploy,[bug]: Incomplete Pagination in getAllPosts due to Missing pageInfo,closed,2026-02-04T17:48:28Z,2026-02-04T18:51:29Z,devlopharsh,https://github.com/keploy/keploy/issues/3719
3706,keploy,[bug]: Live blog site still uses outdated X (Twitter) profile link,closed,2026-02-03T07:07:08Z,2026-02-11T18:15:36Z,shariqmirza,https://github.com/keploy/keploy/issues/3706
3705,keploy,[bug]: Social media links open in the same tab on homepage,closed,2026-02-03T06:17:47Z,2026-02-03T07:07:58Z,Surajiitmjnu,https://github.com/keploy/keploy/issues/3705
3704,keploy,[bug]: footer uses outdated Twitter icon instead of X logo,closed,2026-02-03T05:57:32Z,2026-02-03T07:09:28Z,Surajiitmjnu,https://github.com/keploy/keploy/issues/3704
3698,keploy,[feature]: Introduce Unit Testing for Core (main) Package,closed,2026-02-02T13:08:46Z,2026-02-04T20:52:19Z,adity1raut,https://github.com/keploy/keploy/issues/3698
3696,keploy,[docs]: update the GSoC repo readme,closed,2026-02-02T11:59:55Z,2026-02-04T09:07:47Z,officialasishkumar,https://github.com/keploy/keploy/issues/3696
3692,keploy,[bug]:Twitter/X share icon uses outdated branding and icon set,closed,2026-02-01T06:42:44Z,2026-02-12T12:11:16Z,Surajiitmjnu,https://github.com/keploy/keploy/issues/3692
3681,keploy,[feature]: capture app_port during recording and use it in test mode,closed,2026-01-30T09:23:18Z,2026-02-03T07:01:17Z,officialasishkumar,https://github.com/keploy/keploy/issues/3681
3673,keploy,[docs] :  Create Rust + MongoDB Quickstart Page on Docs Website,closed,2026-01-28T23:31:38Z,2026-01-29T06:24:59Z,Gagan202005,https://github.com/keploy/keploy/issues/3673
3672,keploy,[bug]: Agent readiness fails when Keploy is started without sudo and escalates privileges mid-run,closed,2026-01-28T15:42:55Z,2026-01-30T18:29:42Z,Syedowais312,https://github.com/keploy/keploy/issues/3672
3657,keploy,"[docs]: Redesign Questions card, Prev/Next cards",closed,2026-01-27T08:49:49Z,2026-02-04T08:59:50Z,nehagup,https://github.com/keploy/keploy/issues/3657
3656,keploy,[docs]: Unnecessary massive whitespace before footer starts,closed,2026-01-27T08:46:21Z,2026-01-27T17:39:12Z,nehagup,https://github.com/keploy/keploy/issues/3656
3654,keploy,feat: Automatically handle sudo for Docker commands,closed,2026-01-27T06:12:30Z,2026-01-30T06:11:32Z,gouravkrosx,https://github.com/keploy/keploy/issues/3654
3636,keploy,[feature]: Refactor to Decouple Agent from Proxy TLS dependency,closed,2026-01-25T07:10:13Z,2026-01-25T17:02:56Z,VishalPainjane,https://github.com/keploy/keploy/issues/3636
3626,keploy,[bug]: Docker container never stops for user application,closed,2026-01-23T10:11:13Z,2026-01-27T11:55:11Z,kapishupadhyay22,https://github.com/keploy/keploy/issues/3626
3613,keploy,[bug]: Runtime panic in MySQL ParseBinaryDateTime for unexpected length,closed,2026-01-22T18:31:29Z,2026-01-22T19:30:08Z,pigeio,https://github.com/keploy/keploy/issues/3613
3611,keploy,[docs]:UI Heading Styling and Content Alignment Issues on Security Page,closed,2026-01-22T13:54:45Z,2026-01-22T16:36:54Z,Srinu346,https://github.com/keploy/keploy/issues/3611
3605,keploy,[bug]: GitHub link from Resources → Community opens in the same tab instead of a new tab,closed,2026-01-22T10:01:54Z,2026-01-22T16:39:07Z,Surajiitmjnu,https://github.com/keploy/keploy/issues/3605
3589,keploy,[feature]: AI-Powered Smart Mock Recommendation and Auto-Healing,closed,2026-01-21T07:24:28Z,2026-01-23T14:59:17Z,Manishnemade12,https://github.com/keploy/keploy/issues/3589
3585,keploy,[feature]: Add support for MongoDB OpMsg (OpCode 2013) wire protocol,closed,2026-01-20T21:02:49Z,2026-01-21T06:00:18Z,pigeio,https://github.com/keploy/keploy/issues/3585
3583,keploy,[feature]: Sign-in redirects to API test page without clear login confirmation,closed,2026-01-20T12:09:07Z,2026-01-21T06:05:29Z,Surajiitmjnu,https://github.com/keploy/keploy/issues/3583
3576,keploy,Change Twitter old logo in footer add new X (Twitter) icon,closed,2026-01-19T13:36:30Z,2026-01-20T06:12:20Z,Ramankumar120,https://github.com/keploy/keploy/issues/3576
3564,keploy,[blog-website]: Copyright year hardcoded as 2026 in footer,closed,2026-01-17T04:56:02Z,2026-01-27T08:37:12Z,guruvedhanth-s,https://github.com/keploy/keploy/issues/3564
3562,keploy,"[bug]: 'More Stories' shows 'No posts found matching """"' when posts fail to load",closed,2026-01-17T04:54:33Z,2026-01-17T05:35:53Z,guruvedhanth-s,https://github.com/keploy/keploy/issues/3562
3546,keploy,CI: Add Dependency Review workflow for supply-chain security,closed,2026-01-15T20:47:29Z,2026-01-22T13:58:47Z,Gagan202005,https://github.com/keploy/keploy/issues/3546
3544,keploy,Docs: Improve 'first-time contributor' welcome message,closed,2026-01-15T19:39:55Z,2026-01-19T12:07:26Z,Gagan202005,https://github.com/keploy/keploy/issues/3544
3526,keploy,[feature]: Implement Buffered Mock File Reader to Prevent OOM with Large Mock Files,closed,2026-01-13T07:05:20Z,2026-01-17T09:45:21Z,Sarthak160,https://github.com/keploy/keploy/issues/3526
3523,keploy,[feature]: new field to display the exact command ran for a test run,closed,2026-01-12T16:02:42Z,2026-01-19T06:10:07Z,officialasishkumar,https://github.com/keploy/keploy/issues/3523
3519,keploy,[bug]: Navbar spacing and alignment issues,closed,2026-01-12T08:45:27Z,2026-01-12T08:54:15Z,Rohit-Muda,https://github.com/keploy/keploy/issues/3519
3513,keploy,[blog-website]: Inconsistent styling for “Writers Program” in Resources dropdown,closed,2026-01-10T05:45:32Z,2026-01-12T13:21:04Z,Abhi0049k,https://github.com/keploy/keploy/issues/3513
3510,keploy,[docs]: wrong time freeze flag,closed,2026-01-09T14:29:39Z,2026-01-09T15:58:31Z,officialasishkumar,https://github.com/keploy/keploy/issues/3510
3504,keploy,[blog-website]: Improve Tags Section Alignment on Blog Reading Page (attention to detail),closed,2026-01-08T15:03:00Z,2026-01-08T19:55:11Z,amaan-bhati,https://github.com/keploy/keploy/issues/3504
3502,keploy,[docs]: GitHub Contributing tab shows CI guide instead of contributor onboarding,closed,2026-01-08T13:12:54Z,2026-01-19T12:09:06Z,Syedowais312,https://github.com/keploy/keploy/issues/3502
3501,keploy,[docs]: Search bar appears oversized compared to other navbar elements,closed,2026-01-08T11:30:14Z,2026-01-22T04:41:06Z,Preksha0401,https://github.com/keploy/keploy/issues/3501
3487,keploy,[bug]: HTTP Response Body Resource Leak in AI Service,closed,2026-01-05T23:12:20Z,2026-01-06T06:53:34Z,Gagan202005,https://github.com/keploy/keploy/issues/3487
3474,keploy,[feature]: Adding Kafka support in keploy,closed,2026-01-05T06:08:44Z,2026-01-20T06:17:29Z,Yogeshjindal,https://github.com/keploy/keploy/issues/3474
3459,keploy,[bug]: Update footer Twitter icon to X for UI consistency,closed,2026-01-03T07:42:02Z,2026-01-05T08:47:11Z,bhanushaliparthhitesh,https://github.com/keploy/keploy/issues/3459
3455,keploy,[docs-website]: Uneven heights in product cards on docs website,closed,2026-01-02T13:12:50Z,2026-01-27T09:30:18Z,cotishq,https://github.com/keploy/keploy/issues/3455
3446,keploy,[docs-website]: Optimize Responsiveness in Documentation website,closed,2026-01-01T14:00:24Z,2026-01-27T09:30:40Z,AnujShrivastava01,https://github.com/keploy/keploy/issues/3446
3442,keploy,[blog-website]: Author and Reviewer names not appearing in Table of Contents,closed,2026-01-01T09:23:03Z,2026-01-05T18:23:44Z,Srinu346,https://github.com/keploy/keploy/issues/3442
3441,keploy,[docs-website]: add a 404 page in the blog website,closed,2026-01-01T09:22:02Z,2026-01-06T10:25:08Z,amaan-bhati,https://github.com/keploy/keploy/issues/3441
3438,keploy,[blog-website]: Fix table of content scroll on clicking in blog reading pages,closed,2025-12-31T12:41:02Z,2026-01-02T17:33:11Z,amaan-bhati,https://github.com/keploy/keploy/issues/3438
3436,keploy,[blog-website] : Add a search option in more stories at the bottom of blog reading pages,closed,2025-12-31T12:26:26Z,2026-01-08T14:32:53Z,amaan-bhati,https://github.com/keploy/keploy/issues/3436
3435,keploy,[blog-website]: add loadmore button at the bottom of blog reading pages,closed,2025-12-31T12:22:38Z,2026-01-06T23:05:10Z,amaan-bhati,https://github.com/keploy/keploy/issues/3435
3434,keploy,"[blog-website]: fix table of content, ad banner and the navbar on blog reading pages",closed,2025-12-31T12:14:25Z,2026-01-12T13:16:04Z,amaan-bhati,https://github.com/keploy/keploy/issues/3434
3433,keploy,[docs]: Add JSON‑LD schema to docs homepage (BreadcrumbList + Article),closed,2025-12-30T21:42:05Z,2025-12-31T10:25:12Z,amaan-bhati,https://github.com/keploy/keploy/issues/3433
3430,keploy,[blog-website]: Fix navbar glassmorphism on reading pages,closed,2025-12-30T09:32:25Z,2025-12-30T19:25:54Z,amaan-bhati,https://github.com/keploy/keploy/issues/3430
3426,keploy,"[docs]: Add JSON‑LD structured data (Organization, BreadcrumbList, Article) to docs",closed,2025-12-29T21:18:33Z,2025-12-30T08:58:21Z,amaan-bhati,https://github.com/keploy/keploy/issues/3426
3425,keploy,Implement All Structured Data Schema for Blog Website,closed,2025-12-29T14:44:18Z,2025-12-30T05:05:51Z,amaan-bhati,https://github.com/keploy/keploy/issues/3425
3421,keploy,[docs]: Linux Docker package conflict can break Docker Compose–based Keploy samples,closed,2025-12-26T05:30:00Z,2025-12-30T06:15:56Z,Akshat005Chaudhary,https://github.com/keploy/keploy/issues/3421
3405,keploy,[feature]: Add Dockerfile and docker-compose support for fasthttp-postgres quickstart,closed,2025-12-22T12:29:44Z,2026-01-12T08:55:22Z,Achanandhi-M,https://github.com/keploy/keploy/issues/3405
3392,keploy,"[bug]: Template rendering forces JSON escaping, breaking multi-line bodies (SSE/XML)",closed,2025-12-18T09:37:14Z,2025-12-30T06:14:34Z,officialasishkumar,https://github.com/keploy/keploy/issues/3392
3387,keploy,[bug]: Timeout on chunked responses > ~2.5s,closed,2025-12-17T12:15:55Z,2025-12-18T16:54:13Z,Dishank-Sen,https://github.com/keploy/keploy/issues/3387
3384,keploy,[bug]: Synchronous recording should enable multiple connections but dail server synchronously,closed,2025-12-17T06:17:45Z,2025-12-19T09:28:10Z,kapishupadhyay22,https://github.com/keploy/keploy/issues/3384
3380,keploy,[ENHANCEMENT] Add test flakiness detection and reporting,closed,2025-12-16T06:48:29Z,2025-12-18T11:24:05Z,harikapadia999,https://github.com/keploy/keploy/issues/3380
3377,keploy,[bug]: Network alias in docker compose for IP of user application,closed,2025-12-15T07:25:20Z,2025-12-16T08:03:47Z,kapishupadhyay22,https://github.com/keploy/keploy/issues/3377
3375,keploy,[bug]: Prettier workflow not running on forks,closed,2025-12-15T03:57:47Z,2025-12-15T05:19:11Z,manasmanohar,https://github.com/keploy/keploy/issues/3375
3374,keploy,[bug]: Templatized fields in URL fail in docker application during test mode,closed,2025-12-14T14:57:40Z,2025-12-17T10:23:20Z,kapishupadhyay22,https://github.com/keploy/keploy/issues/3374
3356,keploy,[docs]: Algolia search theme is inconsistent with docs UI,closed,2025-12-10T07:24:07Z,2025-12-18T05:02:05Z,aadithya2112,https://github.com/keploy/keploy/issues/3356
3352,keploy,[bug]: Quickstart filter redirects to docs home for first JS/TS + Docker sample app,closed,2025-12-09T09:41:22Z,2025-12-09T11:16:49Z,aadithya2112,https://github.com/keploy/keploy/issues/3352
3340,keploy,[feature]: Add `keploy validate` command for test case validation,closed,2025-12-05T20:41:51Z,2025-12-24T10:05:05Z,codeMaestro78,https://github.com/keploy/keploy/issues/3340
3338,keploy,[bug]:  Replace panic() with error return in ParseBinaryDateTime for graceful error handling,closed,2025-12-05T14:34:17Z,2025-12-05T14:40:18Z,codeMaestro78,https://github.com/keploy/keploy/issues/3338
3336,keploy,[feature]:  Handle edge cases for MySQL prepared statement ID reuse,closed,2025-12-05T07:37:45Z,2025-12-05T13:02:46Z,codeMaestro78,https://github.com/keploy/keploy/issues/3336
3333,keploy,feat: Add CLI-based Mock Coverage Reporting for Replay Runs,closed,2025-12-04T05:28:25Z,2025-12-05T12:57:29Z,remo-lab,https://github.com/keploy/keploy/issues/3333
3331,keploy,[bug]: Improve URL Normalization & HTTP Matcher Consistency in Incoming Proxy,closed,2025-12-04T00:25:07Z,2025-12-05T12:58:32Z,remo-lab,https://github.com/keploy/keploy/issues/3331
3328,keploy,[bug]: passthrough bug while long lived connections,closed,2025-12-03T10:14:58Z,2025-12-03T10:49:08Z,kapishupadhyay22,https://github.com/keploy/keploy/issues/3328
3316,keploy,[docs]: dockerfile for dedup in docker,closed,2025-11-26T06:45:08Z,2025-11-26T06:59:37Z,officialasishkumar,https://github.com/keploy/keploy/issues/3316
3313,keploy,[bug]: Proto paths not working,closed,2025-11-25T15:28:23Z,2025-11-26T14:15:02Z,officialasishkumar,https://github.com/keploy/keploy/issues/3313
3311,keploy,[bug]: noise filteration not working for nested fields,closed,2025-11-25T11:44:28Z,2025-12-05T19:04:18Z,officialasishkumar,https://github.com/keploy/keploy/issues/3311
3306,keploy,bug: Incorrect Prepared Statement ID Mapping Across Connections in Test Mode in MySQL,closed,2025-11-24T20:25:17Z,2025-11-24T20:53:03Z,gouravkrosx,https://github.com/keploy/keploy/issues/3306
3302,keploy,[bug]: Chunked HTTP responses with `Transfer-encoding: chunked` are not recorded correctly (unexpected EOF),closed,2025-11-22T06:13:42Z,2025-11-24T20:24:47Z,anjupathak03,https://github.com/keploy/keploy/issues/3302
3299,keploy,[bug]: testsets failing because of noisy fields,closed,2025-11-21T12:27:17Z,2025-12-16T06:14:13Z,officialasishkumar,https://github.com/keploy/keploy/issues/3299
3296,keploy,[bug]: BeforeDockerComposeSetup hook never gets ran,closed,2025-11-21T09:52:04Z,2025-12-17T06:08:42Z,officialasishkumar,https://github.com/keploy/keploy/issues/3296
3294,keploy,[bug]: Keploy Writer website is not responsive for small screens,closed,2025-11-20T12:25:58Z,2025-12-03T18:39:12Z,Dakshgupta177,https://github.com/keploy/keploy/issues/3294
3283,keploy,[bug]: secrets getting leaked in config file after changing mocks and doing mock upload,closed,2025-11-17T12:37:06Z,2025-11-18T06:19:09Z,officialasishkumar,https://github.com/keploy/keploy/issues/3283
3278,keploy,[bug]: Animate Counter Not working,closed,2025-11-16T03:42:23Z,2025-11-17T08:23:30Z,SaranshGolash,https://github.com/keploy/keploy/issues/3278
3276,keploy,[bug]: flakiness in Postgres Fuzzer Test pipeline,closed,2025-11-14T11:06:47Z,2025-12-18T05:49:36Z,anjupathak03,https://github.com/keploy/keploy/issues/3276
3266,keploy,[feature]: direct mock download with registry id and app name,closed,2025-11-12T06:06:56Z,2025-11-14T06:12:01Z,anjupathak03,https://github.com/keploy/keploy/issues/3266
3263,keploy,[bug]: App crashing immediately at the beginning shouldn't exit test mode,closed,2025-11-11T13:24:13Z,2025-11-12T09:52:10Z,kapishupadhyay22,https://github.com/keploy/keploy/issues/3263
3259,keploy,[bug]: add missing flags in V3,closed,2025-11-11T06:46:18Z,2025-12-01T06:03:20Z,thedeeppp,https://github.com/keploy/keploy/issues/3259
3257,keploy,[bug]: detect app failure when app is started with docker compose,closed,2025-11-11T04:30:53Z,2025-12-18T06:10:20Z,anjupathak03,https://github.com/keploy/keploy/issues/3257
3252,keploy,[feature]: artifact expiry and conditional deletion logic,closed,2025-11-10T10:45:49Z,2025-11-12T08:30:48Z,ShashankShekhar07,https://github.com/keploy/keploy/issues/3252
3251,keploy,[feature]: sanitization in grpc,closed,2025-11-10T07:31:07Z,2025-11-11T06:28:27Z,officialasishkumar,https://github.com/keploy/keploy/issues/3251
3250,keploy,"[bug]: removing unused mounts from keploy agent ""docker""",closed,2025-11-10T06:01:38Z,2025-11-11T06:28:18Z,kapishupadhyay22,https://github.com/keploy/keploy/issues/3250
3245,keploy,[feature]: a generic auto update package,closed,2025-11-08T10:48:40Z,2025-11-12T12:51:57Z,thedeeppp,https://github.com/keploy/keploy/issues/3245
3234,keploy,[feature]: config file to be generated in configPath,closed,2025-11-06T10:53:52Z,2025-11-07T06:14:57Z,officialasishkumar,https://github.com/keploy/keploy/issues/3234
3233,keploy,[feature]: Detach override config path from main keploy.yml config path,closed,2025-11-06T10:53:24Z,2025-11-07T06:14:06Z,officialasishkumar,https://github.com/keploy/keploy/issues/3233
3227,keploy,[feature]: mount config path in docker if it is outside current working directory,closed,2025-11-06T09:20:07Z,2025-11-07T06:13:44Z,officialasishkumar,https://github.com/keploy/keploy/issues/3227
3210,keploy,Unable to capture request when keploy running as side car container and app container is already running,closed,2025-11-04T09:10:07Z,2025-11-05T08:23:17Z,salimz1,https://github.com/keploy/keploy/issues/3210
3204,keploy,[feature]: Add noisy field support for grpc test,closed,2025-11-04T03:53:17Z,2025-11-05T12:50:43Z,officialasishkumar,https://github.com/keploy/keploy/issues/3204
3203,keploy,[feature]: allow normalize to run on specified test-set,closed,2025-11-04T02:43:41Z,2025-11-05T09:47:03Z,officialasishkumar,https://github.com/keploy/keploy/issues/3203
3200,keploy,[feature]: Test report enhancements for grpc,closed,2025-11-03T09:46:58Z,2025-11-05T14:41:14Z,anjupathak03,https://github.com/keploy/keploy/issues/3200
3189,keploy,[bug]: Incorrect handling of multi-valued Vary header in CompareMultiValueHeaders,closed,2025-10-30T11:35:15Z,2025-11-11T13:49:30Z,ShashankShekhar07,https://github.com/keploy/keploy/issues/3189
3188,keploy,[feature]: Validating mock_upload functionality,closed,2025-10-30T06:44:14Z,2025-11-12T06:48:13Z,ShashankShekhar07,https://github.com/keploy/keploy/issues/3188
3186,keploy,[feature]: pipeline for postgres fuzzer,closed,2025-10-30T05:40:43Z,2025-11-03T07:51:49Z,anjupathak03,https://github.com/keploy/keploy/issues/3186
3185,keploy,Sharing experiences and learning from other users is essential. We are frequently asked who is using a particular feature of Keploy so people can get in contact with other users to share experiences and best practices. People also often want to know if product/platform X has integrated Keploy.,closed,2025-10-30T05:30:24Z,2025-10-30T05:39:44Z,orikottek-bit,https://github.com/keploy/keploy/issues/3185
3183,keploy,[feature]: add MX type DNS resolver support,closed,2025-10-30T00:18:43Z,2025-11-14T06:18:26Z,ShashankShekhar07,https://github.com/keploy/keploy/issues/3183
3179,keploy,[feature]: Skipping app restarting while test mode,closed,2025-10-29T05:57:54Z,2025-11-18T06:11:08Z,kapishupadhyay22,https://github.com/keploy/keploy/issues/3179
3174,keploy,bug: handshakeResponse41 mock mismatch in mysql with multiple mysql clients.,closed,2025-10-28T13:46:11Z,2025-12-22T11:29:57Z,gouravkrosx,https://github.com/keploy/keploy/issues/3174
3165,keploy,[bug]: Postgres parser panics with Supabase pooler due to large packet buffer,closed,2025-10-23T11:57:41Z,2025-10-27T07:01:47Z,ujjwalparashar30,https://github.com/keploy/keploy/issues/3165
3162,keploy,[feature]: show failure type and category in keploy report,closed,2025-10-21T12:46:50Z,2025-10-22T05:07:40Z,anjupathak03,https://github.com/keploy/keploy/issues/3162
3158,keploy,feat: add support for overriding base config file.,closed,2025-10-21T10:33:54Z,2025-10-21T11:03:40Z,gouravkrosx,https://github.com/keploy/keploy/issues/3158
3156,keploy,[feature]: Extract duplicated GitHub workflow functions into external file,closed,2025-10-21T08:11:09Z,2025-12-18T06:09:59Z,ShashankShekhar07,https://github.com/keploy/keploy/issues/3156
3143,keploy,[feature]:  Properly handle failures of keploy record and keploy test in Docker Compose,closed,2025-10-16T07:52:17Z,2026-01-22T15:49:45Z,Achanandhi-M,https://github.com/keploy/keploy/issues/3143
3141,keploy,[bug]: swagger 2.0 correct output,closed,2025-10-16T06:33:24Z,2025-10-17T04:19:30Z,khareyash05,https://github.com/keploy/keploy/issues/3141
3137,keploy,[feature]: Add feature to hide Docker Compose example when running Keploy in Docker,closed,2025-10-15T11:21:28Z,2026-01-22T15:50:02Z,Achanandhi-M,https://github.com/keploy/keploy/issues/3137
3136,keploy,[refactor]: schema generation,closed,2025-10-15T06:35:26Z,2025-10-17T19:07:09Z,khareyash05,https://github.com/keploy/keploy/issues/3136
3135,keploy,[feature]: add mysql ssl pipeline,closed,2025-10-15T05:23:19Z,2025-11-11T08:49:05Z,anjupathak03,https://github.com/keploy/keploy/issues/3135
3133,keploy,I have searched and didn't find similar issue,closed,2025-10-14T16:18:07Z,2025-10-14T16:18:33Z,Gouravjaat07,https://github.com/keploy/keploy/issues/3133
3130,keploy,[feature]: add grpc fuzzer pipeline,closed,2025-10-14T08:24:17Z,2025-12-12T11:12:29Z,AkashKumar7902,https://github.com/keploy/keploy/issues/3130
3126,keploy,[bug]: sanitize fails when the secrets are embedded in url,closed,2025-10-13T12:08:17Z,2025-10-16T06:10:47Z,officialasishkumar,https://github.com/keploy/keploy/issues/3126
3122,keploy,[bug] : SaaS White Paper page text overlaps with left-side icon bar,closed,2025-10-11T12:28:27Z,2025-10-14T16:02:54Z,Srinu346,https://github.com/keploy/keploy/issues/3122
3117,keploy,[bug]: Data Race in generic parser,closed,2025-10-10T06:01:15Z,2025-10-10T07:46:30Z,kapishupadhyay22,https://github.com/keploy/keploy/issues/3117
3116,keploy,[bug]: fix mac pipelines and run them parallely,closed,2025-10-10T04:49:29Z,2025-10-13T10:38:15Z,ayush3160,https://github.com/keploy/keploy/issues/3116
3108,keploy,[feature]: add a loader to the keploy installation cli script,closed,2025-10-09T13:26:26Z,2025-10-29T09:00:00Z,nehagup,https://github.com/keploy/keploy/issues/3108
3102,keploy,[feature]: Go Test pipeline,closed,2025-10-08T09:14:28Z,2025-10-08T13:29:19Z,kapishupadhyay22,https://github.com/keploy/keploy/issues/3102
3098,keploy,bug: normalization command behavior for sanitized test-sets with existing secrets,closed,2025-10-07T17:56:26Z,2025-10-10T06:10:14Z,gouravkrosx,https://github.com/keploy/keploy/issues/3098
3096,keploy,[feature]: Add windows pipeline,closed,2025-10-06T12:15:32Z,2025-10-14T06:39:46Z,officialasishkumar,https://github.com/keploy/keploy/issues/3096
3095,keploy,[bug]: keploy in windows is not working,closed,2025-10-06T11:31:07Z,2025-10-14T06:39:13Z,officialasishkumar,https://github.com/keploy/keploy/issues/3095
3092,keploy,[feature]: Risk-Aware Normalization,closed,2025-10-03T10:53:58Z,2025-10-13T14:27:33Z,anjupathak03,https://github.com/keploy/keploy/issues/3092
3090,keploy,[bug]: failed to parse the template,closed,2025-10-03T10:26:05Z,2025-10-07T06:20:34Z,officialasishkumar,https://github.com/keploy/keploy/issues/3090
3088,keploy,[Blog Website] Footer icons are not centered on small screens,closed,2025-10-03T06:24:26Z,2025-10-22T09:00:21Z,shrutika-gawande,https://github.com/keploy/keploy/issues/3088
3087,keploy,[feature]: Failure Categorization in Test Mode,closed,2025-10-03T05:41:17Z,2025-10-13T14:27:36Z,anjupathak03,https://github.com/keploy/keploy/issues/3087
3086,keploy,Add move-up icon to glossary page in docs website,closed,2025-10-01T13:13:30Z,2025-10-06T06:17:49Z,Achanandhi-M,https://github.com/keploy/keploy/issues/3086
3085,keploy,[blog-website] Update Footer to Match Keploy Main Website,closed,2025-10-01T12:01:44Z,2025-12-29T21:55:20Z,amaan-bhati,https://github.com/keploy/keploy/issues/3085
3073,keploy,[feature]: Ignore workflow run for private parsers on forked PRs,closed,2025-10-01T00:12:07Z,2025-10-15T06:13:27Z,officialasishkumar,https://github.com/keploy/keploy/issues/3073
3063,keploy,feat: add support for comparing schema only in response body.,closed,2025-09-29T15:46:09Z,2025-10-01T12:37:41Z,gouravkrosx,https://github.com/keploy/keploy/issues/3063
3062,keploy,[docs]: Navigation Bar Search Box Vertical Misalignment,closed,2025-09-29T15:33:46Z,2025-10-02T01:08:33Z,Srinu346,https://github.com/keploy/keploy/issues/3062
3055,keploy,Update Node.js version in Docs website GitHub Actions pipeline,closed,2025-09-25T17:36:24Z,2025-09-29T15:17:41Z,Achanandhi-M,https://github.com/keploy/keploy/issues/3055
3054,keploy,Update GitHub CLA Action in Writer’s Program CI/CD pipeline,closed,2025-09-25T17:11:30Z,2025-12-29T08:46:11Z,Achanandhi-M,https://github.com/keploy/keploy/issues/3054
3052,keploy,perf: Implements caching for k8s clusters and prevent Pull Limit Reached,closed,2025-09-25T13:23:47Z,2025-09-25T13:23:55Z,khareyash05,https://github.com/keploy/keploy/issues/3052
3050,keploy,[bug]: Docker container stop and kill for non golang apps,closed,2025-09-25T11:08:58Z,2025-10-08T10:47:08Z,kapishupadhyay22,https://github.com/keploy/keploy/issues/3050
3044,keploy,bug: mock filtering logic for grpc tests.,closed,2025-09-24T19:21:55Z,2025-09-25T07:01:17Z,gouravkrosx,https://github.com/keploy/keploy/issues/3044
3038,keploy,Update copyright year in Writer’s Program website footer,closed,2025-09-23T13:58:32Z,2025-10-06T07:42:22Z,Achanandhi-M,https://github.com/keploy/keploy/issues/3038
3037,keploy,Update outdated social icons across Writer’s Program website,closed,2025-09-23T13:55:13Z,2025-10-06T07:42:31Z,Achanandhi-M,https://github.com/keploy/keploy/issues/3037
3031,keploy,[bug]: invalid datetime in mysql mocks,closed,2025-09-23T06:04:48Z,2025-09-24T06:19:41Z,AkashKumar7902,https://github.com/keploy/keploy/issues/3031
3024,keploy,[docs]: Inconsistency in Communtiy Form,closed,2025-09-22T09:37:16Z,2025-11-03T16:48:21Z,Srinu346,https://github.com/keploy/keploy/issues/3024
3023,keploy,"[docs]: Improve text visibility on dark background for ""Keploy Quickstarts"" page",closed,2025-09-22T08:29:30Z,2025-09-22T08:32:24Z,pratik-mahalle,https://github.com/keploy/keploy/issues/3023
3022,keploy,[docs]: Inconsistent styling in code blocks for ``brew install`` command,closed,2025-09-22T08:17:39Z,2025-11-17T07:32:30Z,pratik-mahalle,https://github.com/keploy/keploy/issues/3022
3010,keploy,"[docs]: Redundant ""keploy"" in testing guide",closed,2025-09-18T08:50:45Z,2025-10-07T09:39:05Z,pratik-mahalle,https://github.com/keploy/keploy/issues/3010
3009,keploy,"[docs]: Redundant ""Go"" in Debugger Guide",closed,2025-09-18T08:22:03Z,2025-09-23T13:12:19Z,pratik-mahalle,https://github.com/keploy/keploy/issues/3009
3007,keploy,[bug]: Failed in test mode for docker appliaction in ci pipeline.,closed,2025-09-18T06:07:55Z,2025-09-19T06:13:54Z,kapishupadhyay22,https://github.com/keploy/keploy/issues/3007
3004,keploy,[fix]: Improve visibility of move-up icon in docs website,closed,2025-09-17T08:40:15Z,2025-09-18T02:43:13Z,Achanandhi-M,https://github.com/keploy/keploy/issues/3004
3001,keploy,[fix]:  Improve Quickstart recommendation layout for better mobile experience (docs website),closed,2025-09-16T12:41:53Z,2026-01-22T04:35:06Z,Achanandhi-M,https://github.com/keploy/keploy/issues/3001
2999,keploy,[fix]: Update hero image in blog website for better look,closed,2025-09-16T11:50:24Z,2026-01-22T15:54:08Z,Achanandhi-M,https://github.com/keploy/keploy/issues/2999
2994,keploy,[fix]:  footer alignment for ‘Questions?’ section in docs website,closed,2025-09-15T12:17:37Z,2025-09-18T10:57:38Z,Achanandhi-M,https://github.com/keploy/keploy/issues/2994
2990,keploy,feat: add support for supporting json compare of grpc Responses,closed,2025-09-15T06:13:31Z,2025-09-16T06:15:04Z,gouravkrosx,https://github.com/keploy/keploy/issues/2990
2987,keploy,[fix]:  styling of AI suggested sample apps in mobile navigation screen (docs website),closed,2025-09-12T17:50:49Z,2025-11-05T08:20:22Z,Achanandhi-M,https://github.com/keploy/keploy/issues/2987
2986,keploy,[fix]:  Improve dark mode styling for Keploy Installation component in the docs website,closed,2025-09-12T17:39:43Z,2025-11-05T08:21:54Z,Achanandhi-M,https://github.com/keploy/keploy/issues/2986
2985,keploy,[fix]:  padding issue in Keploy Installation component in the docs website,closed,2025-09-12T17:36:01Z,2025-11-05T08:22:06Z,Achanandhi-M,https://github.com/keploy/keploy/issues/2985
2984,keploy,[fix]:  Improve dark mode styling for Quickstarts recommendation page (docs website),closed,2025-09-12T17:29:47Z,2025-10-07T09:38:05Z,Achanandhi-M,https://github.com/keploy/keploy/issues/2984
2983,keploy,[fix]: padding/alignment issue in Quickstarts recommendation page (docs website),closed,2025-09-12T17:24:43Z,2025-10-07T09:38:34Z,Achanandhi-M,https://github.com/keploy/keploy/issues/2983
2982,keploy,[fix]:  VSCode icon redirect on blog website,closed,2025-09-12T13:04:34Z,2025-09-15T12:05:53Z,Achanandhi-M,https://github.com/keploy/keploy/issues/2982
2978,keploy,[feature]: Add more robust pipeline,closed,2025-09-11T19:38:52Z,2026-01-22T13:20:25Z,officialasishkumar,https://github.com/keploy/keploy/issues/2978
2972,keploy,[bug]: User profile photos not showing in ‘What Our Community Thinks’ section on blog website,closed,2025-09-10T13:15:28Z,2025-10-06T06:28:45Z,Achanandhi-M,https://github.com/keploy/keploy/issues/2972
2969,keploy,[feature]: Add docs for new keploy command,closed,2025-09-10T08:49:27Z,2025-12-17T08:21:56Z,officialasishkumar,https://github.com/keploy/keploy/issues/2969
2968,keploy,[feature]: Add robust pipeline for secret sanitization,closed,2025-09-10T06:01:31Z,2025-09-10T07:15:46Z,officialasishkumar,https://github.com/keploy/keploy/issues/2968
2966,keploy,[bug]:  Github star count not updating on blog website,closed,2025-09-09T16:03:46Z,2025-10-06T06:40:27Z,Achanandhi-M,https://github.com/keploy/keploy/issues/2966
2965,keploy,[bug]: Reviewer blog post not being retrieved in the blog website,closed,2025-09-09T15:51:58Z,2026-01-27T09:35:51Z,Achanandhi-M,https://github.com/keploy/keploy/issues/2965
2963,keploy,[feature]: Re-record command should update mocks of existing test-sets,closed,2025-09-09T12:46:06Z,2025-09-16T08:35:22Z,kapishupadhyay22,https://github.com/keploy/keploy/issues/2963
2957,keploy,[bug]: VS Code Marketplace download count not updating on blog website,closed,2025-09-08T12:35:05Z,2025-10-06T06:29:23Z,Achanandhi-M,https://github.com/keploy/keploy/issues/2957
2956,keploy,fix: gRPC incoming issues with stream management.,closed,2025-09-06T18:05:48Z,2025-09-07T08:24:34Z,gouravkrosx,https://github.com/keploy/keploy/issues/2956
2946,keploy,fix: incoming gRPC test issues related to simulation and comparison,closed,2025-09-04T11:02:30Z,2025-09-05T06:05:32Z,gouravkrosx,https://github.com/keploy/keploy/issues/2946
2943,keploy,Add Space Between Search Bar and Dark Mode Icon in Documentation website Header,closed,2025-09-03T08:50:38Z,2025-09-08T11:50:12Z,Achanandhi-M,https://github.com/keploy/keploy/issues/2943
2942,keploy,Remove Chat Message Icon from Documentation Website,closed,2025-09-03T08:40:03Z,2025-09-15T12:04:08Z,Achanandhi-M,https://github.com/keploy/keploy/issues/2942
2941,keploy,Add Instagram Link to Documentation Website Footer,closed,2025-09-03T08:34:44Z,2025-09-08T12:01:43Z,Achanandhi-M,https://github.com/keploy/keploy/issues/2941
2940,keploy,Update Blog Website Footer to Include Social Media Links,closed,2025-09-03T08:21:06Z,2025-09-11T08:47:33Z,Achanandhi-M,https://github.com/keploy/keploy/issues/2940
2939,keploy,Update the Text on the Blog website Homepage to Display Recent Blogs Instead of Top Blogs,closed,2025-09-03T07:47:31Z,2025-09-09T15:56:32Z,Achanandhi-M,https://github.com/keploy/keploy/issues/2939
2937,keploy,[docs]: Add French translation of README-UnitGen.md,closed,2025-09-02T10:55:50Z,2026-01-05T05:39:02Z,LoicTrigault,https://github.com/keploy/keploy/issues/2937
2936,keploy,[bug]: Report cmd too slow for 200 test cases,closed,2025-09-02T06:15:09Z,2025-09-29T06:20:50Z,officialasishkumar,https://github.com/keploy/keploy/issues/2936
2933,keploy,feat: add flag to replace grpc port for grpc tests.,closed,2025-09-01T10:25:33Z,2025-09-01T12:32:06Z,gouravkrosx,https://github.com/keploy/keploy/issues/2933
2931,keploy,[feature]: Enable linter for every pull request in documentation,closed,2025-08-29T13:09:38Z,2025-09-01T08:24:55Z,officialasishkumar,https://github.com/keploy/keploy/issues/2931
2930,keploy,[feature]: Add new flags in report command,closed,2025-08-29T13:07:28Z,2025-10-06T07:16:17Z,officialasishkumar,https://github.com/keploy/keploy/issues/2930
2928,keploy,[feature]: Automatic Secret Sanitization,closed,2025-08-29T06:29:05Z,2025-09-10T08:08:13Z,officialasishkumar,https://github.com/keploy/keploy/issues/2928
2925,keploy,Add Keploy API Testing to Documentation Quick Links,closed,2025-08-27T12:02:05Z,2025-09-02T11:19:02Z,Achanandhi-M,https://github.com/keploy/keploy/issues/2925
2920,keploy,[bug]: Fix the Race Condition in Java - Linux pipeline,closed,2025-08-27T06:47:42Z,2025-09-04T06:46:37Z,prabaltripathiofficial,https://github.com/keploy/keploy/issues/2920
2919,keploy,[feature]: Only show the changed diffs in report command,closed,2025-08-27T06:26:31Z,2025-08-28T11:43:07Z,officialasishkumar,https://github.com/keploy/keploy/issues/2919
2918,keploy,fix: multiple test-sets not executing properly due to dependency of unloading of hooks,closed,2025-08-26T14:47:07Z,2025-08-26T14:51:47Z,gouravkrosx,https://github.com/keploy/keploy/issues/2918
2910,keploy,Add Slack Icon next to GitHub Icon in the Documentation Navbar,closed,2025-08-26T04:29:12Z,2025-09-03T07:50:04Z,Achanandhi-M,https://github.com/keploy/keploy/issues/2910
2899,keploy,[bug]: Test execution stops after ~950 test cases,closed,2025-08-20T13:21:34Z,2025-08-29T12:13:21Z,charankamarapu,https://github.com/keploy/keploy/issues/2899
2889,keploy,[feature]: preserve the testset original state before replay run with --must-pass,closed,2025-08-19T06:37:44Z,2025-09-09T06:11:32Z,AkashKumar7902,https://github.com/keploy/keploy/issues/2889
2886,keploy,[docs]: Add French translation of README.md,closed,2025-08-17T09:21:42Z,2026-01-05T07:41:19Z,LoicTrigault,https://github.com/keploy/keploy/issues/2886
2873,keploy,[feature]: Add support for CLIENT_QUERY_ATTRIBUTES in MySQL COM_QUERY packets,closed,2025-08-08T13:36:14Z,2025-08-08T16:18:44Z,officialasishkumar,https://github.com/keploy/keploy/issues/2873
2870,keploy,[feature]: Report command to show diff of failed tests,closed,2025-08-08T05:47:47Z,2025-08-20T17:01:20Z,ayush3160,https://github.com/keploy/keploy/issues/2870
2854,keploy,[bug]: Brotli compressed content in not getting decoded,closed,2025-07-30T05:06:40Z,2025-08-01T06:54:41Z,ayush3160,https://github.com/keploy/keploy/issues/2854
2847,keploy,[bug]: optimise MySQL testMode,closed,2025-07-21T11:45:48Z,2025-07-29T07:52:59Z,officialasishkumar,https://github.com/keploy/keploy/issues/2847
2844,keploy,feat: Support substring matching for noise keys,closed,2025-07-21T07:28:57Z,2025-07-21T07:40:15Z,gouravkrosx,https://github.com/keploy/keploy/issues/2844
2842,keploy,Add regex support for keys in noise map to improve denoise UX,closed,2025-07-18T06:54:59Z,2025-07-21T07:01:59Z,gouravkrosx,https://github.com/keploy/keploy/issues/2842
2834,keploy,vulnerability in  keploy project,closed,2025-07-11T09:52:32Z,2026-01-05T07:38:08Z,ankitdn,https://github.com/keploy/keploy/issues/2834
2831,keploy,feat: add support for collecting python coverage of child processes,closed,2025-07-08T12:08:19Z,2025-07-09T09:47:15Z,gouravkrosx,https://github.com/keploy/keploy/issues/2831
2829,keploy,[feature]: add support to use user's gemini key for generating test cases (instead of using keploy api key),closed,2025-07-07T10:04:26Z,2025-07-07T10:11:46Z,khirasariyak,https://github.com/keploy/keploy/issues/2829
2822,keploy,feat: Add Support for Secret Management via secret.yaml Configuration,closed,2025-06-29T12:28:20Z,2025-07-02T14:53:05Z,gouravkrosx,https://github.com/keploy/keploy/issues/2822
2817,keploy,[feature]: add a new field called metadata in config file,closed,2025-06-26T13:13:40Z,2025-07-01T11:10:24Z,officialasishkumar,https://github.com/keploy/keploy/issues/2817
2816,keploy,Bug: Noise filtering fails for arrays of JSON objects,closed,2025-06-26T12:24:53Z,2025-06-26T13:13:27Z,gouravkrosx,https://github.com/keploy/keploy/issues/2816
2814,keploy,bug: no test report generated on simulateTest failure,closed,2025-06-25T13:37:07Z,2025-07-02T06:51:53Z,gouravkrosx,https://github.com/keploy/keploy/issues/2814
2810,keploy,[docs]: miscellaneous docs website change in v3.0,closed,2025-06-21T16:08:21Z,2025-09-03T08:59:35Z,nehagup,https://github.com/keploy/keploy/issues/2810
2809,keploy,[feature]: Excessive spacing between Top bar and hero section content on landing page,closed,2025-06-21T08:41:45Z,2025-06-21T12:15:44Z,0xayushjain,https://github.com/keploy/keploy/issues/2809
2805,keploy,bug: MySQL parser incorrectly handles `caching_sha2_password` over SSL by expecting password exchange,closed,2025-06-20T06:42:01Z,2025-06-20T14:21:28Z,gouravkrosx,https://github.com/keploy/keploy/issues/2805
2798,keploy,[feature]: Add Flask + SQLite Sample App with Keploy Integration,closed,2025-06-19T05:00:31Z,2025-06-19T05:22:40Z,eatulrajput,https://github.com/keploy/keploy/issues/2798
2790,keploy,[docs]: Fix formatting and improve clarity in README.md and local setup instructions,closed,2025-06-18T17:41:00Z,2026-01-05T07:47:33Z,SumiranGupta,https://github.com/keploy/keploy/issues/2790
2786,keploy,[bug]:  keploy config --generate gets stuck on invalid input,closed,2025-06-18T15:44:40Z,2025-06-19T11:50:32Z,Shafaque08,https://github.com/keploy/keploy/issues/2786
2785,keploy,[docs]:  Improve Sidebar Design for Better Usability and Visual Consistency in Keploy Docs,closed,2025-06-18T15:37:53Z,2025-10-06T06:25:23Z,Achanandhi-M,https://github.com/keploy/keploy/issues/2785
2784,keploy,[docs]: Link not mentioned in Docs Dev Guide,closed,2025-06-18T14:35:26Z,2025-10-18T15:09:56Z,iriteshmishra,https://github.com/keploy/keploy/issues/2784
2782,keploy,[docs]: missing article and hyphenation in README intro,closed,2025-06-18T14:25:54Z,2025-06-19T03:20:30Z,gunjanjaiswal,https://github.com/keploy/keploy/issues/2782
2780,keploy,[bug]: failed testcases column empty when testcases are not simulating,closed,2025-06-18T13:17:19Z,2025-07-02T06:58:52Z,AkashKumar7902,https://github.com/keploy/keploy/issues/2780
2773,keploy,[docs]: unclear steps in Dev Docs Guide,closed,2025-06-17T19:49:41Z,2025-09-02T10:57:37Z,CBID2,https://github.com/keploy/keploy/issues/2773
2771,keploy,[docs]: Redesign Glossary Page with Card-Based UI,closed,2025-06-17T11:11:40Z,2025-06-18T15:02:50Z,amaan-bhati,https://github.com/keploy/keploy/issues/2771
2770,keploy,[docs]: Add More Glossary Terms to Testing Glossary Page,closed,2025-06-17T11:08:11Z,2026-01-05T07:46:22Z,amaan-bhati,https://github.com/keploy/keploy/issues/2770
2768,keploy,"Hey, thanks for your contribution!",closed,2025-06-17T07:17:48Z,2025-06-17T08:24:39Z,arnavk23,https://github.com/keploy/keploy/issues/2768
2766,keploy,bug: `keploy config --generate` gets stuck on invalid input when keploy.yml exists,closed,2025-06-16T13:14:55Z,2025-06-19T11:46:24Z,gouravkrosx,https://github.com/keploy/keploy/issues/2766
2765,keploy,[feature]:  Implemented complete cgroup v2 compatibility checking,closed,2025-06-15T11:13:10Z,2025-06-17T00:28:03Z,Navneet-nt,https://github.com/keploy/keploy/issues/2765
2757,keploy,[feature]: Pricing Text Overflows Card Layout in Pricing Section,closed,2025-06-06T17:22:14Z,2025-06-10T12:19:13Z,hritika2409,https://github.com/keploy/keploy/issues/2757
2756,keploy,[feature]: TO ADD SOME HOVER EFFECT ON THE CARD,closed,2025-06-06T17:16:10Z,2026-01-05T07:47:54Z,hritika2409,https://github.com/keploy/keploy/issues/2756
2751,keploy,feat: add support for downloading and uploading mock from cloud.,closed,2025-06-03T20:52:04Z,2025-06-04T16:50:37Z,gouravkrosx,https://github.com/keploy/keploy/issues/2751
2748,keploy,fix wrong testrun summaries and add a column to list the failed testcases name,closed,2025-06-03T13:53:26Z,2025-06-19T11:51:14Z,AkashKumar7902,https://github.com/keploy/keploy/issues/2748
2746,keploy,[feature]: Avoid AI Calls for Indentation and Line Number Detection — Use Parsers Instead,closed,2025-06-02T18:59:24Z,2026-01-05T07:42:21Z,ayush3160,https://github.com/keploy/keploy/issues/2746
2745,keploy,[feature]: Avoid Requesting Source Code Refactor on Every AI Call,closed,2025-06-02T18:48:37Z,2026-01-05T07:51:15Z,ayush3160,https://github.com/keploy/keploy/issues/2745
2744,keploy,[feature]: Enhance `keploy gen` to Auto-Create Test File for UTG,closed,2025-06-02T18:36:34Z,2026-01-05T07:51:27Z,ayush3160,https://github.com/keploy/keploy/issues/2744
2742,keploy,[feature]: Record filter support for url + method matching,closed,2025-06-02T07:38:12Z,2025-07-03T08:48:56Z,harshitashankar,https://github.com/keploy/keploy/issues/2742
2741,keploy,bug: large mock file upload fails,closed,2025-05-30T06:49:27Z,2025-06-02T10:57:16Z,gouravkrosx,https://github.com/keploy/keploy/issues/2741
2727,keploy,fix: panic in case of empty or invalid test file,closed,2025-05-21T11:33:07Z,2025-05-21T12:22:33Z,gouravkrosx,https://github.com/keploy/keploy/issues/2727
2723,keploy,fix: keploy hangs when application container is already in use and doesn't exit on Ctrl+C,closed,2025-05-16T15:36:03Z,2025-05-19T08:18:47Z,gouravkrosx,https://github.com/keploy/keploy/issues/2723
2720,keploy,[bug]: API Test Generation Continues with Invalid Input Without Validation Feedback,closed,2025-05-10T05:42:00Z,2025-09-03T06:34:40Z,raja2576,https://github.com/keploy/keploy/issues/2720
2717,keploy,[feature]: add a flag,closed,2025-05-07T10:00:36Z,2025-05-13T08:05:31Z,Ashishkr2102,https://github.com/keploy/keploy/issues/2717
2715,keploy,[feature]: compare the results of the pipeline run with previous latest release build and current build,closed,2025-05-07T06:40:18Z,2025-05-14T08:52:33Z,AkashKumar7902,https://github.com/keploy/keploy/issues/2715
2714,keploy,"[feature]: add new endpoints in http-pokeapi with response in xml, http, and plain",closed,2025-05-07T06:39:07Z,2025-05-07T11:09:25Z,AkashKumar7902,https://github.com/keploy/keploy/issues/2714
2712,keploy,"[Bug]: handle support for match of xml, html, and plain text",closed,2025-05-07T06:12:00Z,2025-05-07T11:19:46Z,AkashKumar7902,https://github.com/keploy/keploy/issues/2712
2709,keploy,chore: change the implementation of xml support in http response.,closed,2025-05-06T09:49:02Z,2025-05-13T08:05:44Z,gouravkrosx,https://github.com/keploy/keploy/issues/2709
2707,keploy,[feature]: add a flag to remove failing testcases in replay subcommand,closed,2025-05-05T06:34:21Z,2025-05-09T13:35:04Z,AkashKumar7902,https://github.com/keploy/keploy/issues/2707
2706,keploy,[bug]: wrong mock matching by postgres parser,closed,2025-05-02T15:38:21Z,2026-01-22T15:59:35Z,AkashKumar7902,https://github.com/keploy/keploy/issues/2706
2704,keploy,fix: gRPC frame splitting causes data loss in recorded mocks,closed,2025-05-01T13:50:41Z,2025-05-02T07:05:13Z,gouravkrosx,https://github.com/keploy/keploy/issues/2704
2703,keploy,[docs]: update limactl installation steps,closed,2025-05-01T06:14:39Z,2025-05-22T06:51:08Z,chirag-ghosh,https://github.com/keploy/keploy/issues/2703
2701,keploy,[bug]: keploy unable to update mock with higher sort order,closed,2025-04-30T06:24:45Z,2025-05-05T08:47:47Z,AkashKumar7902,https://github.com/keploy/keploy/issues/2701
2699,keploy,[bug]: panic during certain comparisons with templatization,closed,2025-04-29T06:31:39Z,2025-04-29T16:34:46Z,slayerjain,https://github.com/keploy/keploy/issues/2699
2694,keploy,[bug]: too many bugs,closed,2025-04-25T02:41:40Z,2025-05-15T13:41:40Z,ado611,https://github.com/keploy/keploy/issues/2694
2692,keploy,[feature]: Custom Assertions for replay mode,closed,2025-04-23T16:32:37Z,2025-04-25T10:05:10Z,khareyash05,https://github.com/keploy/keploy/issues/2692
2688,keploy,[feature]: Replace Google Form with an Integrated In-Website Job Application & Admin Management System,closed,2025-04-23T04:28:36Z,2025-06-10T15:05:20Z,Swapnendu003,https://github.com/keploy/keploy/issues/2688
2683,keploy,[bug]:  enable >750KB read/write/writev system call for http/grpc record,closed,2025-04-21T06:46:45Z,2025-10-01T09:43:00Z,slayerjain,https://github.com/keploy/keploy/issues/2683
2682,keploy,feat: enable reading all http headers before processing to extend http parser.,closed,2025-04-21T06:28:40Z,2025-04-23T08:27:13Z,gouravkrosx,https://github.com/keploy/keploy/issues/2682
2679,keploy,[bug]: Wrong mock matching leads to failed testcase,closed,2025-04-18T06:34:03Z,2025-05-05T08:47:31Z,AkashKumar7902,https://github.com/keploy/keploy/issues/2679
2676,keploy,[bug]: fix(util): properly parse multi-value HTTP headers like Set-Cookie,closed,2025-04-17T12:48:30Z,2025-04-19T20:23:43Z,thekrauss,https://github.com/keploy/keploy/issues/2676
2675,keploy,chore: update versions in workflows and update golangci-lint,closed,2025-04-17T12:30:34Z,2025-05-21T09:07:01Z,gouravkrosx,https://github.com/keploy/keploy/issues/2675
2671,keploy,chore: update pr and bug template,closed,2025-04-17T09:19:19Z,2025-04-17T09:23:24Z,gouravkrosx,https://github.com/keploy/keploy/issues/2671
2668,keploy,[bug]: Fix error handling in proxy connection code,closed,2025-04-15T17:41:47Z,2025-04-16T11:27:09Z,Per0x1de-1337,https://github.com/keploy/keploy/issues/2668
2662,keploy,[bug]: certificate invalid during tls handshake if testcase req time is not the actual current time,closed,2025-04-14T11:17:04Z,2025-04-14T12:48:10Z,AkashKumar7902,https://github.com/keploy/keploy/issues/2662
2659,keploy,bug: fix issues in grpc parser,closed,2025-04-14T10:51:11Z,2025-04-14T11:43:00Z,gouravkrosx,https://github.com/keploy/keploy/issues/2659
2656,keploy,fix: record timer flag not working with cli,closed,2025-04-14T10:36:08Z,2025-04-14T10:48:51Z,gouravkrosx,https://github.com/keploy/keploy/issues/2656
2643,keploy,[feature]:  No Unit Test Coverage in Codebase,closed,2025-04-08T17:27:14Z,2026-01-05T07:52:12Z,robaa12,https://github.com/keploy/keploy/issues/2643
2641,keploy,[bug]: keploy logo seems to be broken on homepage,closed,2025-04-08T04:14:56Z,2026-01-05T07:53:01Z,shivamsouravjha,https://github.com/keploy/keploy/issues/2641
2638,keploy,chore: make redis as generic parser,closed,2025-04-04T08:01:52Z,2025-04-04T09:05:32Z,gouravkrosx,https://github.com/keploy/keploy/issues/2638
2627,keploy,[docs]: Issue in Flask + MongoDB Sample Task Docs – Commands Not Working,closed,2025-03-26T13:49:26Z,2025-10-06T06:42:14Z,Achanandhi-M,https://github.com/keploy/keploy/issues/2627
2626,keploy,[bug]: Missing Logos on Keploy Website,closed,2025-03-26T13:26:31Z,2026-01-05T07:56:16Z,rajeevrj256,https://github.com/keploy/keploy/issues/2626
2624,keploy,[bug]: Handle null and empty fields in diff and address diff viewer,closed,2025-03-26T09:44:48Z,2025-03-26T09:45:14Z,khareyash05,https://github.com/keploy/keploy/issues/2624
2621,keploy,[docs]: invalid reference in `Running the setup in CI` section,closed,2025-03-26T06:17:58Z,2025-04-27T06:21:50Z,konippi,https://github.com/keploy/keploy/issues/2621
2617,keploy,fix: avoid capturing outgoing calls as incoming requests in kernel space tracing,closed,2025-03-25T07:49:14Z,2025-03-25T07:50:31Z,gouravkrosx,https://github.com/keploy/keploy/issues/2617
2605,keploy,chore: Refactor HTTP parser,closed,2025-03-21T12:04:24Z,2025-04-24T13:01:13Z,kapishupadhyay22,https://github.com/keploy/keploy/issues/2605
2600,keploy,[feature]: Migrate Current Script to a Full-Fledged Next.js Application in the stargazers repo,closed,2025-03-19T13:49:25Z,2025-04-02T10:29:19Z,amaan-bhati,https://github.com/keploy/keploy/issues/2600
2596,keploy,fix: race condition in tls connection,closed,2025-03-18T15:42:43Z,2025-03-18T16:25:32Z,gouravkrosx,https://github.com/keploy/keploy/issues/2596
2579,keploy,[bug]: Test case capture if basepath doesn't matches requestURL path,closed,2025-03-12T05:20:35Z,2025-03-12T07:53:38Z,kapishupadhyay22,https://github.com/keploy/keploy/issues/2579
2576,keploy,[bug]: Mongo connection failure in test mode,closed,2025-03-11T16:48:46Z,2025-03-11T17:41:29Z,charankamarapu,https://github.com/keploy/keploy/issues/2576
2574,keploy,[bug]: twitter,closed,2025-03-11T09:32:42Z,2025-06-17T08:45:11Z,Aditya90456,https://github.com/keploy/keploy/issues/2574
2562,keploy,[bug]: Keploy `record` Command Fails in WSL with Memory Cgroup Accounting Error,closed,2025-03-05T13:22:27Z,2025-03-18T17:35:23Z,amaan-bhati,https://github.com/keploy/keploy/issues/2562
2560,keploy,[bug]: Mongo Matching Score calculation Logic is flawed,closed,2025-03-04T08:30:44Z,2025-03-04T08:40:41Z,charankamarapu,https://github.com/keploy/keploy/issues/2560
2554,keploy,[feature]: Proposal: AI Chatbot for Keploy Documentation & Support,closed,2025-02-28T10:47:04Z,2025-03-05T13:24:28Z,vedhcet-07,https://github.com/keploy/keploy/issues/2554
2544,keploy,[bug]: semver in github workflow broken,closed,2025-02-12T16:06:10Z,2025-02-17T05:14:41Z,catosaurusrex2003,https://github.com/keploy/keploy/issues/2544
2542,keploy,"[bug]: Keploy Unit Test Generator - ""/ai/coverage/update"": unsupported protocol scheme",closed,2025-02-12T07:46:55Z,2025-02-12T12:20:36Z,minhld-symper,https://github.com/keploy/keploy/issues/2542
2539,keploy,"[bug]: Error while creating unit tests for golang,Atreugo framework",closed,2025-02-11T11:27:35Z,2025-02-12T13:08:00Z,shammirbaig,https://github.com/keploy/keploy/issues/2539
2525,keploy,[feature]: Improve templatise feature,closed,2025-02-05T07:03:30Z,2025-02-10T09:04:23Z,charankamarapu,https://github.com/keploy/keploy/issues/2525
2524,keploy,[refactor]: JSON Diff viewer re-alignment to top,closed,2025-02-05T05:39:38Z,2025-03-10T06:25:32Z,Sonichigo,https://github.com/keploy/keploy/issues/2524
2522,keploy,[bug]: Documentation update issue template is invalid,closed,2025-02-03T06:01:29Z,2025-02-17T06:26:09Z,chirag-ghosh,https://github.com/keploy/keploy/issues/2522
2517,keploy,Error while running Keploy on Linux Kernel 6.10.14,closed,2025-01-24T06:05:05Z,2025-01-26T17:17:08Z,mridul14,https://github.com/keploy/keploy/issues/2517
2516,keploy,[bug]: Fix go-linter issues on samples-go repo,closed,2025-01-22T19:05:38Z,2025-01-26T13:50:39Z,khareyash05,https://github.com/keploy/keploy/issues/2516
2514,keploy,[refactor]: samples-go to fix linter errors,closed,2025-01-22T08:37:29Z,2025-01-26T17:12:56Z,NishantBansal2003,https://github.com/keploy/keploy/issues/2514
2511,keploy,[feature]: linter pipeline for go-grpc,closed,2025-01-17T09:44:49Z,2025-01-30T10:40:58Z,khareyash05,https://github.com/keploy/keploy/issues/2511
2507,keploy,[Bug]: Github stars on blog website are not rounded off,closed,2025-01-12T14:45:07Z,2025-01-16T06:12:18Z,jangirvipin,https://github.com/keploy/keploy/issues/2507
2500,keploy,[bug]: text flow check with consistent font and styles,closed,2025-01-07T12:56:55Z,2025-01-09T05:29:34Z,khareyash05,https://github.com/keploy/keploy/issues/2500
2498,keploy,[feature]: Hero Section Updates,closed,2025-01-07T09:55:52Z,2025-01-09T05:28:40Z,khareyash05,https://github.com/keploy/keploy/issues/2498
2495,keploy,[bug]: TextSections Overlap with Header in Features Component,closed,2025-01-06T21:53:15Z,2025-01-16T06:09:14Z,Vibgitcode27,https://github.com/keploy/keploy/issues/2495
2493,keploy,[feature]: React Marquee Integration for clients,closed,2025-01-06T10:14:42Z,2025-01-09T05:29:25Z,khareyash05,https://github.com/keploy/keploy/issues/2493
2492,keploy,[feature]: Fix Up Products and Features Section,closed,2025-01-03T11:15:00Z,2025-01-09T05:29:42Z,khareyash05,https://github.com/keploy/keploy/issues/2492
2491,keploy,[feature]: Refactor Twitter and CTA Sections,closed,2025-01-03T11:02:29Z,2025-01-09T05:29:50Z,khareyash05,https://github.com/keploy/keploy/issues/2491
2490,keploy,[bug]: not able to see github stars on the website in mobile view,closed,2025-01-03T08:47:57Z,2025-01-09T05:30:01Z,khareyash05,https://github.com/keploy/keploy/issues/2490
2488,keploy,[feature]: Custom ShadCN Navbar and Footer,closed,2025-01-03T06:04:04Z,2025-01-08T02:38:51Z,manasmanohar,https://github.com/keploy/keploy/issues/2488
2487,keploy,[feature]: integrate shadcn ui library to landing template,closed,2025-01-03T05:44:36Z,2025-01-16T06:01:39Z,manasmanohar,https://github.com/keploy/keploy/issues/2487
2486,keploy,"[feature]: Fix Styling for Integrations, Community and Testimonial Sections",closed,2025-01-02T07:32:46Z,2025-01-09T05:26:55Z,khareyash05,https://github.com/keploy/keploy/issues/2486
2485,keploy,Research: Shadcn integration in the website,closed,2025-01-02T06:51:12Z,2025-01-02T06:51:41Z,khareyash05,https://github.com/keploy/keploy/issues/2485
2484,keploy,feat: revamp landing page to improve design and messaging,closed,2025-01-02T06:41:40Z,2025-01-16T06:02:22Z,slayerjain,https://github.com/keploy/keploy/issues/2484
2477,keploy,[bug]: Docker compose app getting stuck,closed,2024-12-24T08:05:47Z,2024-12-24T11:50:39Z,charankamarapu,https://github.com/keploy/keploy/issues/2477
2464,keploy,[feature]: optimize blog website graphql queries,closed,2024-12-10T12:24:14Z,2025-04-18T08:29:31Z,khareyash05,https://github.com/keploy/keploy/issues/2464
2460,keploy,[bug]: Incorrect log file reference in golang-docker-compose test script,closed,2024-12-06T09:44:19Z,2024-12-07T10:37:50Z,NishantBansal2003,https://github.com/keploy/keploy/issues/2460
2455,keploy,[bug]: [UTG]: handle duplicate imports,closed,2024-12-03T09:39:00Z,2024-12-04T10:19:42Z,khareyash05,https://github.com/keploy/keploy/issues/2455
2448,keploy,[bug]: installation broken,closed,2024-11-25T14:44:40Z,2024-11-27T07:50:00Z,swaroopar,https://github.com/keploy/keploy/issues/2448
2443,keploy,[bug]: Vendor Check for UTGEN and OneClick FIx for MacOS,closed,2024-11-21T06:45:48Z,2024-11-29T04:46:45Z,khareyash05,https://github.com/keploy/keploy/issues/2443
2440,keploy,[bug]: Playground API Works Locally but Breaks in Production,closed,2024-11-20T10:52:42Z,2024-11-28T10:34:56Z,Hermione2408,https://github.com/keploy/keploy/issues/2440
2438,keploy,[feature]: Add Join Newsletter CTA and Missing Meta Description,closed,2024-11-20T10:32:49Z,2024-12-20T13:05:30Z,Hermione2408,https://github.com/keploy/keploy/issues/2438
2437,keploy,[feature]: Add Tweet Carousel instead of grid,closed,2024-11-20T10:26:11Z,2025-01-22T11:04:30Z,Hermione2408,https://github.com/keploy/keploy/issues/2437
2435,keploy,"[feature]: Optimize ""More Stories"" Section to Show Blogs Based on Tags",closed,2024-11-20T10:15:36Z,2024-12-20T13:03:48Z,Hermione2408,https://github.com/keploy/keploy/issues/2435
2433,keploy,[bug]: Installing new packages with RunCommand,closed,2024-11-19T23:51:17Z,2024-12-16T06:34:54Z,AhmedLotfy02,https://github.com/keploy/keploy/issues/2433
2432,keploy,[feature]: Improve FeedBack Mechanism for UTG,closed,2024-11-19T10:54:09Z,2024-11-20T07:50:14Z,khareyash05,https://github.com/keploy/keploy/issues/2432
2423,keploy,[bug]: UTG: `Error calling AI model`,closed,2024-11-14T10:13:55Z,2025-02-03T07:36:30Z,ggordonhall,https://github.com/keploy/keploy/issues/2423
2419,keploy,[bug]: keploy update didn't worked properly on MacOS,closed,2024-11-13T06:11:38Z,2024-11-14T09:28:57Z,Sonichigo,https://github.com/keploy/keploy/issues/2419
2417,keploy,test: Keploy UTG across application with Refactored source Code and prompt refinements,closed,2024-11-12T17:33:36Z,2024-11-12T17:33:45Z,khareyash05,https://github.com/keploy/keploy/issues/2417
2415,keploy,[bug]: keploy fails to run with colima vm in macos,closed,2024-11-12T11:16:09Z,2024-11-12T11:30:43Z,gouravkrosx,https://github.com/keploy/keploy/issues/2415
2414,keploy,[bug]: problem blocks are presented in a way that they are more looking like a features of keploy,closed,2024-11-11T19:50:38Z,2025-05-21T18:32:10Z,ab7022,https://github.com/keploy/keploy/issues/2414
2412,keploy,[feature]: track purpose type,closed,2024-11-11T12:01:56Z,2024-11-15T14:34:20Z,shivamsouravjha,https://github.com/keploy/keploy/issues/2412
2408,keploy,[feature]: Add dependencies' versions + Language version on the utgen,closed,2024-11-09T14:26:46Z,2025-04-18T08:38:48Z,AhmedLotfy02,https://github.com/keploy/keploy/issues/2408
2405,keploy,[bug]: if else conditions are not handled correctly in prompts,closed,2024-11-08T20:07:03Z,2024-11-09T18:57:21Z,shivamsouravjha,https://github.com/keploy/keploy/issues/2405
2404,keploy,[bug]: two buttons at the top in the navbar are not aligned properly,closed,2024-11-08T17:48:37Z,2024-11-30T11:49:35Z,ab7022,https://github.com/keploy/keploy/issues/2404
2402,keploy,[feature]: Add Dark Mode.,closed,2024-11-07T12:47:54Z,2024-11-07T12:58:36Z,Nabin-09,https://github.com/keploy/keploy/issues/2402
2401,keploy,[bug]: keploy export postman fails to generate collection for some scenarios,closed,2024-11-07T07:31:14Z,2024-12-19T10:04:35Z,ayush3160,https://github.com/keploy/keploy/issues/2401
2398,keploy,[feature]: update utg call,closed,2024-11-06T13:17:38Z,2025-02-18T09:12:10Z,shivamsouravjha,https://github.com/keploy/keploy/issues/2398
2397,keploy,[feature]: Telemetry Integration for VS Code Extension in Keploy,closed,2024-11-05T05:56:20Z,2025-04-18T08:37:11Z,Hermione2408,https://github.com/keploy/keploy/issues/2397
2395,keploy,[feature]: Adding sample project using honojs,closed,2024-11-01T06:08:15Z,2025-01-24T06:20:47Z,Shu12388y,https://github.com/keploy/keploy/issues/2395
2392,keploy,[bug]: latest blog not loading on blog site,closed,2024-10-29T20:30:12Z,2024-12-20T13:08:13Z,shivamsouravjha,https://github.com/keploy/keploy/issues/2392
2387,keploy,[feature]: Better template for Keploy's blog page,closed,2024-10-28T11:02:36Z,2024-12-17T08:58:47Z,TvisharajiK,https://github.com/keploy/keploy/issues/2387
2386,keploy,[feature]: Improve Existing Twitter Reviews,closed,2024-10-28T11:00:23Z,2024-11-04T12:17:49Z,TvisharajiK,https://github.com/keploy/keploy/issues/2386
2385,keploy,[feature]: Case Studies Page,closed,2024-10-28T10:57:48Z,2024-11-27T07:49:10Z,TvisharajiK,https://github.com/keploy/keploy/issues/2385
2383,keploy,[feature]: Add Attractive sticky for VS Code Extension,closed,2024-10-28T10:49:44Z,2024-11-11T09:08:37Z,TvisharajiK,https://github.com/keploy/keploy/issues/2383
2377,keploy,[feature]: Save failed generated unit tests to a temporary file,closed,2024-10-25T11:44:32Z,2024-10-29T09:16:08Z,ayush3160,https://github.com/keploy/keploy/issues/2377
2375,keploy,[feature]: Increasing UTG coverage,closed,2024-10-24T07:40:59Z,2025-04-18T08:29:01Z,AhmedLotfy02,https://github.com/keploy/keploy/issues/2375
2372,keploy,[feature]: add docker-compose pipeline,closed,2024-10-23T16:58:46Z,2024-10-29T11:52:22Z,ayush3160,https://github.com/keploy/keploy/issues/2372
2370,keploy,Research: UTG Improvement,closed,2024-10-23T06:45:55Z,2024-11-27T07:48:00Z,khareyash05,https://github.com/keploy/keploy/issues/2370
2368,keploy,[feature]: improve js import for utg,closed,2024-10-22T11:48:41Z,2024-11-11T12:05:28Z,shivamsouravjha,https://github.com/keploy/keploy/issues/2368
2367,keploy,"[bug]: ""Copy to Clipboard"" button not working on Safari Browser",closed,2024-10-22T09:41:21Z,2024-12-24T03:04:47Z,trivedi-khushi,https://github.com/keploy/keploy/issues/2367
2365,keploy,[feature]: tracking coverage after each run,closed,2024-10-22T07:54:22Z,2024-10-22T07:54:41Z,shivamsouravjha,https://github.com/keploy/keploy/issues/2365
2363,keploy,[docs]: Document Validation: Issues Found and Vale Integration for language Improvements,closed,2024-10-22T06:31:37Z,2024-11-20T09:56:49Z,Hermione2408,https://github.com/keploy/keploy/issues/2363
2358,keploy,feat: add keploy to opensourcepledge,closed,2024-10-21T06:03:37Z,2024-10-25T13:35:12Z,Sonichigo,https://github.com/keploy/keploy/issues/2358
2349,keploy,[feature]: integrate keploy's diff viewer,closed,2024-10-15T09:39:44Z,2024-12-10T07:41:16Z,shivamsouravjha,https://github.com/keploy/keploy/issues/2349
2347,keploy,[feature]: optimise update import function of languages for UTG,closed,2024-10-14T18:01:16Z,2024-10-29T11:12:10Z,shivamsouravjha,https://github.com/keploy/keploy/issues/2347
2342,keploy,Create a Rust and PostgreSQL sample app,closed,2024-10-10T21:29:56Z,2025-01-06T08:49:20Z,Swpn0neel,https://github.com/keploy/keploy/issues/2342
2337,keploy,Create a Sanic-Postgres sample app,closed,2024-10-09T06:59:57Z,2024-11-27T07:46:10Z,Swpn0neel,https://github.com/keploy/keploy/issues/2337
2336,keploy,Create a Flask-PostgreSQL sample app,closed,2024-10-09T06:58:21Z,2024-10-28T06:19:52Z,Swpn0neel,https://github.com/keploy/keploy/issues/2336
2335,keploy,Create a Django-Mongo sample app,closed,2024-10-09T06:56:42Z,2024-10-24T15:19:55Z,Swpn0neel,https://github.com/keploy/keploy/issues/2335
2331,keploy,[feature]: exact path for utg,closed,2024-10-08T13:48:28Z,2024-11-06T08:14:15Z,shivamsouravjha,https://github.com/keploy/keploy/issues/2331
2327,keploy,[bug]: make one click install for mac backward compatible,closed,2024-10-07T08:36:17Z,2024-12-10T10:14:08Z,shivamsouravjha,https://github.com/keploy/keploy/issues/2327
2326,keploy,[feature]: add support of new library installation and import statement in vscode extension,closed,2024-10-07T06:39:07Z,2024-10-07T13:19:15Z,shivamsouravjha,https://github.com/keploy/keploy/issues/2326
2325,keploy,Video,closed,2024-10-06T14:11:40Z,2024-10-09T06:34:38Z,jay777-777,https://github.com/keploy/keploy/issues/2325
2324,keploy,[Bug]: Make copyright year dynamic.,closed,2024-10-06T05:35:06Z,2024-10-07T07:04:32Z,techmannih,https://github.com/keploy/keploy/issues/2324
2322,keploy,"[bug]: “Security Enhancement: Encrypt Tokens Generated in Plain Text” , I’ve noticed that our system generates tokens in plain text, which poses a security risk. To improve security, we should consider encrypting these tokens.",closed,2024-10-04T19:51:05Z,2025-11-14T05:28:40Z,rajputdivyanshu81,https://github.com/keploy/keploy/issues/2322
2321,keploy,[feature]: Build pipeline for website,closed,2024-10-04T05:16:08Z,2024-10-07T07:19:59Z,khareyash05,https://github.com/keploy/keploy/issues/2321
2320,keploy,[feature]: Update Blog GQL Handler and Update Endpoiny,closed,2024-10-04T04:58:03Z,2024-10-08T05:38:59Z,khareyash05,https://github.com/keploy/keploy/issues/2320
2317,keploy,[feature]: CI Pipelines for Go Sample Applications,closed,2024-10-03T07:30:15Z,2024-11-27T07:33:47Z,khareyash05,https://github.com/keploy/keploy/issues/2317
2316,keploy,[bug]: Update Keploy in VSCode Extension Defaults to Bash,closed,2024-10-03T07:14:47Z,2024-10-07T01:08:36Z,ayush3160,https://github.com/keploy/keploy/issues/2316
2313,keploy,[bug]: Reset Button doesnt work,closed,2024-10-01T06:02:08Z,2024-10-01T06:02:42Z,khareyash05,https://github.com/keploy/keploy/issues/2313
2312,keploy,[feature]: Auto detect test location in vscode,closed,2024-09-30T09:01:56Z,2024-11-27T07:33:09Z,shivamsouravjha,https://github.com/keploy/keploy/issues/2312
2311,keploy,[feature]: Summary of Test generate session,closed,2024-09-30T09:00:56Z,2024-10-01T11:36:25Z,shivamsouravjha,https://github.com/keploy/keploy/issues/2311
2310,keploy,ALL ABOUT KEPLOY SESSION,closed,2024-09-28T14:21:25Z,2024-09-29T20:17:42Z,SARVJEET14,https://github.com/keploy/keploy/issues/2310
2309,keploy,[bug]: zsh script doesn't work for vscode-extension,closed,2024-09-25T13:50:11Z,2024-09-26T12:36:28Z,ayush3160,https://github.com/keploy/keploy/issues/2309
2307,keploy,[feature]: find and increase coverage in vscode extension,closed,2024-09-25T07:00:10Z,2024-10-03T08:47:32Z,shivamsouravjha,https://github.com/keploy/keploy/issues/2307
2303,keploy,[feature]: sync default config with the latest fields,closed,2024-09-24T07:28:32Z,2025-01-07T04:20:47Z,Sarthak160,https://github.com/keploy/keploy/issues/2303
2301,keploy,[code optimisation]:,closed,2024-09-23T13:10:11Z,2024-10-03T09:13:28Z,shivamsouravjha,https://github.com/keploy/keploy/issues/2301
2299,keploy,[feature]: add support of additional prompt in utgen,closed,2024-09-23T12:49:39Z,2024-09-24T07:50:14Z,shivamsouravjha,https://github.com/keploy/keploy/issues/2299
2296,keploy,[feature]: Create a sample app using Express and Redis,closed,2024-09-21T17:24:07Z,2024-11-27T07:26:36Z,akshat99812,https://github.com/keploy/keploy/issues/2296
2292,keploy,[bug]: check test command passes before running utgen,closed,2024-09-17T13:12:13Z,2024-09-25T13:06:57Z,khareyash05,https://github.com/keploy/keploy/issues/2292
2286,keploy,[bug]: mysql pipeline breaks,closed,2024-09-13T07:09:21Z,2024-09-19T10:11:37Z,shivamsouravjha,https://github.com/keploy/keploy/issues/2286
2282,keploy,[bug]: cancelling the test generate doesn't stop keploy,closed,2024-09-11T08:45:46Z,2024-09-25T13:03:21Z,shivamsouravjha,https://github.com/keploy/keploy/issues/2282
2279,keploy,[bug]: one click fails on mac,closed,2024-09-10T10:08:21Z,2024-09-10T10:12:36Z,shivamsouravjha,https://github.com/keploy/keploy/issues/2279
2278,keploy,[bug]: one click installs appens multiple path export in .zshrc file,closed,2024-09-10T09:43:59Z,2024-09-13T06:50:37Z,shivamsouravjha,https://github.com/keploy/keploy/issues/2278
2277,keploy,[feature]: update feature in vscode extension,closed,2024-09-10T09:30:30Z,2024-11-27T07:26:28Z,shivamsouravjha,https://github.com/keploy/keploy/issues/2277
2269,keploy,[bug]: Tests not viable for Flask Mongo,closed,2024-09-05T14:00:02Z,2024-09-05T14:02:24Z,khareyash05,https://github.com/keploy/keploy/issues/2269
2268,keploy,[bug]: Keploy is unable to record some mysql messages,closed,2024-09-05T12:12:38Z,2024-09-10T09:47:54Z,sagar-t-97,https://github.com/keploy/keploy/issues/2268
2265,keploy,[feature]: add session for each utg gen,closed,2024-09-05T09:40:46Z,2024-09-05T10:40:10Z,shivamsouravjha,https://github.com/keploy/keploy/issues/2265
2264,keploy,[bug]: skip cov calculation for empty test file in utg,closed,2024-09-05T07:13:55Z,2024-09-06T05:03:20Z,khareyash05,https://github.com/keploy/keploy/issues/2264
2260,keploy,[bug]: Check One Click Install when the window is opened,closed,2024-09-03T07:00:06Z,2024-09-03T12:58:46Z,khareyash05,https://github.com/keploy/keploy/issues/2260
2256,keploy,"[feature]: The Home should also have an dark mode and light mode feature, as most of the developeres preferred to be work on the dark mode..",closed,2024-08-30T21:13:17Z,2024-10-10T05:07:07Z,rajputdivyanshu81,https://github.com/keploy/keploy/issues/2256
2255,keploy,"[feature]: the company logos are not running or moving , i wants to work on this issue to make it better and running into the x direaction.",closed,2024-08-30T20:50:40Z,2024-10-01T18:04:39Z,rajputdivyanshu81,https://github.com/keploy/keploy/issues/2255
2254,keploy,"[feature]: The Docs Section Footer is not looking good , wants to work on this issue",closed,2024-08-30T20:42:27Z,2024-12-26T10:00:21Z,rajputdivyanshu81,https://github.com/keploy/keploy/issues/2254
2252,keploy,[bug]: User sign ups from app.Keploy.io not stored in DB,closed,2024-08-30T07:10:20Z,2024-08-30T16:52:36Z,TvisharajiK,https://github.com/keploy/keploy/issues/2252
2250,keploy,[feature]: add support of Go for VScode extension,closed,2024-08-28T07:54:52Z,2024-09-10T07:44:04Z,Hermione2408,https://github.com/keploy/keploy/issues/2250
2249,keploy,[feature]: support of Java for VScode extension,closed,2024-08-28T06:49:06Z,2024-08-30T10:24:15Z,shivamsouravjha,https://github.com/keploy/keploy/issues/2249
2248,keploy,[bug]: outdated readme for express prisma sample app,closed,2024-08-28T04:53:22Z,2024-09-06T06:52:47Z,Abbhiishek,https://github.com/keploy/keploy/issues/2248
2247,keploy,[feature]: add quickstart doc for express-postgresql-prisma sample app,closed,2024-08-28T03:35:11Z,2024-09-20T10:54:18Z,Abbhiishek,https://github.com/keploy/keploy/issues/2247
2246,keploy,[feature]: add rust mongo rest api sample app,closed,2024-08-27T15:56:19Z,2024-10-08T05:32:14Z,Abbhiishek,https://github.com/keploy/keploy/issues/2246
2245,keploy,[feature]: add support for contract testing for consumer driven behaviour,closed,2024-08-27T12:04:58Z,2024-08-27T12:10:28Z,AhmedLotfy02,https://github.com/keploy/keploy/issues/2245
2244,keploy,[feature]: add support of python in vscode extension,closed,2024-08-26T19:39:00Z,2024-09-10T07:44:15Z,Hermione2408,https://github.com/keploy/keploy/issues/2244
2230,keploy,[bug]: Telemetry features not working for Mock generation,closed,2024-08-21T09:30:35Z,2024-10-10T05:09:20Z,TvisharajiK,https://github.com/keploy/keploy/issues/2230
2226,keploy,bug: test bench pipeline not failing when pilot throws error.,closed,2024-08-20T18:05:56Z,2024-08-20T18:41:29Z,gouravkrosx,https://github.com/keploy/keploy/issues/2226
2214,keploy,bug: application failed to start with mysql,closed,2024-08-17T08:58:19Z,2024-08-17T10:26:42Z,gouravkrosx,https://github.com/keploy/keploy/issues/2214
2213,keploy,[feature]: add test pipeline for testing mysql parser,closed,2024-08-16T07:17:23Z,2024-08-27T08:50:55Z,Hermione2408,https://github.com/keploy/keploy/issues/2213
2211,keploy,[feature]: Keploy doesn't work with Mongo image 4 and above with credentials,closed,2024-08-15T18:22:33Z,2024-08-16T12:02:46Z,shivamsouravjha,https://github.com/keploy/keploy/issues/2211
2210,keploy,[feature]: Navbar Revamp Design (Follow up),closed,2024-08-14T10:01:08Z,2024-11-27T07:13:06Z,TvisharajiK,https://github.com/keploy/keploy/issues/2210
2209,keploy,feat: add support for SSL connection in MySQL parser,closed,2024-08-13T07:38:48Z,2024-10-13T18:32:45Z,gouravkrosx,https://github.com/keploy/keploy/issues/2209
2204,keploy,CodeQL queries,closed,2024-08-12T05:36:40Z,2024-08-12T06:53:11Z,aaaayush-n,https://github.com/keploy/keploy/issues/2204
2202,keploy,feat: add support for `mysql_native_password` in MySQL parser,closed,2024-08-11T08:21:37Z,2024-08-11T12:14:25Z,gouravkrosx,https://github.com/keploy/keploy/issues/2202
2201,keploy,feat: matching and encoding of mysql packet,closed,2024-08-09T07:45:27Z,2024-08-09T07:51:24Z,Hermione2408,https://github.com/keploy/keploy/issues/2201
2196,keploy,[bug]: App Name is not auto populated in an existing config file,closed,2024-08-07T16:18:53Z,2025-02-18T10:59:16Z,charankamarapu,https://github.com/keploy/keploy/issues/2196
2193,keploy,[bug]: noise doesn't work as expected,closed,2024-08-07T11:34:43Z,2024-08-07T12:51:17Z,shivamsouravjha,https://github.com/keploy/keploy/issues/2193
2191,keploy,[docs]: Add Docker Desktop WSL 2 configuration reference to WSL/Linux installation docs,closed,2024-08-07T05:11:47Z,2024-08-25T12:34:44Z,Abbhiishek,https://github.com/keploy/keploy/issues/2191
2190,keploy,refactor: test mode for supporting prepared statement and matching,closed,2024-08-06T17:12:25Z,2024-08-08T19:17:12Z,gouravkrosx,https://github.com/keploy/keploy/issues/2190
2189,keploy,[feature]: add a feature to replace the http port during keploy simulate,closed,2024-08-06T14:34:03Z,2024-09-03T08:56:51Z,Sarthak160,https://github.com/keploy/keploy/issues/2189
2187,keploy,[docs]: Improve Glossary Styling for Dark/Light Modes and List Alignment,closed,2024-08-06T13:00:12Z,2024-08-19T05:42:02Z,abhishekkushwaha-tm,https://github.com/keploy/keploy/issues/2187
2186,keploy,[docs]: Add Docker Desktop WSL 2 configuration reference to WSL/Linux installation docs,closed,2024-08-06T12:39:56Z,2024-08-07T05:09:44Z,abhishekkushwaha-tm,https://github.com/keploy/keploy/issues/2186
2184,keploy,[feature]: add a feature to replace the http host during keploy simulate,closed,2024-08-05T12:39:46Z,2024-08-06T05:53:50Z,Sarthak160,https://github.com/keploy/keploy/issues/2184
2177,keploy,[bug]: Python On Linux GH Actions workflow failing,closed,2024-08-04T05:10:31Z,2024-08-05T05:39:46Z,debayangg,https://github.com/keploy/keploy/issues/2177
2171,keploy,[docs]: incorrect bash command in README.md of samples-python/fastapi-twilio,closed,2024-08-02T13:06:51Z,2024-08-04T03:55:35Z,sratslla,https://github.com/keploy/keploy/issues/2171
2168,keploy,[bug]: Remove internal config params while generating config in vscode extension,closed,2024-08-01T17:28:32Z,2024-08-21T02:06:01Z,ayush3160,https://github.com/keploy/keploy/issues/2168
2166,keploy,[docs]: add fasthttp-postgres sample app guide on documentation website,closed,2024-08-01T11:38:42Z,2024-08-12T06:16:30Z,Sonichigo,https://github.com/keploy/keploy/issues/2166
2164,keploy,[docs]: add sse-svelte sample application on documentation website,closed,2024-08-01T11:34:29Z,2024-08-19T05:32:06Z,Sonichigo,https://github.com/keploy/keploy/issues/2164
2163,keploy,[bug]: UI not optimized for videos or gif,closed,2024-07-31T07:28:54Z,2024-08-08T11:04:40Z,Sonichigo,https://github.com/keploy/keploy/issues/2163
2162,keploy,[feature]: add particles in the hero section of the landing page,closed,2024-07-30T14:35:06Z,2024-10-01T17:47:22Z,nehagup,https://github.com/keploy/keploy/issues/2162
2161,keploy,[feature]: add neon gradient behind the CTA buttons on the landing page,closed,2024-07-30T14:31:41Z,2024-10-04T05:10:38Z,nehagup,https://github.com/keploy/keploy/issues/2161
2160,keploy,[feature]: add marquee animation to list of supported dependencies in the landing page,closed,2024-07-30T14:27:43Z,2024-08-12T06:18:20Z,nehagup,https://github.com/keploy/keploy/issues/2160
2157,keploy,"[feature]: style the ""star on github"" button on landing page",closed,2024-07-30T14:16:53Z,2024-10-02T06:58:42Z,nehagup,https://github.com/keploy/keploy/issues/2157
2156,keploy,[bug]: Current test pipelines are not showing logs when all tests are passed .,closed,2024-07-30T12:33:56Z,2024-12-09T10:06:25Z,Sarthak160,https://github.com/keploy/keploy/issues/2156
2154,keploy,[bug]: panic in isFiltered method when port is not present,closed,2024-07-30T11:49:40Z,2024-07-30T12:09:16Z,slayerjain,https://github.com/keploy/keploy/issues/2154
2153,keploy,feat: implement streaming and per packet reading in mysql parser,closed,2024-07-30T09:26:25Z,2024-08-08T19:16:54Z,gouravkrosx,https://github.com/keploy/keploy/issues/2153
2148,keploy,refactor: mysql parser and document,closed,2024-07-29T12:25:35Z,2024-08-08T17:53:47Z,gouravkrosx,https://github.com/keploy/keploy/issues/2148
2143,keploy,[feature]: Add custom themes for Dark and Light mode users in Keploy Vscode Extension,closed,2024-07-28T17:45:04Z,2024-11-27T06:55:23Z,SkySingh04,https://github.com/keploy/keploy/issues/2143
2142,keploy,[feature]: Remove sudo usage from keploy codebase,closed,2024-07-28T09:14:52Z,2024-11-27T06:55:03Z,Swpn0neel,https://github.com/keploy/keploy/issues/2142
2140,keploy,[bug]: `ReadSessionIndices` Function Returning Non-Test-Set Files,closed,2024-07-28T06:56:39Z,2024-07-28T07:15:30Z,ayush3160,https://github.com/keploy/keploy/issues/2140
2139,keploy,[docs]: contribution guide page,closed,2024-07-27T07:41:20Z,2024-08-04T04:07:53Z,jaiakash,https://github.com/keploy/keploy/issues/2139
2136,keploy,"[feature]: Create a sample app using Express, PostgreSQL and Prisma",closed,2024-07-26T03:23:50Z,2024-08-23T07:35:15Z,starvader13,https://github.com/keploy/keploy/issues/2136
2134,keploy,[bug]: CreateUser API test fails in go-template of Wednesday-Solutions,closed,2024-07-25T20:11:57Z,2024-07-29T19:04:18Z,charankamarapu,https://github.com/keploy/keploy/issues/2134
2133,keploy,[bug]: fix the GitHub actions generation feature,closed,2024-07-25T13:52:39Z,2024-11-27T06:54:48Z,slayerjain,https://github.com/keploy/keploy/issues/2133
2131,keploy,[feature]: separate keploy platform-specific/privileged in to a separate binary,closed,2024-07-25T12:06:29Z,2024-11-27T06:54:37Z,slayerjain,https://github.com/keploy/keploy/issues/2131
2130,keploy,[feature]: Create Postman collection from keploy test-sets,closed,2024-07-24T14:41:24Z,2024-10-16T11:57:41Z,slayerjain,https://github.com/keploy/keploy/issues/2130
2128,keploy,[bug]: MySQL parser fails with ORMs,closed,2024-07-24T06:55:11Z,2024-08-13T13:31:10Z,PranshuSrivastava,https://github.com/keploy/keploy/issues/2128
2126,keploy,[bug]: One of the code snippets on the landing page is overflowing in mobile version.,closed,2024-07-23T21:46:03Z,2024-08-08T06:46:28Z,Aman172003,https://github.com/keploy/keploy/issues/2126
2125,keploy,[bug]: Add a comment why CLA workflow check is failing,closed,2024-07-23T19:29:32Z,2025-01-07T12:03:25Z,Swpn0neel,https://github.com/keploy/keploy/issues/2125
2121,keploy,[bug]:Total Coverage not working in replay mode,closed,2024-07-23T11:59:02Z,2024-07-23T14:26:02Z,khareyash05,https://github.com/keploy/keploy/issues/2121
2120,keploy,[bug]: Regression issue - Reimplement default mongo password flow,closed,2024-07-23T11:32:16Z,2024-07-23T11:33:46Z,charankamarapu,https://github.com/keploy/keploy/issues/2120
2118,keploy,[feature]: Add mock registry support in keploy,closed,2024-07-23T08:33:58Z,2024-08-27T04:16:43Z,charankamarapu,https://github.com/keploy/keploy/issues/2118
2114,keploy,Responsive Issue in Mobile Version - Collaboration Section Overlaps with GIFs,closed,2024-07-22T04:38:04Z,2024-08-09T11:41:31Z,HasanZaigam,https://github.com/keploy/keploy/issues/2114
2112,keploy,[feature]: Create a sample app using Flask and Redis,closed,2024-07-21T22:39:01Z,2024-10-01T17:47:57Z,Swpn0neel,https://github.com/keploy/keploy/issues/2112
2108,keploy,[bug]: Hero Image Not Responsive on Mobile for Writer's Program Website,closed,2024-07-21T11:47:57Z,2024-07-21T11:49:23Z,Swpn0neel,https://github.com/keploy/keploy/issues/2108
2106,keploy,[bug]: Incorrect Redirection When Clicking on Version 2.0.0 Navbar Dropdown Item on Documentation Website,closed,2024-07-20T21:54:51Z,2024-07-24T14:22:13Z,ayush3160,https://github.com/keploy/keploy/issues/2106
2104,keploy,[docs]: Add Blogs in Engineering Blogs repository,closed,2024-07-19T14:59:14Z,2024-08-01T06:18:28Z,Swpn0neel,https://github.com/keploy/keploy/issues/2104
2103,keploy,[bug]: Correct CNCF Link and Ensure Images Open Link In New Tab,closed,2024-07-19T13:54:49Z,2024-07-23T05:38:32Z,starvader13,https://github.com/keploy/keploy/issues/2103
2101,keploy,[feature]: Add Github Login,closed,2024-07-19T13:38:27Z,2024-08-20T10:39:43Z,charankamarapu,https://github.com/keploy/keploy/issues/2101
2099,keploy,[bug]: Subscribe button enabled with no email entered,closed,2024-07-19T08:44:23Z,2024-07-19T12:58:27Z,GauriBhandari,https://github.com/keploy/keploy/issues/2099
2095,keploy,[docs]: add FAQs for unit test gen,closed,2024-07-18T11:39:42Z,2024-07-24T06:53:47Z,shivamsouravjha,https://github.com/keploy/keploy/issues/2095
2094,keploy,[docs]: Add instructions for using npm to run the Docusaurus site locally,closed,2024-07-18T09:12:19Z,2024-08-19T05:26:19Z,GauriBhandari,https://github.com/keploy/keploy/issues/2094
2092,keploy,[bug]: `jsxBracketSameLine` is Deprecated and should be Removed,closed,2024-07-18T07:24:50Z,2024-07-18T08:34:29Z,starvader13,https://github.com/keploy/keploy/issues/2092
2091,keploy,[feature]: Supports cards on Keploy Documentation page should hover to make UI more intutive,closed,2024-07-17T20:00:20Z,2024-08-27T09:21:30Z,Aman172003,https://github.com/keploy/keploy/issues/2091
2090,keploy,[feature]: language icons on home page should directly lead to keploy docs on that language,closed,2024-07-17T15:16:28Z,2024-07-23T13:31:38Z,debayangg,https://github.com/keploy/keploy/issues/2090
2088,keploy,[feature]: add support for env variable at test-set level config,closed,2024-07-17T10:57:23Z,2024-11-27T06:28:17Z,slayerjain,https://github.com/keploy/keploy/issues/2088
2086,keploy,[feature]: Dark mode for the website,closed,2024-07-16T18:08:16Z,2024-07-17T04:29:23Z,harshsbhat,https://github.com/keploy/keploy/issues/2086
2085,keploy,[feature]: add support for COM_* related packets in mysql parser.,closed,2024-07-16T16:55:28Z,2024-08-08T19:17:09Z,gouravkrosx,https://github.com/keploy/keploy/issues/2085
2083,keploy,[bug]: typescript sdk has flaky coverage calculation,closed,2024-07-16T14:38:50Z,2024-07-16T14:39:16Z,shivamsouravjha,https://github.com/keploy/keploy/issues/2083
2082,keploy,[bug]: Add Email Check to Keploy Test Coverage Challenge,closed,2024-07-16T14:37:00Z,2024-07-26T00:37:18Z,starvader13,https://github.com/keploy/keploy/issues/2082
2077,keploy,[feature]: add linter for go dependencies,closed,2024-07-16T07:06:24Z,2024-08-02T07:13:17Z,shivamsouravjha,https://github.com/keploy/keploy/issues/2077
2075,keploy,[bug]: Command box overflow in mobile view,closed,2024-07-16T03:38:53Z,2024-07-16T06:07:13Z,suvanbanerjee,https://github.com/keploy/keploy/issues/2075
2074,keploy,"[bug]: ""Explore More"" links not working in keploy.io",closed,2024-07-15T18:18:33Z,2024-07-19T05:39:03Z,yaten2302,https://github.com/keploy/keploy/issues/2074
2072,keploy,[bug]: year in footer still shows 2023,closed,2024-07-15T15:10:03Z,2024-07-15T15:20:11Z,PranavBarthwal,https://github.com/keploy/keploy/issues/2072
2070,keploy,[docs]: code for irrelevant languages be removed from test coverage generation section,closed,2024-07-15T13:53:14Z,2024-07-31T16:37:07Z,shivamsouravjha,https://github.com/keploy/keploy/issues/2070
2069,keploy,[feature] : suggest the design for career page,closed,2024-07-15T13:44:24Z,2025-02-07T06:43:35Z,Sonichigo,https://github.com/keploy/keploy/issues/2069
2068,keploy,[feature]: revamp the navbar on keploy landing page,closed,2024-07-15T13:34:36Z,2024-11-27T06:22:39Z,Sonichigo,https://github.com/keploy/keploy/issues/2068
2067,keploy,[docs]: go time freezing docs,closed,2024-07-15T11:25:54Z,2024-07-15T11:28:18Z,khareyash05,https://github.com/keploy/keploy/issues/2067
2056,keploy,[feature]: flag to remove line by line coverage,closed,2024-07-10T07:03:10Z,2024-08-08T06:09:46Z,shivamsouravjha,https://github.com/keploy/keploy/issues/2056
2052,keploy,[feature]: coverage for CSharp applications,closed,2024-07-09T06:20:03Z,2025-03-19T12:57:33Z,shivamsouravjha,https://github.com/keploy/keploy/issues/2052
2051,keploy,[feature]: Is CI running flag,closed,2024-07-08T11:03:31Z,2024-07-10T06:18:08Z,khareyash05,https://github.com/keploy/keploy/issues/2051
2045,keploy,[docs]: change from --goCoverage to --skip--coverage,closed,2024-07-08T07:13:36Z,2024-07-09T06:23:55Z,khareyash05,https://github.com/keploy/keploy/issues/2045
2044,keploy,[docs]: replace camel cased flags to kebab cased flags,closed,2024-07-08T07:12:36Z,2024-07-09T06:20:19Z,khareyash05,https://github.com/keploy/keploy/issues/2044
2040,keploy,[feature]: Implement ability to run testsets without restarting the application,closed,2024-07-07T09:20:00Z,2024-11-27T05:42:18Z,Swpn0neel,https://github.com/keploy/keploy/issues/2040
2038,keploy,[bug]: keploy gives error for gin mongo when recorded with docker compose,closed,2024-07-05T16:16:20Z,2024-07-19T07:36:09Z,shivamsouravjha,https://github.com/keploy/keploy/issues/2038
2035,keploy,[bug]: keploy breaks with config file due to space in omit empty,closed,2024-07-05T11:53:50Z,2024-07-05T12:23:18Z,shivamsouravjha,https://github.com/keploy/keploy/issues/2035
2033,keploy,[feature]: add support to disable coverage preview,closed,2024-07-05T07:27:13Z,2024-08-08T06:41:11Z,shivamsouravjha,https://github.com/keploy/keploy/issues/2033
2031,keploy,refactor: code to support some features on macOS.,closed,2024-07-04T20:07:40Z,2024-07-05T07:31:11Z,gouravkrosx,https://github.com/keploy/keploy/issues/2031
2030,keploy,[feature]: Add mux-elastic sample app,closed,2024-07-04T07:47:02Z,2024-09-14T05:12:42Z,Swpn0neel,https://github.com/keploy/keploy/issues/2030
2023,keploy,"[bug]: MySQL interception fails with `""error"": ""unknown auth type""`",closed,2024-07-02T13:21:47Z,2024-09-03T10:50:30Z,kingster,https://github.com/keploy/keploy/issues/2023
2021,keploy,[bug]: type assertion failing in mysql parser,closed,2024-07-02T07:22:27Z,2024-07-02T09:01:21Z,gouravkrosx,https://github.com/keploy/keploy/issues/2021
2020,keploy,[bug]: GIFs seems grainy/pixelated when switched to dark mode,closed,2024-07-01T21:07:58Z,2024-07-19T11:12:41Z,Swpn0neel,https://github.com/keploy/keploy/issues/2020
2019,keploy,[feature]: Behaviour of Telemetry Events and installationIds when Keploy is used in pipelines,closed,2024-07-01T21:02:12Z,2024-07-02T14:35:42Z,Swpn0neel,https://github.com/keploy/keploy/issues/2019
2017,keploy,[feature]: support performance testing,closed,2024-07-01T20:55:52Z,2024-11-27T05:32:36Z,Swpn0neel,https://github.com/keploy/keploy/issues/2017
2015,keploy,[feature]: Add a new samples app using typescript & nhost,closed,2024-07-01T20:42:33Z,2024-11-27T05:40:50Z,Swpn0neel,https://github.com/keploy/keploy/issues/2015
2008,keploy,[bug]: keploy throws error while closing in record mode,closed,2024-07-01T08:52:08Z,2024-07-16T07:54:53Z,shivamsouravjha,https://github.com/keploy/keploy/issues/2008
2006,keploy,[bug]: keploy fails to run application in `macOS`,closed,2024-06-30T13:07:37Z,2024-06-30T14:06:56Z,gouravkrosx,https://github.com/keploy/keploy/issues/2006
2003,keploy,[feature]: Allow keploy to be run on debian 11 with Kernel version 5.10,closed,2024-06-28T11:18:15Z,2024-11-27T05:30:18Z,kingster,https://github.com/keploy/keploy/issues/2003
2000,keploy,[bug]: Add support for cgroup v1 based Linux Distros,closed,2024-06-28T08:16:16Z,2024-07-03T09:39:41Z,slayerjain,https://github.com/keploy/keploy/issues/2000
1995,keploy,[bug]: temporary docker compose not being deleted after running keploy,closed,2024-06-26T11:01:00Z,2024-06-26T11:01:50Z,khareyash05,https://github.com/keploy/keploy/issues/1995
1989,keploy,[bug]: goCoverage not working,closed,2024-06-24T07:58:16Z,2024-07-04T08:03:26Z,khareyash05,https://github.com/keploy/keploy/issues/1989
1986,keploy,feat: add support for finding the given docker-compose file in the command.,closed,2024-06-22T15:26:15Z,2024-06-27T17:48:04Z,gouravkrosx,https://github.com/keploy/keploy/issues/1986
1985,keploy,[bug]:  Timestamp in MySQL mocks not working correctly,closed,2024-06-21T12:51:24Z,2024-06-21T12:53:17Z,PranshuSrivastava,https://github.com/keploy/keploy/issues/1985
1975,keploy,refactor: rerecord feature for better user experience,closed,2024-06-18T10:11:48Z,2024-06-27T12:11:41Z,gouravkrosx,https://github.com/keploy/keploy/issues/1975
1969,keploy,[bug]:  error in config read,closed,2024-06-14T12:57:04Z,2024-06-16T08:22:13Z,shivamsouravjha,https://github.com/keploy/keploy/issues/1969
1961,keploy,[bug]: unable to stop express-mongoose docker container,closed,2024-06-13T07:33:15Z,2024-06-13T07:34:57Z,shivamsouravjha,https://github.com/keploy/keploy/issues/1961
1958,keploy,[feature]: one-click script should have a way to install specific keploy version,closed,2024-06-11T12:41:11Z,2024-06-26T14:10:27Z,gouravkrosx,https://github.com/keploy/keploy/issues/1958
1956,keploy,[feature]: Add husky to the project,closed,2024-06-10T14:27:07Z,2024-06-13T12:30:43Z,Ameerjafar,https://github.com/keploy/keploy/issues/1956
1953,keploy,feat: add support for running pre and post scripts of test set.,closed,2024-06-10T11:32:17Z,2024-06-10T14:02:36Z,gouravkrosx,https://github.com/keploy/keploy/issues/1953
1949,keploy,[bug]: tar: Cannot open: File exists,closed,2024-06-10T06:23:03Z,2024-08-05T13:37:22Z,Sonichigo,https://github.com/keploy/keploy/issues/1949
1946,keploy,[bug]: race condition because of mock manager,closed,2024-06-07T11:21:47Z,2024-06-07T12:20:18Z,shivamsouravjha,https://github.com/keploy/keploy/issues/1946
1944,keploy,[bug]: keploy tests are failing with the Prisma ORM,closed,2024-06-07T09:59:37Z,2024-07-04T06:04:48Z,Sonichigo,https://github.com/keploy/keploy/issues/1944
1943,keploy,[feature]:  update keploybin to keploy in one-click script,closed,2024-06-07T09:44:34Z,2024-09-27T05:56:19Z,Sonichigo,https://github.com/keploy/keploy/issues/1943
1941,keploy,[bug]: `--disableAnsi` doesn't clean up logs in Jenkins completely,closed,2024-06-07T09:39:41Z,2024-07-04T12:45:27Z,Sonichigo,https://github.com/keploy/keploy/issues/1941
1932,keploy,[bug]: docker container group isn't called while stopping docker commnad,closed,2024-06-06T18:04:44Z,2024-06-06T18:22:07Z,shivamsouravjha,https://github.com/keploy/keploy/issues/1932
1929,keploy,[bug]: build fails because of latest releaser function,closed,2024-06-05T15:59:24Z,2024-06-06T11:35:45Z,shivamsouravjha,https://github.com/keploy/keploy/issues/1929
1923,keploy,[bug]: keploy update not working on debian,closed,2024-06-04T10:43:12Z,2024-06-20T12:28:47Z,Sonichigo,https://github.com/keploy/keploy/issues/1923
1921,keploy,[feature]: support of config file for each test set,closed,2024-06-04T07:56:27Z,2024-06-10T09:25:28Z,shivamsouravjha,https://github.com/keploy/keploy/issues/1921
1919,keploy,feat: add support for global passthrough,closed,2024-06-03T21:35:53Z,2024-06-05T12:34:56Z,gouravkrosx,https://github.com/keploy/keploy/issues/1919
1917,keploy,[bug]: read indices checks file too instead of just checking test set,closed,2024-06-03T07:36:24Z,2024-06-03T07:52:52Z,shivamsouravjha,https://github.com/keploy/keploy/issues/1917
1915,keploy,feat: add support for replacing test case url,closed,2024-06-01T20:52:20Z,2024-06-08T13:48:44Z,gouravkrosx,https://github.com/keploy/keploy/issues/1915
1910,keploy,[bug]: keploy config breaks incase if a key includes dot in name in global noise,closed,2024-05-29T08:17:15Z,2024-05-29T10:39:14Z,shivamsouravjha,https://github.com/keploy/keploy/issues/1910
1908,keploy,[feature]: support of docker env,closed,2024-05-28T16:08:28Z,2024-05-28T18:14:40Z,shivamsouravjha,https://github.com/keploy/keploy/issues/1908
1906,keploy,refactor: docker client should be part of platform and initialised at upper layer,closed,2024-05-28T13:34:34Z,2024-05-28T18:24:39Z,gouravkrosx,https://github.com/keploy/keploy/issues/1906
1904,keploy,[bug]: wait for docker container to be stopped before exiting from keploy,closed,2024-05-28T07:38:11Z,2024-06-05T15:29:12Z,shivamsouravjha,https://github.com/keploy/keploy/issues/1904
1901,keploy,[bug]: check for mock kind in parsers,closed,2024-05-27T09:46:20Z,2024-06-13T09:01:59Z,shivamsouravjha,https://github.com/keploy/keploy/issues/1901
1898,keploy,[feature]: support of redis parser,closed,2024-05-26T15:06:33Z,2024-05-27T10:48:41Z,shivamsouravjha,https://github.com/keploy/keploy/issues/1898
1894,keploy,[bug]: client connection id increases even in single connection,closed,2024-05-25T21:08:53Z,2024-07-02T19:36:02Z,shivamsouravjha,https://github.com/keploy/keploy/issues/1894
1892,keploy,[docs]: add nested fields example in config file,closed,2024-05-23T12:13:05Z,2024-07-19T07:35:55Z,gouravkrosx,https://github.com/keploy/keploy/issues/1892
1886,keploy,[bug]: outdated blog URL on docs main page,closed,2024-05-21T12:44:53Z,2024-06-07T13:23:53Z,Sonichigo,https://github.com/keploy/keploy/issues/1886
1885,keploy,[bug]: update the one-click installation script on landing page,closed,2024-05-21T12:42:01Z,2024-06-10T06:26:04Z,Sonichigo,https://github.com/keploy/keploy/issues/1885
1875,keploy,[bug]:  preview image is incorrect on landing page,closed,2024-05-08T11:24:14Z,2024-08-08T06:46:02Z,Sonichigo,https://github.com/keploy/keploy/issues/1875
1873,keploy,[docs]: add docs of keploy test-bench.,closed,2024-05-08T08:21:17Z,2024-05-08T09:20:07Z,gouravkrosx,https://github.com/keploy/keploy/issues/1873
1870,keploy,[feature]: add test pipeline for testing `Grpc` parser using different applications,closed,2024-05-08T05:28:33Z,2025-01-17T09:43:38Z,gouravkrosx,https://github.com/keploy/keploy/issues/1870
1869,keploy,[feature]: add test pipeline for testing `MySQL` parser using different applications,closed,2024-05-08T05:24:56Z,2024-11-27T05:26:00Z,gouravkrosx,https://github.com/keploy/keploy/issues/1869
1868,keploy,[feature]: add test pipeline for testing `Postgres` parser using different applications,closed,2024-05-08T05:22:31Z,2024-11-27T05:31:50Z,gouravkrosx,https://github.com/keploy/keploy/issues/1868
1866,keploy,[feature] : update the Banner image on GitTogether,closed,2024-05-07T12:16:15Z,2024-11-27T05:24:58Z,Sonichigo,https://github.com/keploy/keploy/issues/1866
1865,keploy,[bug]: clusters for nodejs don't create testcases.,closed,2024-05-07T11:11:48Z,2024-05-07T11:12:24Z,shivamsouravjha,https://github.com/keploy/keploy/issues/1865
1862,keploy,[bug]: not able to start keploy with docker,closed,2024-05-07T09:35:36Z,2024-06-24T05:21:04Z,Sonichigo,https://github.com/keploy/keploy/issues/1862
1861,keploy,feat: discuss the user experience of contract testing.,closed,2024-05-07T09:18:30Z,2024-05-07T09:33:35Z,gouravkrosx,https://github.com/keploy/keploy/issues/1861
1858,keploy,[bug]: python in docker workflow fails,closed,2024-05-03T06:50:29Z,2024-05-09T18:53:19Z,shivamsouravjha,https://github.com/keploy/keploy/issues/1858
1856,keploy,Validate and release new coverage approach across languages,closed,2024-05-02T09:32:17Z,2024-11-27T05:24:14Z,slayerjain,https://github.com/keploy/keploy/issues/1856
1855,keploy,[feature]: make test pipeline optimised and also configurable,closed,2024-05-02T08:47:33Z,2024-05-07T09:34:21Z,gouravkrosx,https://github.com/keploy/keploy/issues/1855
1854,keploy,Validate and release normalise feature,closed,2024-05-02T07:07:38Z,2024-05-07T13:00:41Z,slayerjain,https://github.com/keploy/keploy/issues/1854
1853,keploy,[bug]: no log incase of wrong commands,closed,2024-04-29T11:10:31Z,2024-05-31T05:07:35Z,shivamsouravjha,https://github.com/keploy/keploy/issues/1853
1851,keploy,[bug]: race condition in keploy record,closed,2024-04-26T07:19:30Z,2024-05-31T19:01:24Z,shivamsouravjha,https://github.com/keploy/keploy/issues/1851
1849,keploy,feat: add test-bench workflow to ci pipeline for gin-mongo sample application,closed,2024-04-23T13:20:52Z,2024-05-03T08:16:12Z,gouravkrosx,https://github.com/keploy/keploy/issues/1849
1848,keploy,[feature]: add keploy version as comment in tests and mocks generated by keploy,closed,2024-04-23T10:52:10Z,2024-12-30T12:34:15Z,gouravkrosx,https://github.com/keploy/keploy/issues/1848
1844,keploy,[docs]: Link not working in PyTest documentation,closed,2024-04-22T10:35:09Z,2024-05-06T06:55:18Z,Swpn0neel,https://github.com/keploy/keploy/issues/1844
1843,keploy,[bug]: Content Overlap on Medium Screen Sizes,closed,2024-04-22T06:11:46Z,2024-07-04T10:59:40Z,Hermione2408,https://github.com/keploy/keploy/issues/1843
1842,keploy,[bug]: Missing 'Explore' Button for Native Integration on Medium and Small Screens,closed,2024-04-22T06:06:26Z,2024-06-20T17:23:36Z,Hermione2408,https://github.com/keploy/keploy/issues/1842
1839,keploy,feat: `fallBackOnMiss` should be implemented in all the parsers,closed,2024-04-19T15:10:13Z,2024-09-03T09:04:30Z,gouravkrosx,https://github.com/keploy/keploy/issues/1839
1838,keploy,[bug]: routing redirect error on the keploy blog,closed,2024-04-19T10:43:30Z,2024-04-29T06:36:38Z,Sonichigo,https://github.com/keploy/keploy/issues/1838
1836,keploy,feat: add support for coverage for async part of code.,closed,2024-04-18T14:28:35Z,2024-04-18T18:57:13Z,gouravkrosx,https://github.com/keploy/keploy/issues/1836
1833,keploy,[docs]: Upgrading the Docusaurus to V3.,closed,2024-04-17T17:21:03Z,2024-05-28T10:01:20Z,Aditya-eddy,https://github.com/keploy/keploy/issues/1833
1831,keploy,[feature]: add support for async http matching,closed,2024-04-17T14:02:08Z,2024-04-18T08:29:45Z,gouravkrosx,https://github.com/keploy/keploy/issues/1831
1830,keploy,[feature]: adding reviewed by section in the blogs,closed,2024-04-17T09:00:10Z,2024-07-04T11:57:49Z,Sonichigo,https://github.com/keploy/keploy/issues/1830
1827,keploy,[bug]: bypass rules not working,closed,2024-04-16T09:20:46Z,2024-05-10T08:52:01Z,re-Tick,https://github.com/keploy/keploy/issues/1827
1826,keploy,[feature]: log time in the cli results after a test run,closed,2024-04-16T08:35:55Z,2024-07-27T13:04:27Z,Sarthak160,https://github.com/keploy/keploy/issues/1826
1815,keploy,bug: keploy should not stop if there is a panic in a parser for a connection,closed,2024-04-11T21:04:10Z,2024-04-12T08:01:31Z,gouravkrosx,https://github.com/keploy/keploy/issues/1815
1813,keploy,bug: go coverage not working for application binary,closed,2024-04-11T13:48:24Z,2024-04-12T10:02:10Z,gouravkrosx,https://github.com/keploy/keploy/issues/1813
1812,keploy,[refactor]: Remove code block from Keploy developer section in keploy website landing page,closed,2024-04-11T12:51:54Z,2024-06-24T19:38:57Z,Hermione2408,https://github.com/keploy/keploy/issues/1812
1811,keploy,[feature]: check if the linux kernel version is lower than 5.15,closed,2024-04-11T11:12:54Z,2024-04-20T17:33:31Z,slayerjain,https://github.com/keploy/keploy/issues/1811
1802,keploy,bug: keploy fails to stop when using with http/https deps,closed,2024-04-10T10:28:15Z,2024-04-10T11:19:23Z,gouravkrosx,https://github.com/keploy/keploy/issues/1802
1801,keploy,refactor: dns related things should be moved out from the core package,closed,2024-04-10T08:35:17Z,2024-04-10T16:20:14Z,gouravkrosx,https://github.com/keploy/keploy/issues/1801
1800,keploy,[bug]: use of link tag instead of anchor tag.,closed,2024-04-10T04:03:25Z,2024-06-14T00:54:20Z,its-kunal,https://github.com/keploy/keploy/issues/1800
1799,keploy,[bug]: use of Image tag instead of img tag.,closed,2024-04-10T03:37:00Z,2024-06-14T00:54:33Z,its-kunal,https://github.com/keploy/keploy/issues/1799
1797,keploy,[feature]: move middleware code to v2,closed,2024-04-09T13:40:40Z,2024-06-27T10:10:59Z,EraKin575,https://github.com/keploy/keploy/issues/1797
1795,keploy,[bug]: keploy panics in record mode,closed,2024-04-08T14:43:02Z,2024-11-27T05:19:07Z,Yaxhveer,https://github.com/keploy/keploy/issues/1795
1794,keploy,"[docs]:  wait, but you guys do not write any unit test?",closed,2024-04-08T13:50:41Z,2024-04-11T12:32:33Z,xhd2015,https://github.com/keploy/keploy/issues/1794
1793,keploy,fix: existing docker test pipeline in keploy test bench,closed,2024-04-08T08:02:23Z,2024-04-10T16:20:04Z,gouravkrosx,https://github.com/keploy/keploy/issues/1793
1792,keploy,fix: exit logs of keploy test bench,closed,2024-04-08T07:57:14Z,2024-04-10T16:19:54Z,gouravkrosx,https://github.com/keploy/keploy/issues/1792
1791,keploy,feat: find code coverage of keploy via test bench.,closed,2024-04-08T07:28:27Z,2024-04-08T07:55:19Z,gouravkrosx,https://github.com/keploy/keploy/issues/1791
1788,keploy,[bug]: postgres breaking in test mode in case of client request streaming,closed,2024-04-07T17:01:14Z,2024-04-07T17:22:10Z,Sarthak160,https://github.com/keploy/keploy/issues/1788
1780,keploy,fix: automatic generation of github action workflow for keploy should be configurable,closed,2024-04-04T11:03:36Z,2024-04-08T06:08:18Z,gouravkrosx,https://github.com/keploy/keploy/issues/1780
1778,keploy,[feature]: Dedicated parser for Redis,closed,2024-04-04T07:53:08Z,2024-07-05T15:46:41Z,slayerjain,https://github.com/keploy/keploy/issues/1778
1777,keploy,[bug]: nil pointer MySQL parser exceptions,closed,2024-04-04T07:48:58Z,2024-06-27T10:08:22Z,slayerjain,https://github.com/keploy/keploy/issues/1777
1775,keploy,[feature]: automatically add test reports folder to gitignore,closed,2024-04-03T09:23:56Z,2024-07-28T08:36:02Z,slayerjain,https://github.com/keploy/keploy/issues/1775
1772,keploy,[refactor]: Limit Display to Three Content Blocks on Small Screens,closed,2024-04-02T08:19:09Z,2024-06-24T19:44:33Z,Hermione2408,https://github.com/keploy/keploy/issues/1772
1771,keploy,[bug]: Table of Contents Positioning Issue on Medium Screens,closed,2024-04-02T08:06:14Z,2024-04-11T07:15:49Z,Hermione2408,https://github.com/keploy/keploy/issues/1771
1770,keploy,[bug]: Build Warnings on Image Optimization,closed,2024-04-02T07:52:03Z,2024-04-11T12:31:13Z,Hermione2408,https://github.com/keploy/keploy/issues/1770
1769,keploy,[bug]: adhoc refactor,closed,2024-04-02T05:21:34Z,2024-04-02T05:23:47Z,charankamarapu,https://github.com/keploy/keploy/issues/1769
1767,keploy,[bug]: Unnecessary imports present in the blog-website.,closed,2024-04-01T19:20:31Z,2024-04-11T12:30:19Z,its-kunal,https://github.com/keploy/keploy/issues/1767
1764,keploy,[bug]: use of `Link` tag instead of `a` or anchor tag.,closed,2024-04-01T12:21:58Z,2024-04-11T12:30:15Z,its-kunal,https://github.com/keploy/keploy/issues/1764
1763,keploy,[bug]: Fix for `img` tag used in `page.tsx` for open source vector png.,closed,2024-04-01T12:07:30Z,2024-04-11T12:30:10Z,its-kunal,https://github.com/keploy/keploy/issues/1763
1762,keploy,[bug]: Fix for img tag instead of Image tag in tweets component.,closed,2024-04-01T12:01:45Z,2024-04-11T12:30:01Z,its-kunal,https://github.com/keploy/keploy/issues/1762
1760,keploy,[docs]: add rerecord documentation,closed,2024-04-01T04:08:19Z,2024-06-24T19:45:41Z,EraKin575,https://github.com/keploy/keploy/issues/1760
1757,keploy,[bug]: failure connecting with Postgres when race check is on,closed,2024-03-30T06:23:00Z,2024-06-24T19:46:01Z,slayerjain,https://github.com/keploy/keploy/issues/1757
1756,keploy,[bug]: table titles are not visible in dark mode,closed,2024-03-29T17:59:02Z,2024-04-11T13:15:58Z,nehagup,https://github.com/keploy/keploy/issues/1756
1755,keploy,[bug]: test mode panics in case of empty test case,closed,2024-03-29T07:12:47Z,2024-06-27T12:02:48Z,nehagup,https://github.com/keploy/keploy/issues/1755
1752,keploy,[bug]: Author Profile image looks different in the single post page,closed,2024-03-28T17:29:09Z,2024-04-11T12:29:27Z,its-kunal,https://github.com/keploy/keploy/issues/1752
1750,keploy,[bug]: If there is no keploy folder we should log an error during test mode,closed,2024-03-28T14:09:02Z,2024-04-15T02:58:27Z,slayerjain,https://github.com/keploy/keploy/issues/1750
1748,keploy,[bug]: race condition in the mongo during record,closed,2024-03-28T10:27:05Z,2024-03-28T10:48:55Z,re-Tick,https://github.com/keploy/keploy/issues/1748
1747,keploy,[feature]: log error in case of invalid flags,closed,2024-03-28T10:23:37Z,2024-03-30T06:17:09Z,shivamsouravjha,https://github.com/keploy/keploy/issues/1747
1745,keploy,[bug]: race condition in the cmd run of the user application,closed,2024-03-28T07:45:26Z,2024-03-28T08:23:30Z,re-Tick,https://github.com/keploy/keploy/issues/1745
1744,keploy,[bug]: race condition warning in the mongo parser,closed,2024-03-28T06:46:32Z,2024-03-28T08:34:38Z,re-Tick,https://github.com/keploy/keploy/issues/1744
1740,keploy,[bug]: getting `Accept-Encoding: gzip` header in request of test-bench recorded test case,closed,2024-03-27T11:34:07Z,2024-04-10T16:20:36Z,gouravkrosx,https://github.com/keploy/keploy/issues/1740
1739,keploy,[feature]: add support for test assertion used in keploy test bench,closed,2024-03-27T11:29:07Z,2024-04-10T16:13:29Z,gouravkrosx,https://github.com/keploy/keploy/issues/1739
1738,keploy,[feature]: Fix CLI diff viewer issues with arrays,closed,2024-03-27T11:20:21Z,2025-02-18T09:12:19Z,slayerjain,https://github.com/keploy/keploy/issues/1738
1737,keploy,[feature]: auto create config file for users,closed,2024-03-27T11:18:03Z,2024-07-16T11:12:53Z,slayerjain,https://github.com/keploy/keploy/issues/1737
1736,keploy,[bug]: unable to stop application docker container running via docker run cmd,closed,2024-03-27T11:17:03Z,2024-04-03T12:25:06Z,gouravkrosx,https://github.com/keploy/keploy/issues/1736
1735,keploy,[feature]: Add code coverage data to keploy test report,closed,2024-03-27T11:09:13Z,2024-07-03T09:38:54Z,slayerjain,https://github.com/keploy/keploy/issues/1735
1734,keploy,[feature]: update all the frameworks logo on landing page,closed,2024-03-27T11:07:00Z,2024-04-08T10:08:27Z,Sonichigo,https://github.com/keploy/keploy/issues/1734
1733,keploy,[bug]:  incorrect routing on blog website,closed,2024-03-27T11:04:39Z,2024-04-08T06:47:51Z,Sonichigo,https://github.com/keploy/keploy/issues/1733
1732,keploy,[bug]: nil pointer exception from scramAuth of mongo,closed,2024-03-27T10:59:16Z,2024-03-27T11:20:23Z,re-Tick,https://github.com/keploy/keploy/issues/1732
1730,keploy,[feature]: Explore integration with Tyk,closed,2024-03-27T10:11:37Z,2024-04-02T05:24:33Z,slayerjain,https://github.com/keploy/keploy/issues/1730
1728,keploy,[bug]: race condition for mongo password in proxy/integrations package,closed,2024-03-27T06:05:21Z,2024-03-27T11:16:15Z,re-Tick,https://github.com/keploy/keploy/issues/1728
1725,keploy,[feature]: remove mandatory container name flag incase of docker run,closed,2024-03-26T11:02:48Z,2024-03-28T10:06:51Z,shivamsouravjha,https://github.com/keploy/keploy/issues/1725
1724,keploy,[bug]: Global Noise and filtering features are failing due to case in-sensitive of viper binding,closed,2024-03-26T10:54:47Z,2024-06-24T19:48:38Z,charankamarapu,https://github.com/keploy/keploy/issues/1724
1721,keploy,[docs]: Update Samples-Rust documentation,closed,2024-03-24T13:48:09Z,2024-06-24T19:48:52Z,Ajeett01,https://github.com/keploy/keploy/issues/1721
1716,keploy,[bug]: carousel items overlap issue,closed,2024-03-21T06:02:09Z,2024-03-21T06:12:48Z,hanzili,https://github.com/keploy/keploy/issues/1716
1712,keploy,[feature]: Mocks should be deleted for the deleted test-case of test-set,closed,2024-03-19T10:03:14Z,2024-03-19T17:09:13Z,re-Tick,https://github.com/keploy/keploy/issues/1712
1709,keploy,[feature]: React UI Console for Test Generation,closed,2024-03-18T17:46:42Z,2024-11-26T11:48:53Z,athul-22,https://github.com/keploy/keploy/issues/1709
1706,keploy,[bug]: copy button doesn't copy to clipboard for Safari,closed,2024-03-18T08:03:04Z,2024-06-25T06:25:57Z,nehagup,https://github.com/keploy/keploy/issues/1706
1705,keploy,[bug]: keploy hangs if proxy port is already in use,closed,2024-03-18T07:13:52Z,2024-10-11T06:28:49Z,gouravkrosx,https://github.com/keploy/keploy/issues/1705
1701,keploy,[bug]: Script Fails to Initialize `keploy-network` without Active Docker Session,closed,2024-03-17T02:44:38Z,2024-07-04T10:12:38Z,hanzili,https://github.com/keploy/keploy/issues/1701
1698,keploy,[bug]: TestResult summary overlap issue at certain media sizes,closed,2024-03-15T17:05:19Z,2024-04-01T07:10:46Z,hanzili,https://github.com/keploy/keploy/issues/1698
1696,keploy,[bug]: unable to delete keploy generated folder due to permission,closed,2024-03-15T10:12:49Z,2024-06-27T10:10:36Z,shivamsouravjha,https://github.com/keploy/keploy/issues/1696
1695,keploy,[bug]: increase size of carousel items as well as the font size,closed,2024-03-15T06:26:09Z,2024-04-11T12:24:18Z,khareyash05,https://github.com/keploy/keploy/issues/1695
1694,keploy,[feature]: dark mode for the website,closed,2024-03-15T06:05:41Z,2024-07-07T09:17:03Z,khareyash05,https://github.com/keploy/keploy/issues/1694
1693,keploy,[bug]: Keploy:Recovered from:runtime error: slice bounds out of range [1:0],closed,2024-03-14T23:21:12Z,2024-11-26T11:48:39Z,skanehira,https://github.com/keploy/keploy/issues/1693
1685,keploy,[feature]: Prettify code blocks on blog-website,closed,2024-03-13T15:26:06Z,2024-03-15T10:02:21Z,nehagup,https://github.com/keploy/keploy/issues/1685
1681,keploy,[bug]: Invalid DOM Properties Warnings,closed,2024-03-12T19:25:51Z,2024-04-11T12:25:38Z,hanzili,https://github.com/keploy/keploy/issues/1681
1679,keploy,[bug]: test fails in fedora for node app with HTTPS external dependency,closed,2024-03-11T09:52:58Z,2024-03-11T15:57:20Z,re-Tick,https://github.com/keploy/keploy/issues/1679
1676,keploy,[feature]: add command line tutorial section to website,closed,2024-03-08T13:19:12Z,2024-07-07T09:14:55Z,nehagup,https://github.com/keploy/keploy/issues/1676
1675,keploy,[feature]: add infinite loop and fade in effect to Trusted by section,closed,2024-03-08T13:16:10Z,2024-03-13T13:46:52Z,nehagup,https://github.com/keploy/keploy/issues/1675
1674,keploy,[feature]: Refactor feature section with parallax effect,closed,2024-03-08T13:09:05Z,2024-03-27T11:43:08Z,nehagup,https://github.com/keploy/keploy/issues/1674
1673,keploy,[feature]: add twitter mentions on keploy website,closed,2024-03-08T12:56:02Z,2024-03-31T18:15:44Z,nehagup,https://github.com/keploy/keploy/issues/1673
1672,keploy,[bug]: Unresponsive CLI one click command,closed,2024-03-08T12:08:41Z,2024-04-11T12:26:13Z,nehagup,https://github.com/keploy/keploy/issues/1672
1671,keploy,[refactor]: make responsive community section,closed,2024-03-08T12:04:30Z,2024-03-19T10:57:36Z,nehagup,https://github.com/keploy/keploy/issues/1671
1670,keploy,[refactor]: Star us on github button,closed,2024-03-08T11:55:41Z,2024-07-07T09:14:47Z,nehagup,https://github.com/keploy/keploy/issues/1670
1669,keploy,[bug]: TOC not working Properly. (On Mobile and Web),closed,2024-03-08T10:16:52Z,2024-03-13T15:24:15Z,Aditya-eddy,https://github.com/keploy/keploy/issues/1669
1665,keploy,[feature]: add newsletter subscription section to blog website,closed,2024-03-07T13:33:25Z,2024-04-11T12:15:59Z,nehagup,https://github.com/keploy/keploy/issues/1665
1664,keploy,[feature]: add animations to blog website,closed,2024-03-07T13:21:19Z,2024-07-07T09:14:37Z,nehagup,https://github.com/keploy/keploy/issues/1664
1661,keploy,[bug]  Command built from user-controlled sources,closed,2024-03-07T07:10:51Z,2024-07-04T10:12:06Z,shivamsouravjha,https://github.com/keploy/keploy/issues/1661
1659,keploy,[feature]: explore alternatives of gojsondiff to show json difference,closed,2024-03-06T17:14:38Z,2024-04-03T05:39:40Z,shivamsouravjha,https://github.com/keploy/keploy/issues/1659
1658,keploy,[feature]: models for mssql,closed,2024-03-06T13:34:06Z,2024-03-07T04:10:19Z,EraKin575,https://github.com/keploy/keploy/issues/1658
1653,keploy,[docs]: Slack Invite Link possibly expired - Getting Started,closed,2024-03-05T19:37:53Z,2024-03-06T12:56:19Z,mehulambastha,https://github.com/keploy/keploy/issues/1653
1651,keploy,[bug]: the diff viewer shows all of the trailing body as difference rather than being specific to the diff chars,closed,2024-03-05T13:33:05Z,2024-07-05T15:53:28Z,nehagup,https://github.com/keploy/keploy/issues/1651
1649,keploy,[feature]: Automatic Noise Field Detection,closed,2024-03-05T10:23:21Z,2024-03-06T10:06:57Z,himanshu-wedensday,https://github.com/keploy/keploy/issues/1649
1648,keploy,[bug]: testcase fails due to unmatched external http mock,closed,2024-03-05T08:58:47Z,2024-06-27T09:43:39Z,re-Tick,https://github.com/keploy/keploy/issues/1648
1646,keploy,[bug]: Change the Twiiter logo,closed,2024-03-04T11:38:51Z,2024-03-04T17:32:19Z,mdathar4403,https://github.com/keploy/keploy/issues/1646
1645,keploy,[bug]: Check for detach mode in docker command,closed,2024-03-04T11:19:41Z,2024-04-15T08:59:38Z,Yaxhveer,https://github.com/keploy/keploy/issues/1645
1639,keploy,[feature]:  Addition of version argument to installation script,closed,2024-03-03T17:25:54Z,2024-06-27T09:44:17Z,anirudhjain75,https://github.com/keploy/keploy/issues/1639
1636,keploy,[bug]: coverage.keploy is not generated for python code coverage,closed,2024-03-01T14:21:23Z,2024-06-27T09:46:31Z,re-Tick,https://github.com/keploy/keploy/issues/1636
1634,keploy,[Keploy Javascript SDK]: Issue with env variables when running application,closed,2024-02-29T17:11:57Z,2024-03-04T10:10:58Z,anirudhjain75,https://github.com/keploy/keploy/issues/1634
1631,keploy,[feature]: Keploy V2 refactor test all the record and test flows,closed,2024-02-28T07:46:41Z,2024-06-27T09:48:51Z,slayerjain,https://github.com/keploy/keploy/issues/1631
1630,keploy,[feature]: Keploy V2 refactor the cli,closed,2024-02-28T07:45:25Z,2024-03-19T10:32:39Z,slayerjain,https://github.com/keploy/keploy/issues/1630
1629,keploy,[feature]: Implement ability to run testsets without restarting the application,closed,2024-02-28T07:42:42Z,2024-07-07T09:20:14Z,slayerjain,https://github.com/keploy/keploy/issues/1629
1628,keploy,[feature]: Enable keploy to run the mock server separately,closed,2024-02-28T07:38:08Z,2024-07-07T09:20:55Z,slayerjain,https://github.com/keploy/keploy/issues/1628
1626,keploy,[feature]: Keploy V2 refactor Manual testing and update test pipelines,closed,2024-02-28T07:13:15Z,2024-03-19T10:28:46Z,slayerjain,https://github.com/keploy/keploy/issues/1626
1625,keploy,[feature]: Improve the unit testing experience,closed,2024-02-28T07:06:06Z,2024-03-19T10:23:33Z,slayerjain,https://github.com/keploy/keploy/issues/1625
1624,keploy,[feature]: Keploy V2 refactor the hooks and proxy,closed,2024-02-28T07:02:26Z,2024-03-19T10:48:17Z,slayerjain,https://github.com/keploy/keploy/issues/1624
1623,keploy,[feature]: Currently the Author Profile does not Exists.,closed,2024-02-28T03:42:07Z,2024-03-07T13:08:41Z,Aditya-eddy,https://github.com/keploy/keploy/issues/1623
1622,keploy,[feature]: Add Keploy Show Command to the CLI,closed,2024-02-27T21:39:40Z,2024-04-09T20:13:41Z,SkySingh04,https://github.com/keploy/keploy/issues/1622
1621,keploy,[feature]: Improve Postgres custom matching,closed,2024-02-27T11:52:03Z,2024-03-19T10:24:22Z,slayerjain,https://github.com/keploy/keploy/issues/1621
1619,keploy,[bug]: external HTTPS calls fails from the node API in jest integration,closed,2024-02-27T07:49:52Z,2024-02-27T08:47:13Z,re-Tick,https://github.com/keploy/keploy/issues/1619
1614,keploy,[docs]: fix bunjs docs,closed,2024-02-24T11:41:11Z,2024-04-11T12:41:28Z,EraKin575,https://github.com/keploy/keploy/issues/1614
1611,keploy,[bug]: filter to run specific test-set/testcases do not work for code coverages,closed,2024-02-23T11:13:11Z,2024-02-23T11:37:07Z,re-Tick,https://github.com/keploy/keploy/issues/1611
1608,keploy,[bug]: Keploy update command updates even on latest version,closed,2024-02-22T13:44:39Z,2024-07-04T10:09:22Z,charankamarapu,https://github.com/keploy/keploy/issues/1608
1607,keploy,[bug]: code coverage decreases for merging unit test coverage with keploy tests,closed,2024-02-22T13:22:25Z,2024-02-22T13:28:29Z,re-Tick,https://github.com/keploy/keploy/issues/1607
1606,keploy,[bug]: generateTestReport breaks incase of custom names,closed,2024-02-22T11:25:46Z,2024-02-23T07:46:15Z,shivamsouravjha,https://github.com/keploy/keploy/issues/1606
1603,keploy,[bug]: fix elysia code for bun example,closed,2024-02-22T05:10:30Z,2024-07-07T09:21:48Z,EraKin575,https://github.com/keploy/keploy/issues/1603
1601,keploy,[bug]: test-suites with custom names not working,closed,2024-02-21T06:58:00Z,2024-02-21T11:24:21Z,shivamsouravjha,https://github.com/keploy/keploy/issues/1601
1599,keploy,[bug]: mock not found for posting code cov to sonarQube,closed,2024-02-20T07:49:44Z,2024-02-22T11:55:27Z,re-Tick,https://github.com/keploy/keploy/issues/1599
1594,keploy,[chore]: blog website seo improvements,closed,2024-02-17T13:19:52Z,2024-03-07T13:09:12Z,nehagup,https://github.com/keploy/keploy/issues/1594
1593,keploy,[perf]: improve mobile performance issues for docs website,closed,2024-02-17T12:28:59Z,2024-07-07T09:33:19Z,nehagup,https://github.com/keploy/keploy/issues/1593
1592,keploy,[perf]: improve mobile performance issues for blog website,closed,2024-02-17T12:25:22Z,2024-07-07T09:35:08Z,nehagup,https://github.com/keploy/keploy/issues/1592
1591,keploy,[feature]: tags filter on blog-website,closed,2024-02-17T12:11:00Z,2024-03-07T08:01:37Z,nehagup,https://github.com/keploy/keploy/issues/1591
1588,keploy,[bug]: some logs don't work,closed,2024-02-17T07:02:54Z,2024-06-27T09:53:20Z,nnnkkk7,https://github.com/keploy/keploy/issues/1588
1587,keploy,[feature]:  io/ioutil package is deprecated,closed,2024-02-17T06:27:13Z,2024-02-17T07:18:59Z,nnnkkk7,https://github.com/keploy/keploy/issues/1587
1581,keploy,[bug]: correction required in doc quickstart,closed,2024-02-16T13:40:31Z,2024-03-13T08:14:23Z,nehagup,https://github.com/keploy/keploy/issues/1581
1579,keploy,[feature]: Colorise keploy's logo in terminal,closed,2024-02-16T11:59:53Z,2024-07-22T07:00:08Z,shivamsouravjha,https://github.com/keploy/keploy/issues/1579
1578,keploy,[feature]: add light mode compatability on docs code blocks,closed,2024-02-16T10:02:25Z,2024-03-07T08:07:59Z,nehagup,https://github.com/keploy/keploy/issues/1578
1577,keploy,[feature]: hide complete test summary in case of application not run,closed,2024-02-16T08:14:50Z,2024-02-19T13:42:07Z,shivamsouravjha,https://github.com/keploy/keploy/issues/1577
1576,keploy,[bug]: keploy test fails when running in user-application,closed,2024-02-16T07:57:33Z,2024-02-17T07:07:59Z,shivamsouravjha,https://github.com/keploy/keploy/issues/1576
1575,keploy,[feature]: add testimonials section to blog website,closed,2024-02-16T07:41:23Z,2024-03-27T17:07:35Z,nehagup,https://github.com/keploy/keploy/issues/1575
1574,keploy,[docs]: adding env path in debugger,closed,2024-02-16T06:59:00Z,2024-02-22T06:59:34Z,shivamsouravjha,https://github.com/keploy/keploy/issues/1574
1568,keploy,[bug]: mockTest is failing while using go test,closed,2024-02-15T06:56:59Z,2024-06-27T09:50:21Z,Sonichigo,https://github.com/keploy/keploy/issues/1568
1565,keploy,[bug]: Docker fails when ran in linux installation from installation script,closed,2024-02-14T12:11:54Z,2024-02-22T09:05:47Z,charankamarapu,https://github.com/keploy/keploy/issues/1565
1563,keploy,[refactor]: some packages need to be refactored in order to make them modular.,closed,2024-02-13T19:14:55Z,2024-02-13T19:17:03Z,gouravkrosx,https://github.com/keploy/keploy/issues/1563
1562,keploy,[feature]: log all the matched mocks for a particular request in case of a failed testcase,closed,2024-02-13T14:16:47Z,2024-02-22T17:52:19Z,Sarthak160,https://github.com/keploy/keploy/issues/1562
1558,keploy,[bug]: Uncontrolled data used in path expression,closed,2024-02-12T06:58:24Z,2024-02-13T18:47:34Z,shivamsouravjha,https://github.com/keploy/keploy/issues/1558
1557,keploy,[bug]: Sort test suite names for complete summary,closed,2024-02-11T05:43:44Z,2024-02-14T06:04:50Z,shivamsouravjha,https://github.com/keploy/keploy/issues/1557
1555,keploy,[bug]: test summary total incorrect,closed,2024-02-10T19:45:33Z,2024-02-11T05:34:06Z,shivamsouravjha,https://github.com/keploy/keploy/issues/1555
1553,keploy,[feature]: add more stories to blog website as a suggestion at the end of the blog,closed,2024-02-10T14:57:00Z,2024-03-14T06:38:55Z,nehagup,https://github.com/keploy/keploy/issues/1553
1552,keploy,[feature]: Add popular mentions on the blog-website,closed,2024-02-10T14:36:40Z,2024-03-07T08:05:27Z,nehagup,https://github.com/keploy/keploy/issues/1552
1547,keploy,[feature]: Add a CRUD API with SQLX and PostgreSQL,closed,2024-02-09T07:56:50Z,2024-06-27T09:54:09Z,Sonichigo,https://github.com/keploy/keploy/issues/1547
1546,keploy,[feature]: Add a CRUD rest api in Rust & MongoDB to showcase keploy capabilities,closed,2024-02-09T07:53:06Z,2024-03-05T13:49:07Z,Sonichigo,https://github.com/keploy/keploy/issues/1546
1545,keploy,[bug]: stop network interception after test run completes,closed,2024-02-09T07:44:43Z,2024-06-27T09:55:16Z,slayerjain,https://github.com/keploy/keploy/issues/1545
1543,keploy,"[GSoC]: Build an app with multiple services, demonstrating contract testing",closed,2024-02-09T07:02:40Z,2024-04-03T06:14:46Z,gouravkrosx,https://github.com/keploy/keploy/issues/1543
1542,keploy,[bug]: race condition in userAppShutdownInitiated check,closed,2024-02-09T06:41:12Z,2024-02-10T04:39:31Z,shivamsouravjha,https://github.com/keploy/keploy/issues/1542
1541,keploy,[GSoC]: test multiple services with keploy,closed,2024-02-09T06:35:32Z,2024-04-03T06:11:13Z,gouravkrosx,https://github.com/keploy/keploy/issues/1541
1540,keploy,[bug]: race condition in mongo parser,closed,2024-02-09T06:33:03Z,2024-04-03T05:38:51Z,shivamsouravjha,https://github.com/keploy/keploy/issues/1540
1539,keploy,"[bug]: Keploy fails with ""docker start <container>"" as user app command",closed,2024-02-09T05:43:28Z,2024-05-21T10:02:50Z,charankamarapu,https://github.com/keploy/keploy/issues/1539
1538,keploy,[feature]: Create a normalisation command in keploy CLI,closed,2024-02-09T05:38:55Z,2024-06-27T09:58:08Z,charankamarapu,https://github.com/keploy/keploy/issues/1538
1537,keploy,[bug]: Hero Image Not Responsive on Mobile Devices,closed,2024-02-08T17:55:30Z,2024-11-26T11:42:47Z,Arindam200,https://github.com/keploy/keploy/issues/1537
1534,keploy,[bug]: remove explicit chmod commands from keploy codebase,closed,2024-02-08T12:05:24Z,2024-07-04T10:07:44Z,slayerjain,https://github.com/keploy/keploy/issues/1534
1533,keploy,[bug]: docker compose up needs containers to be removed,closed,2024-02-08T11:54:28Z,2024-10-08T06:34:42Z,PranshuSrivastava,https://github.com/keploy/keploy/issues/1533
1532,keploy,[bug]: unable to remove the testrun reports,closed,2024-02-08T10:54:42Z,2024-02-08T12:35:55Z,re-Tick,https://github.com/keploy/keploy/issues/1532
1530,keploy,[feature]: add copy block button in the docs website,closed,2024-02-08T08:21:48Z,2024-02-17T14:32:17Z,nehagup,https://github.com/keploy/keploy/issues/1530
1527,keploy,[feature]: add code syntax highlighting and copy button to blogs code blocks,closed,2024-02-07T19:05:47Z,2024-02-15T14:59:54Z,nehagup,https://github.com/keploy/keploy/issues/1527
1525,keploy,[feature]:  Implement GitHub Actions Workflow for VS Code Extension Publishing,closed,2024-02-07T18:35:01Z,2024-07-04T06:07:13Z,Sarthak160,https://github.com/keploy/keploy/issues/1525
1524,keploy,[feature]: Implement JavaScript Script for Automated Keploy Updates,closed,2024-02-07T18:23:06Z,2024-06-27T10:03:24Z,Sarthak160,https://github.com/keploy/keploy/issues/1524
1523,keploy,[feature]: redirect the outgoing traffic for the user app in macOs native,closed,2024-02-07T18:13:53Z,2024-11-26T11:41:55Z,re-Tick,https://github.com/keploy/keploy/issues/1523
1522,keploy,[feature]: filter the incoming traffic for the user app in macos,closed,2024-02-07T18:08:22Z,2024-11-26T11:41:43Z,re-Tick,https://github.com/keploy/keploy/issues/1522
1521,keploy,[feature]: redirect the incoming traffic for user app to proxy in macos,closed,2024-02-07T18:00:38Z,2024-11-26T11:41:07Z,re-Tick,https://github.com/keploy/keploy/issues/1521
1520,keploy,feat: option to disable ANSI color codes,closed,2024-02-07T15:15:58Z,2024-04-19T06:46:59Z,slayerjain,https://github.com/keploy/keploy/issues/1520
1518,keploy,Refactoring diff viewer to display better logs for array index mismatch,closed,2024-02-07T14:27:04Z,2024-02-16T06:50:33Z,slayerjain,https://github.com/keploy/keploy/issues/1518
1515,keploy,Timeout Error for outgoing https Requests for APIs taking longer time to execute,closed,2024-02-07T11:40:09Z,2024-07-08T08:42:38Z,avnibansal1995,https://github.com/keploy/keploy/issues/1515
1514,keploy,[feature]: Option to set env in test suite,closed,2024-02-07T04:09:18Z,2024-07-08T08:43:43Z,anirudhjain75,https://github.com/keploy/keploy/issues/1514
1510,keploy,[bug]:  Update command  running on dev version and not running on normal versions,closed,2024-02-06T14:37:13Z,2024-02-06T15:15:30Z,SkySingh04,https://github.com/keploy/keploy/issues/1510
1508,keploy,[feature]: Implement custom matching for postgres parser,closed,2024-02-06T10:39:40Z,2024-06-27T09:13:17Z,Sarthak160,https://github.com/keploy/keploy/issues/1508
1507,keploy,[bug]: the Body is empty in github/action script,closed,2024-02-06T10:05:09Z,2024-02-21T13:20:48Z,Sonichigo,https://github.com/keploy/keploy/issues/1507
1506,keploy,[feature]: Improve the Test Summary Output result for PR,closed,2024-02-06T09:51:59Z,2024-02-19T05:35:14Z,Sonichigo,https://github.com/keploy/keploy/issues/1506
1505,keploy,[feature] : add docker command supoort,closed,2024-02-06T09:40:16Z,2024-02-14T05:33:29Z,Sonichigo,https://github.com/keploy/keploy/issues/1505
1504,keploy,[bug]: Blog website favicon are breaking,closed,2024-02-06T06:57:03Z,2024-03-04T17:34:05Z,Sonichigo,https://github.com/keploy/keploy/issues/1504
1503,keploy,[bug]: fix social preview of blog posts,closed,2024-02-06T06:53:22Z,2024-02-10T14:44:30Z,Sonichigo,https://github.com/keploy/keploy/issues/1503
1502,keploy,[bug]: Replacement for the links in community and blog pages in blog website.,closed,2024-02-06T05:40:56Z,2024-02-21T03:55:11Z,Aditya-eddy,https://github.com/keploy/keploy/issues/1502
1497,keploy,Unable to capture Tests for Application running with HTTPS protocol,closed,2024-02-05T08:53:11Z,2024-07-08T08:44:48Z,avnibansal1995,https://github.com/keploy/keploy/issues/1497
1496,keploy,[bug]: JSON array diff not specific enough,closed,2024-02-05T08:14:24Z,2024-07-05T16:06:52Z,slayerjain,https://github.com/keploy/keploy/issues/1496
1491,keploy,[bug]: sorting order of test cases wrong,closed,2024-02-04T18:18:14Z,2024-02-05T08:57:11Z,slayerjain,https://github.com/keploy/keploy/issues/1491
1490,keploy,[bug]: Keploy can't find docker compose file,closed,2024-02-04T16:27:36Z,2024-02-04T16:29:17Z,Yaxhveer,https://github.com/keploy/keploy/issues/1490
1489,keploy,[bug]: Keploy can't find docker compose file,closed,2024-02-04T16:27:31Z,2024-02-04T18:15:24Z,Yaxhveer,https://github.com/keploy/keploy/issues/1489
1488,keploy,[feature]: Remove Version message from keploy,closed,2024-02-04T16:25:25Z,2024-02-12T17:54:44Z,SkySingh04,https://github.com/keploy/keploy/issues/1488
1485,keploy,[feature]: Add New Version Available Message to keploy,closed,2024-02-03T19:20:23Z,2024-07-08T08:45:51Z,SkySingh04,https://github.com/keploy/keploy/issues/1485
1482,keploy,[feature]: use struct instead of passing in individual flags in record and test command,closed,2024-02-02T13:57:17Z,2024-02-16T10:58:43Z,shivamsouravjha,https://github.com/keploy/keploy/issues/1482
1474,keploy,[refactor]: samples-go to fix linter errors,closed,2024-02-01T06:22:34Z,2024-02-08T11:40:00Z,shivamsouravjha,https://github.com/keploy/keploy/issues/1474
1472,keploy,[feature]: create a simple testcase for mattermost,closed,2024-01-31T10:26:52Z,2024-07-08T09:16:50Z,slayerjain,https://github.com/keploy/keploy/issues/1472
1471,keploy,[bug]: Test reports have incomplete/missing information,closed,2024-01-31T10:21:34Z,2024-02-13T09:40:36Z,slayerjain,https://github.com/keploy/keploy/issues/1471
1470,keploy,[bug]: Update the docker installation script,closed,2024-01-31T10:04:09Z,2024-02-12T09:31:52Z,slayerjain,https://github.com/keploy/keploy/issues/1470
1469,keploy,[bug]: only add sudo to docker alias for linux if required,closed,2024-01-31T10:01:38Z,2024-02-07T16:19:08Z,slayerjain,https://github.com/keploy/keploy/issues/1469
1468,keploy,[feature]: Would be great to re-record certain test-set or testcases,closed,2024-01-31T08:44:42Z,2024-05-06T10:53:37Z,slayerjain,https://github.com/keploy/keploy/issues/1468
1467,keploy,[feature]: race flag in CI pipeline,closed,2024-01-31T08:15:00Z,2024-06-13T10:55:49Z,shivamsouravjha,https://github.com/keploy/keploy/issues/1467
1466,keploy,[bug]: index out of range when doing pass through port,closed,2024-01-31T08:10:50Z,2024-02-05T07:12:34Z,slayerjain,https://github.com/keploy/keploy/issues/1466
1463,keploy,[bug]: Failed to stop/remove the docker container,closed,2024-01-31T07:06:12Z,2024-02-05T06:01:10Z,shivamsouravjha,https://github.com/keploy/keploy/issues/1463
1461,keploy,[feature]: Dynamically include Keploy's custom CA in the application container.,closed,2024-01-30T19:28:28Z,2024-07-16T09:30:44Z,gouravkrosx,https://github.com/keploy/keploy/issues/1461
1457,keploy,[bug]: mongo fails to get mock in docker for mac,closed,2024-01-30T12:49:42Z,2024-08-20T09:49:16Z,gouravkrosx,https://github.com/keploy/keploy/issues/1457
1456,keploy,[docs]: add a log for uploading a test-report to hosted keploy ui,closed,2024-01-30T10:24:08Z,2024-03-08T13:30:52Z,re-Tick,https://github.com/keploy/keploy/issues/1456
1447,keploy,[bug]: Bug in display of differences for a object response,closed,2024-01-29T09:32:21Z,2024-07-05T16:07:29Z,shivamsouravjha,https://github.com/keploy/keploy/issues/1447
1443,keploy,[bug]: Test mode for spring-pet-clinic is failing due to Postgres,closed,2024-01-29T05:04:29Z,2024-06-27T09:35:23Z,charankamarapu,https://github.com/keploy/keploy/issues/1443
1439,keploy,[docs]: update twitter logo,closed,2024-01-28T15:02:18Z,2024-02-06T10:09:12Z,AdityaRuhela05,https://github.com/keploy/keploy/issues/1439
1438,keploy,[feature]: Add server binary to .gitignore,closed,2024-01-28T14:25:57Z,2024-02-06T03:48:49Z,SkySingh04,https://github.com/keploy/keploy/issues/1438
1435,keploy,[docs]:  Implementation of Discussed Feature from YouTube Video in 'keploy' Repository,closed,2024-01-26T16:06:37Z,2024-05-21T03:15:23Z,0hmX,https://github.com/keploy/keploy/issues/1435
1434,keploy,Add a timer to the keploy recorder,closed,2024-01-26T06:36:43Z,2024-02-15T19:07:12Z,heyyakash,https://github.com/keploy/keploy/issues/1434
1430,keploy,[bug]: remove serve package completely,closed,2024-01-25T08:14:41Z,2024-01-28T09:21:28Z,EraKin575,https://github.com/keploy/keploy/issues/1430
1429,keploy,[bug]: navbar broken for larger screens in keploy-docs,closed,2024-01-24T20:50:52Z,2024-02-17T14:32:42Z,0hmX,https://github.com/keploy/keploy/issues/1429
1427,keploy,[feature]: add race condition check in the test bench,closed,2024-01-23T16:27:07Z,2024-07-04T10:57:29Z,slayerjain,https://github.com/keploy/keploy/issues/1427
1424,keploy,[feature]: create test summary aggregate for multiple tests,closed,2024-01-23T14:52:00Z,2024-06-27T09:37:16Z,slayerjain,https://github.com/keploy/keploy/issues/1424
1423,keploy,[feature]: Sample go test and documentation,closed,2024-01-23T14:49:04Z,2024-07-08T09:18:19Z,slayerjain,https://github.com/keploy/keploy/issues/1423
1422,keploy,[feature]: Improve the API for the JUnit integration,closed,2024-01-23T14:40:15Z,2024-07-04T10:57:57Z,slayerjain,https://github.com/keploy/keploy/issues/1422
1421,keploy,[feature]: generate GitHub Actions automatically when keploy runs,closed,2024-01-23T14:29:52Z,2024-04-01T17:59:03Z,slayerjain,https://github.com/keploy/keploy/issues/1421
1420,keploy,[feature]: Explore feasibility of integrating keploy in Pocketbase,closed,2024-01-23T07:53:39Z,2024-01-23T07:59:27Z,slayerjain,https://github.com/keploy/keploy/issues/1420
1419,keploy,[bug]: parsers throw random errors when connections are closed,closed,2024-01-23T07:50:36Z,2024-06-27T09:42:05Z,slayerjain,https://github.com/keploy/keploy/issues/1419
1418,keploy,[bug]: Gin-mongo throwing error in Test mode in POST calls,closed,2024-01-23T07:49:04Z,2024-01-29T11:50:56Z,charankamarapu,https://github.com/keploy/keploy/issues/1418
1417,keploy,[feature]: remove extra steps from macos and linux startup,closed,2024-01-23T07:32:57Z,2024-06-27T09:41:14Z,slayerjain,https://github.com/keploy/keploy/issues/1417
1416,keploy,[docs]:  add README for spring petclinic,closed,2024-01-23T06:36:52Z,2024-07-04T10:58:17Z,PranshuSrivastava,https://github.com/keploy/keploy/issues/1416
1415,keploy,[bug]: removing print statements and error logging,closed,2024-01-23T06:02:18Z,2024-04-08T11:25:19Z,shivamsouravjha,https://github.com/keploy/keploy/issues/1415
1411,keploy,[bug]:  need checks for path in docker,closed,2024-01-22T12:48:37Z,2024-01-28T15:28:00Z,PranshuSrivastava,https://github.com/keploy/keploy/issues/1411
1406,keploy,[bug]: Some testcases are not getting captured,closed,2024-01-20T15:10:48Z,2024-01-20T19:02:30Z,slayerjain,https://github.com/keploy/keploy/issues/1406
1402,keploy,[docs]: Incorrect Naming in Side Navbar for Mux and MongoDB Sample App,closed,2024-01-19T08:20:19Z,2024-01-25T06:14:44Z,Arindam200,https://github.com/keploy/keploy/issues/1402
1401,keploy,"[bug]: ""failed to passthrough the mongo request to the actual database server"" in test mode",closed,2024-01-18T23:15:56Z,2024-06-27T09:40:08Z,tomups,https://github.com/keploy/keploy/issues/1401
1399,keploy,[docs]: update missing information in the flask+mongo python sample,closed,2024-01-18T16:20:38Z,2024-07-04T10:58:50Z,slayerjain,https://github.com/keploy/keploy/issues/1399
1398,keploy,[feature]: update the file structure for the test run-reports,closed,2024-01-18T12:41:18Z,2024-01-23T11:41:46Z,re-Tick,https://github.com/keploy/keploy/issues/1398
1395,keploy,[feature]: Add capability to compress the mocks for particular test-set,closed,2024-01-18T08:49:02Z,2024-06-27T08:54:31Z,slayerjain,https://github.com/keploy/keploy/issues/1395
1394,keploy,[feature]: Not requiring superuser,closed,2024-01-18T00:48:05Z,2024-01-18T10:49:47Z,tomups,https://github.com/keploy/keploy/issues/1394
1393,keploy,[feature]: Make generating testReports files optional,closed,2024-01-18T00:35:25Z,2024-02-11T17:06:36Z,tomups,https://github.com/keploy/keploy/issues/1393
1392,keploy,[bug]: fix race conditions in various flows within keploy,closed,2024-01-17T13:24:14Z,2024-04-01T06:28:11Z,slayerjain,https://github.com/keploy/keploy/issues/1392
1391,keploy,[bug]: Array ordering should be ignored by default,closed,2024-01-17T13:06:59Z,2024-01-29T13:01:14Z,slayerjain,https://github.com/keploy/keploy/issues/1391
1390,keploy,[docs]: Add jest documentation alongside Junit,closed,2024-01-17T11:45:48Z,2024-02-12T11:13:40Z,slayerjain,https://github.com/keploy/keploy/issues/1390
1389,keploy,[feature]: add example of filtering urls and headers in keploy config,closed,2024-01-17T09:46:43Z,2024-07-04T10:59:49Z,Sarthak160,https://github.com/keploy/keploy/issues/1389
1387,keploy,[bug]: many for loops have missing/incomplete stop conditions,closed,2024-01-17T08:09:32Z,2024-03-14T05:10:15Z,slayerjain,https://github.com/keploy/keploy/issues/1387
1386,keploy,[feature]: Add basic linter to GitHub Actions,closed,2024-01-17T08:06:14Z,2024-06-27T09:03:19Z,slayerjain,https://github.com/keploy/keploy/issues/1386
1385,keploy,[feature]: Add Keploy arm64 formula on homebrew,closed,2024-01-17T08:01:07Z,2024-07-22T13:13:39Z,slayerjain,https://github.com/keploy/keploy/issues/1385
1384,keploy,[feature]: make keploy binary useable with single alias on linux and macOS,closed,2024-01-17T07:59:35Z,2024-02-02T08:29:52Z,slayerjain,https://github.com/keploy/keploy/issues/1384
1383,keploy,[docs]: docs for mysql app,closed,2024-01-16T16:13:40Z,2024-01-31T09:14:43Z,EraKin575,https://github.com/keploy/keploy/issues/1383
1382,keploy,[feature]: Pass Through for specific API end points in keploy test mode,closed,2024-01-16T13:55:15Z,2024-01-30T06:01:13Z,varma-shipsy,https://github.com/keploy/keploy/issues/1382
1378,keploy,[bug]: Keploy fails when test-set name is changed .,closed,2024-01-16T12:34:00Z,2024-01-16T12:49:03Z,charankamarapu,https://github.com/keploy/keploy/issues/1378
1377,keploy,[bug]: python app fails to stop after first test-set,closed,2024-01-16T06:47:43Z,2024-01-16T10:58:08Z,gouravkrosx,https://github.com/keploy/keploy/issues/1377
1374,keploy,[bug]: sometime there's nil pointer exception in large test suites,closed,2024-01-16T03:18:24Z,2024-01-16T03:52:45Z,slayerjain,https://github.com/keploy/keploy/issues/1374
1372,keploy,[test]: Testing Keploy Hosted with Recent Updates in Keploy,closed,2024-01-15T19:49:09Z,2024-01-23T16:37:24Z,gouravkrosx,https://github.com/keploy/keploy/issues/1372
1371,keploy,[feature]: replace timestamp of the request and response in test case for cross mocks assertion,closed,2024-01-15T19:40:17Z,2024-01-29T18:56:44Z,gouravkrosx,https://github.com/keploy/keploy/issues/1371
1370,keploy,[feature]: make a GitHub Action to run keploy test bench in keploy CI.,closed,2024-01-15T19:29:54Z,2024-06-27T08:11:18Z,gouravkrosx,https://github.com/keploy/keploy/issues/1370
1369,keploy,[feature]: add support for test assertion in keploy test bench,closed,2024-01-15T19:23:53Z,2024-01-29T08:17:30Z,gouravkrosx,https://github.com/keploy/keploy/issues/1369
1368,keploy,[test]: keploy test bench with different dependencies in different languages.,closed,2024-01-15T19:19:46Z,2024-01-22T12:51:53Z,gouravkrosx,https://github.com/keploy/keploy/issues/1368
1367,keploy,[bug]: getting wrong timestamp of response in test case,closed,2024-01-15T19:07:26Z,2024-01-15T19:09:30Z,gouravkrosx,https://github.com/keploy/keploy/issues/1367
1364,keploy,[feature]: Add MySQL sample application and documentation,closed,2024-01-15T15:19:50Z,2024-01-25T12:33:16Z,slayerjain,https://github.com/keploy/keploy/issues/1364
1363,keploy,[feature]: Improve generic matching method based on new sorting algorithm,closed,2024-01-15T15:07:54Z,2024-01-23T14:24:31Z,slayerjain,https://github.com/keploy/keploy/issues/1363
1362,keploy,"[feature]: modularise, test and release python SDK",closed,2024-01-15T14:54:38Z,2024-06-27T17:38:27Z,slayerjain,https://github.com/keploy/keploy/issues/1362
1361,keploy,[feature]: Switch Generic parser to config mocks and test,closed,2024-01-15T14:42:15Z,2024-01-19T10:46:20Z,slayerjain,https://github.com/keploy/keploy/issues/1361
1360,keploy,[feature]: Test integration feasibility with Mattermost services,closed,2024-01-15T14:27:24Z,2024-01-23T05:42:21Z,slayerjain,https://github.com/keploy/keploy/issues/1360
1358,keploy,test: tested mongo and http with test bench,closed,2024-01-15T12:38:03Z,2024-01-15T19:12:57Z,gouravkrosx,https://github.com/keploy/keploy/issues/1358
1356,keploy,[bug]: Older Postgres mocks not compaitble with alpha58,closed,2024-01-15T10:29:28Z,2024-01-15T10:37:06Z,slayerjain,https://github.com/keploy/keploy/issues/1356
1354,keploy,[bug]: Testcase response timestamps are incorrect,closed,2024-01-14T18:39:09Z,2024-01-14T19:34:00Z,slayerjain,https://github.com/keploy/keploy/issues/1354
1353,keploy,[bug]: Postgres matching fails if no. of connections are more in test mode,closed,2024-01-14T18:36:33Z,2024-01-15T03:48:45Z,slayerjain,https://github.com/keploy/keploy/issues/1353
1349,keploy,[feature]: Reduce size of sample-go docker images,closed,2024-01-12T16:05:08Z,2024-01-20T13:03:36Z,narharim,https://github.com/keploy/keploy/issues/1349
1346,keploy,[bug]: keploy fails to Handle HTTP Headers if Not Received in First Chunk,closed,2024-01-12T10:47:44Z,2024-01-17T11:30:24Z,gouravkrosx,https://github.com/keploy/keploy/issues/1346
1345,keploy,[bug]: error while extracting the OpMsg section in record,closed,2024-01-12T10:05:32Z,2024-01-18T09:04:35Z,re-Tick,https://github.com/keploy/keploy/issues/1345
1338,keploy,[feature]: Create Keploy version command,closed,2024-01-10T18:09:17Z,2024-01-29T09:03:14Z,charankamarapu,https://github.com/keploy/keploy/issues/1338
1336,keploy,[bug]: Mounting the folder in keploy container on /files is creating problems,closed,2024-01-10T12:10:08Z,2024-01-29T09:56:15Z,slayerjain,https://github.com/keploy/keploy/issues/1336
1329,keploy,[feature]: Need to support DNS over TCP,closed,2024-01-10T11:25:59Z,2024-02-15T16:53:20Z,slayerjain,https://github.com/keploy/keploy/issues/1329
1328,keploy,[bug]: keploy CLI logs error message when command is unknown,closed,2024-01-10T11:11:16Z,2024-04-29T11:11:04Z,narharim,https://github.com/keploy/keploy/issues/1328
1327,keploy,[docs]: add sample app for mysql,closed,2024-01-10T05:23:06Z,2024-02-13T13:19:00Z,EraKin575,https://github.com/keploy/keploy/issues/1327
1320,keploy,[feature]: Proper formatting and context propagation for k8s controllers,closed,2024-01-09T07:08:34Z,2024-02-27T11:05:32Z,slayerjain,https://github.com/keploy/keploy/issues/1320
1316,keploy,[feature]: Uniform integration of keploy across different env (native/docker),closed,2024-01-08T14:46:47Z,2024-06-27T08:11:54Z,gouravkrosx,https://github.com/keploy/keploy/issues/1316
1315,keploy,[feature]: Add functional testing framework of keploy,closed,2024-01-08T14:42:01Z,2024-07-04T11:00:02Z,gouravkrosx,https://github.com/keploy/keploy/issues/1315
1313,keploy,docs: change serve command usage to test with coverage flag in every readme and docs.,closed,2024-01-08T12:49:18Z,2024-01-31T12:30:03Z,Sarthak160,https://github.com/keploy/keploy/issues/1313
1312,keploy,[feature]: update the code and readme for typescript sdk,closed,2024-01-08T12:25:17Z,2024-02-08T19:06:53Z,slayerjain,https://github.com/keploy/keploy/issues/1312
1311,keploy,[feature]: Add docker for mac,closed,2024-01-08T12:14:31Z,2024-01-09T09:57:47Z,charankamarapu,https://github.com/keploy/keploy/issues/1311
1310,keploy,[feature]: Integrate keploy in wandb.ai,closed,2024-01-08T12:12:49Z,2024-02-06T19:27:13Z,charankamarapu,https://github.com/keploy/keploy/issues/1310
1307,keploy,[feature]: create a github action to release a version of keploy py sdk,closed,2024-01-08T07:33:50Z,2024-01-31T08:58:06Z,Sarthak160,https://github.com/keploy/keploy/issues/1307
1304,keploy,"In main.go file, `utils.KeployVersion = version` is set twice",closed,2024-01-08T06:37:12Z,2024-01-31T10:04:23Z,milinddethe15,https://github.com/keploy/keploy/issues/1304
1303,keploy,[feature]: add update command to keploy cli,closed,2024-01-07T18:21:39Z,2024-02-05T05:31:22Z,AkashKumar7902,https://github.com/keploy/keploy/issues/1303
1301,keploy,[bug]: authentication fails for java app with DocumentDb.,closed,2024-01-07T11:51:36Z,2024-01-08T09:30:33Z,re-Tick,https://github.com/keploy/keploy/issues/1301
1298,keploy,Typo: `gracfully` must be `gracefully`,closed,2024-01-06T12:32:56Z,2024-01-06T19:37:54Z,milinddethe15,https://github.com/keploy/keploy/issues/1298
1296,keploy,[bug]: Generic mocks are showing empty content,closed,2024-01-06T10:53:54Z,2024-01-07T17:16:10Z,charankamarapu,https://github.com/keploy/keploy/issues/1296
1292,keploy,[feature]: test command with coverage flag to serve command internally,closed,2024-01-02T13:31:24Z,2024-01-08T07:08:22Z,Sarthak160,https://github.com/keploy/keploy/issues/1292
1291,keploy,[Update]: Keploy encounters issues when dealing with a high volume of traffic.,closed,2024-01-02T09:05:54Z,2024-01-02T09:13:51Z,gouravkrosx,https://github.com/keploy/keploy/issues/1291
1290,keploy,[feature]: Update the keploy docs and keploy.sh according to the new changes,closed,2024-01-02T08:42:35Z,2024-01-02T08:44:49Z,PranshuSrivastava,https://github.com/keploy/keploy/issues/1290
1289,keploy,[bug]: Add support for mysql in Keploy's dep interface,closed,2024-01-02T08:38:21Z,2024-01-02T08:38:56Z,PranshuSrivastava,https://github.com/keploy/keploy/issues/1289
1288,keploy,[feature]: Add Keploy to ci of supabase,closed,2024-01-02T07:32:52Z,2024-01-02T07:37:14Z,PranshuSrivastava,https://github.com/keploy/keploy/issues/1288
1287,keploy,[bug]: keploy is unable to record test cases for some java spring boot versions properly,closed,2024-01-02T07:20:15Z,2024-01-02T07:20:50Z,gouravkrosx,https://github.com/keploy/keploy/issues/1287
1286,keploy,[feature]: Add a pipeline for docker in Keploy,closed,2024-01-02T07:17:07Z,2024-01-02T07:18:04Z,PranshuSrivastava,https://github.com/keploy/keploy/issues/1286
1285,keploy,[Update]: Keploy testing framework,closed,2024-01-02T07:12:18Z,2024-01-02T07:14:03Z,gouravkrosx,https://github.com/keploy/keploy/issues/1285
1284,keploy,[feature]:  Add spring petclinic app to samples java with dockerfile,closed,2024-01-02T07:04:29Z,2024-01-02T07:10:41Z,PranshuSrivastava,https://github.com/keploy/keploy/issues/1284
1283,keploy,[docs]: documentation of execute e2e with unit testcases for new test command,closed,2024-01-02T07:03:36Z,2024-01-04T09:04:11Z,shivamsouravjha,https://github.com/keploy/keploy/issues/1283
1282,keploy,[feature]: refactor the record and test PR as per latest changes,closed,2024-01-02T06:50:32Z,2024-06-27T08:12:46Z,shivamsouravjha,https://github.com/keploy/keploy/issues/1282
1281,keploy,[feature]: Need extra fields for sentry,closed,2024-01-02T06:38:41Z,2024-01-02T06:39:36Z,PranshuSrivastava,https://github.com/keploy/keploy/issues/1281
1280,keploy,[feature]: record and test refactoring,closed,2024-01-02T06:31:28Z,2024-01-02T06:50:43Z,shivamsouravjha,https://github.com/keploy/keploy/issues/1280
1279,keploy,[feature]:  Add ci tests for native linux applications,closed,2024-01-02T05:42:09Z,2024-01-02T05:42:44Z,PranshuSrivastava,https://github.com/keploy/keploy/issues/1279
1278,keploy,[bug]: testrun fails for mongo for sections with braces as contents,closed,2024-01-01T20:26:47Z,2024-01-01T20:27:47Z,re-Tick,https://github.com/keploy/keploy/issues/1278
1277,keploy,[feature]: add trace header in ingress request for OTEL integration,closed,2024-01-01T19:48:47Z,2024-01-01T19:52:27Z,re-Tick,https://github.com/keploy/keploy/issues/1277
1275,keploy,[docs]: Incorrect language is specified for code blocks,closed,2023-12-31T08:57:36Z,2024-01-09T04:08:36Z,epli2,https://github.com/keploy/keploy/issues/1275
1274,keploy,[docs]: Incorrect command in samples java,closed,2023-12-31T08:36:52Z,2024-01-09T04:08:36Z,epli2,https://github.com/keploy/keploy/issues/1274
1272,keploy,[bug]: failed to run script commands in the -c flag,closed,2023-12-31T06:26:52Z,2024-01-01T09:21:16Z,re-Tick,https://github.com/keploy/keploy/issues/1272
1270,keploy,`keploy test` completes successfully in projects without test sets,closed,2023-12-30T05:37:47Z,2024-04-15T02:57:46Z,milinddethe15,https://github.com/keploy/keploy/issues/1270
1269,keploy,[docs]: unnecessary table of content in keploy docs,closed,2023-12-29T15:49:50Z,2024-01-04T08:33:01Z,officialasishkumar,https://github.com/keploy/keploy/issues/1269
1268,keploy,[docs]: Wrong title in docs,closed,2023-12-29T15:36:48Z,2024-01-04T08:50:34Z,officialasishkumar,https://github.com/keploy/keploy/issues/1268
1267,keploy,correct alias for docker image and locally created image,closed,2023-12-29T13:48:01Z,2024-04-11T12:42:15Z,EraKin575,https://github.com/keploy/keploy/issues/1267
1262,keploy,[feature]: hide file details of keploy logger in binary,closed,2023-12-28T10:46:06Z,2023-12-28T11:37:11Z,shivamsouravjha,https://github.com/keploy/keploy/issues/1262
1260,keploy,*tls.permanentError: write tcp 192.168.1.113:16789->192.168.1.113:38774: write: broken pipe,closed,2023-12-28T07:58:03Z,2024-11-26T11:33:36Z,sentry[bot],https://github.com/keploy/keploy/issues/1260
1259,keploy,*errors.errorString: failed to get the record config from config file due to error: yaml: unmarshal errors:,closed,2023-12-28T07:55:40Z,2024-01-23T06:29:13Z,sentry[bot],https://github.com/keploy/keploy/issues/1259
1258,keploy,[bug]: typo of word catalog,closed,2023-12-28T06:40:52Z,2023-12-28T07:54:58Z,officialasishkumar,https://github.com/keploy/keploy/issues/1258
1257,keploy,Change in docker alias for Mac,closed,2023-12-27T18:03:27Z,2024-02-17T14:01:55Z,EraKin575,https://github.com/keploy/keploy/issues/1257
1255,keploy,*errors.errorString: test failure occured when running keploy tests along with unit tests,closed,2023-12-27T08:48:50Z,2024-06-27T08:14:05Z,sentry[bot],https://github.com/keploy/keploy/issues/1255
1253,keploy,please provide container name in case of docker-compose file,closed,2023-12-27T08:35:12Z,2024-06-27T08:15:04Z,sentry[bot],https://github.com/keploy/keploy/issues/1253
1252,keploy,"*exec.Error: exec: ""monitoring"": executable file not found in $PATH",closed,2023-12-27T08:27:26Z,2024-11-26T11:30:35Z,sentry[bot],https://github.com/keploy/keploy/issues/1252
1250,keploy,[bug]: Duplicates in golang/Mux + Postgres in docs,closed,2023-12-26T13:47:44Z,2023-12-28T06:19:35Z,officialasishkumar,https://github.com/keploy/keploy/issues/1250
1247,keploy,[docs]: Remove repeating installation in samples-mux,closed,2023-12-26T10:18:33Z,2023-12-26T10:25:09Z,shivamsouravjha,https://github.com/keploy/keploy/issues/1247
1245,keploy,[feature]: add mock record and mock test in CI,closed,2023-12-26T07:20:14Z,2024-02-02T11:07:11Z,shivamsouravjha,https://github.com/keploy/keploy/issues/1245
1244,keploy,[feature]: Keploy test should throw non-zero exit code to notify the GitHub action,closed,2023-12-24T07:14:32Z,2024-01-24T06:38:52Z,re-Tick,https://github.com/keploy/keploy/issues/1244
1241,keploy,[feature]: Rectify Broken Author Profile on Blog Page and Enhance Features,closed,2023-12-21T12:36:53Z,2024-02-17T13:58:05Z,Arindam200,https://github.com/keploy/keploy/issues/1241
1240,keploy,[feature]: Implement and Rectify Table of Contents for Blog Posts,closed,2023-12-21T12:34:31Z,2024-03-13T15:33:17Z,Arindam200,https://github.com/keploy/keploy/issues/1240
1239,keploy,[feature]: Ensure Consistent Font Usage Across Blog Website and Main Website,closed,2023-12-21T12:28:48Z,2024-03-13T15:33:27Z,Arindam200,https://github.com/keploy/keploy/issues/1239
1238,keploy,[feature]: Standardize Single Blog Post Page Design,closed,2023-12-21T12:25:53Z,2024-04-11T12:27:21Z,Arindam200,https://github.com/keploy/keploy/issues/1238
1237,keploy,[feature]: Enhance Home Page Design of Blog Website for Latest Posts Display,closed,2023-12-21T12:15:55Z,2024-02-17T13:56:31Z,Arindam200,https://github.com/keploy/keploy/issues/1237
1236,keploy,[feature]: Align Blog Website Footer with Main Website for Clarity,closed,2023-12-21T12:04:22Z,2024-01-31T08:28:48Z,Arindam200,https://github.com/keploy/keploy/issues/1236
1235,keploy,[feature]: Improve Blog Website Header to Match Main Website,closed,2023-12-21T11:55:24Z,2024-02-06T10:11:08Z,Arindam200,https://github.com/keploy/keploy/issues/1235
1234,keploy,[docs]: documentation of execute e2e with unit testcases via typescript-sdk,closed,2023-12-21T11:09:04Z,2024-01-02T07:03:17Z,shivamsouravjha,https://github.com/keploy/keploy/issues/1234
1233,keploy,[bug]: unable to complete subsequent requests after first request in some java spring boot applications.,closed,2023-12-21T11:07:50Z,2024-06-27T08:16:30Z,gouravkrosx,https://github.com/keploy/keploy/issues/1233
1230,keploy,[feature]: Docker support for Keploy installation on Darwin,closed,2023-12-21T09:44:34Z,2023-12-27T12:34:46Z,shivamsouravjha,https://github.com/keploy/keploy/issues/1230
1227,keploy,[feature]: Add Missing Repositories to Issue Templates,closed,2023-12-20T15:43:07Z,2023-12-21T08:56:33Z,Arindam200,https://github.com/keploy/keploy/issues/1227
1225,keploy,[bug]: adding log for permission denied while using keploy in home using docker,closed,2023-12-19T13:19:08Z,2024-08-05T13:00:34Z,shivamsouravjha,https://github.com/keploy/keploy/issues/1225
1221,keploy,[docs]: Images Not Displaying on MongoDB Dependencies Page,closed,2023-12-18T13:19:44Z,2023-12-28T07:51:13Z,Arindam200,https://github.com/keploy/keploy/issues/1221
1219,keploy,[feature]: workflow test for single test suites,closed,2023-12-18T09:04:23Z,2023-12-18T10:53:13Z,shivamsouravjha,https://github.com/keploy/keploy/issues/1219
1216,keploy,[feature]: add golint in pipeline,closed,2023-12-18T07:18:05Z,2024-02-20T12:10:59Z,shivamsouravjha,https://github.com/keploy/keploy/issues/1216
1215,keploy,[refactor]: remove unused files,closed,2023-12-18T07:14:46Z,2023-12-18T08:41:07Z,shivamsouravjha,https://github.com/keploy/keploy/issues/1215
1544,keploy,Create a dockerfile for the gql-mongo to build and run docker image,closed,2023-12-16T18:38:21Z,2024-06-27T09:48:00Z,re-Tick,https://github.com/keploy/keploy/issues/1544
1212,keploy,[bug]: Fix indent,closed,2023-12-15T12:00:05Z,2023-12-18T06:40:20Z,shivamsouravjha,https://github.com/keploy/keploy/issues/1212
1210,keploy,[bug]: The testing pipeline is failing due to new config changes,closed,2023-12-15T09:54:41Z,2023-12-15T10:28:33Z,charankamarapu,https://github.com/keploy/keploy/issues/1210
1209,keploy,[bug]: Keploy is exhibiting unexpected behavior when used with applications that have two or more databases,closed,2023-12-15T07:29:03Z,2024-01-03T10:44:40Z,charankamarapu,https://github.com/keploy/keploy/issues/1209
1202,keploy,[bug]: refactor delay flag log,closed,2023-12-14T11:10:57Z,2023-12-20T16:40:08Z,shivamsouravjha,https://github.com/keploy/keploy/issues/1202
1201,keploy,[bug]: remove unused directory and files,closed,2023-12-14T11:03:58Z,2023-12-15T09:35:25Z,shivamsouravjha,https://github.com/keploy/keploy/issues/1201
1200,keploy,[feature]: add keploy serve command in keploy workflow,closed,2023-12-14T10:14:09Z,2023-12-15T11:48:06Z,shivamsouravjha,https://github.com/keploy/keploy/issues/1200
1199,keploy,[bug]: remove dual commands for docker in keploy cli,closed,2023-12-14T10:03:00Z,2023-12-14T18:17:41Z,shivamsouravjha,https://github.com/keploy/keploy/issues/1199
1198,keploy,[feature]: add passthroughHosts via CLI and config,closed,2023-12-14T08:51:16Z,2024-01-26T02:09:57Z,shivamsouravjha,https://github.com/keploy/keploy/issues/1198
1197,keploy,[bug]: ISSUE WHILE HOVERING THE BUTTONS,closed,2023-12-14T04:38:11Z,2024-01-31T10:11:51Z,N0vice17,https://github.com/keploy/keploy/issues/1197
1196,keploy,[feature]: Passthrough for telemetry calls in user application,closed,2023-12-13T10:27:12Z,2023-12-14T07:38:08Z,shivamsouravjha,https://github.com/keploy/keploy/issues/1196
1194,keploy,[bug]: MySQL 8.0 server is not getting started in while running the recorded tests,closed,2023-12-13T06:27:59Z,2024-06-27T08:59:28Z,jitendrapisal55,https://github.com/keploy/keploy/issues/1194
1193,keploy,[docs]: Unable to run the go lang mux app in the documentation,closed,2023-12-12T15:20:20Z,2023-12-18T07:47:08Z,priyankkumar218,https://github.com/keploy/keploy/issues/1193
1191,keploy,[bug]: new users getting `runtime error: invalid memory address or nil pointer dereference`,closed,2023-12-12T10:16:02Z,2023-12-12T12:11:02Z,gouravkrosx,https://github.com/keploy/keploy/issues/1191
1190,keploy,[feature]: combined test summary report,closed,2023-12-12T09:11:29Z,2024-02-10T17:12:35Z,Sonichigo,https://github.com/keploy/keploy/issues/1190
1188,keploy,[bug]: unable to record custom name test cases,closed,2023-12-11T13:24:55Z,2023-12-14T08:49:35Z,gouravkrosx,https://github.com/keploy/keploy/issues/1188
1185,keploy,[docs]: Incomplete Dependency Installation Command in Dev Guides Doc,closed,2023-12-10T05:37:59Z,2023-12-14T06:47:15Z,Arindam200,https://github.com/keploy/keploy/issues/1185
1184,keploy,[docs]: remove redundant lines from mux-postgres app guide in docs,closed,2023-12-08T07:57:10Z,2024-01-04T10:40:46Z,Shashwat79802,https://github.com/keploy/keploy/issues/1184
1180,keploy,[docs]: code snippets in configuration-file page needs an update,closed,2023-12-06T02:57:37Z,2023-12-14T17:50:31Z,AkashKumar7902,https://github.com/keploy/keploy/issues/1180
1177,keploy,[docs]: adding samples rust to docs website,closed,2023-12-05T13:00:15Z,2024-01-19T08:32:34Z,Shashwat79802,https://github.com/keploy/keploy/issues/1177
1175,keploy,[docs]: docs creation for new samples-java apps,closed,2023-12-05T11:57:00Z,2024-02-02T04:07:31Z,Shashwat79802,https://github.com/keploy/keploy/issues/1175
1172,keploy,[feature]: capture the code coverage for the go binaries in test cmd,closed,2023-12-05T09:55:13Z,2023-12-05T09:56:17Z,re-Tick,https://github.com/keploy/keploy/issues/1172
1170,keploy,[bug]:  Update error concat with Keploy emoji,closed,2023-12-04T12:08:17Z,2023-12-26T11:35:39Z,shivamsouravjha,https://github.com/keploy/keploy/issues/1170
1169,keploy,[bug]: Running test report for the failed api request in test mode,closed,2023-12-04T08:17:13Z,2023-12-13T08:18:24Z,re-Tick,https://github.com/keploy/keploy/issues/1169
1168,keploy,[docs]: Typo in the MongoDB Connection String in Sample bunjs Docs,closed,2023-12-03T21:03:48Z,2023-12-05T06:06:54Z,Arindam200,https://github.com/keploy/keploy/issues/1168
1167,keploy,[bug]: failed to find container error,closed,2023-12-02T07:06:01Z,2023-12-02T10:56:39Z,charankamarapu,https://github.com/keploy/keploy/issues/1167
1161,keploy,[bug]: keploy-config throwing error when containerName is not provided.,closed,2023-12-01T10:02:44Z,2023-12-01T11:57:20Z,charankamarapu,https://github.com/keploy/keploy/issues/1161
1153,keploy,[docs]: add the documentation for keploy's example command,closed,2023-11-30T07:44:40Z,2023-12-07T05:02:47Z,Shashwat79802,https://github.com/keploy/keploy/issues/1153
1152,keploy,[bug]: GenerateConfig doesn't return after logging error,closed,2023-11-30T07:05:18Z,2023-12-14T11:32:41Z,shivamsouravjha,https://github.com/keploy/keploy/issues/1152
1150,keploy,refactor: make telemetry events async,closed,2023-11-29T18:47:20Z,2023-12-01T06:13:46Z,gouravkrosx,https://github.com/keploy/keploy/issues/1150
1148,keploy,implement passthrough for postgres in case it fails to get a mock(similiar to mongo),closed,2023-11-29T15:26:23Z,2023-12-28T11:44:54Z,EraKin575,https://github.com/keploy/keploy/issues/1148
1145,keploy,[bug]: Generate-config is write-protected,closed,2023-11-29T07:46:03Z,2023-11-30T06:39:20Z,PranshuSrivastava,https://github.com/keploy/keploy/issues/1145
1144,keploy,[feature]: add custom timeout in colima status,closed,2023-11-29T07:39:02Z,2023-11-30T12:12:43Z,shivamsouravjha,https://github.com/keploy/keploy/issues/1144
1143,keploy,[bug]: Uncontrolled data used in path expression,closed,2023-11-29T06:23:53Z,2024-02-07T18:21:02Z,shivamsouravjha,https://github.com/keploy/keploy/issues/1143
1142,keploy,[refactor]: samples java workflow needs to be refactor to do build checks inside the sample app directories.,closed,2023-11-28T13:17:50Z,2023-12-09T12:54:34Z,Shashwat79802,https://github.com/keploy/keploy/issues/1142
1140,keploy,[bug]: failed to write health check opmsg to mongo client,closed,2023-11-28T10:25:12Z,2024-06-27T09:00:00Z,gouravkrosx,https://github.com/keploy/keploy/issues/1140
1139,keploy,refactor: need refactoring in java-sdk to support new approach of keploy serve command,closed,2023-11-28T09:32:58Z,2023-12-08T08:22:55Z,gouravkrosx,https://github.com/keploy/keploy/issues/1139
1135,keploy,[feature]: Add support to pass through given ports to avoid redirecting to proxy.,closed,2023-11-27T09:00:24Z,2023-11-28T06:37:41Z,gouravkrosx,https://github.com/keploy/keploy/issues/1135
1134,keploy,[docs]: Typo in Command for Capturing Test Cases in Samples-BunJS Documentation,closed,2023-11-26T12:40:38Z,2023-11-29T08:53:21Z,Arindam200,https://github.com/keploy/keploy/issues/1134
1129,keploy,[bug]: fails for documentDB auth calls,closed,2023-11-24T20:09:08Z,2023-11-28T06:26:02Z,re-Tick,https://github.com/keploy/keploy/issues/1129
1127,keploy,[bug]: chunked http response fails when latency > 5s,closed,2023-11-24T11:58:00Z,2023-11-25T08:00:50Z,slayerjain,https://github.com/keploy/keploy/issues/1127
1126,keploy,[feature]: Refactor the installation option in One Click Install,closed,2023-11-24T07:57:31Z,2024-06-27T09:01:13Z,shivamsouravjha,https://github.com/keploy/keploy/issues/1126
1125,keploy,[docs]: Add Deduplication Algorithm Explanation to Glossary for Clarity in FAQ,closed,2023-11-23T21:06:37Z,2023-11-29T11:45:11Z,Arindam200,https://github.com/keploy/keploy/issues/1125
1123,keploy,[feature]: TestCaseDB interface functions can be modified to support interface mock structure.,closed,2023-11-23T07:47:18Z,2023-12-14T11:24:28Z,shivamsouravjha,https://github.com/keploy/keploy/issues/1123
1121,keploy,[feature]: add noise support for serve command,closed,2023-11-22T18:20:29Z,2024-07-08T09:21:39Z,AkashKumar7902,https://github.com/keploy/keploy/issues/1121
1120,keploy,[bug]: keploy directory permission issues with golang,closed,2023-11-22T11:27:23Z,2024-11-26T11:29:19Z,slayerjain,https://github.com/keploy/keploy/issues/1120
1118,keploy,[bug]: errors in keploy-config file should not stop keploy if cli flags are enabled,closed,2023-11-22T05:29:44Z,2023-11-23T19:16:56Z,Sarthak160,https://github.com/keploy/keploy/issues/1118
1116,keploy,[bug]: cobra command showing default autocompletion command,closed,2023-11-20T18:10:26Z,2023-11-23T18:53:51Z,PranshuSrivastava,https://github.com/keploy/keploy/issues/1116
1114,keploy,Issue while running mocktest,closed,2023-11-16T08:03:05Z,2023-11-20T15:53:21Z,officialasishkumar,https://github.com/keploy/keploy/issues/1114
1113,keploy,[bug]: noiseJSON in schema resolver throws error in case of empty noise string,closed,2023-11-16T06:04:32Z,2023-11-24T09:00:24Z,shivamsouravjha,https://github.com/keploy/keploy/issues/1113
1108,keploy,[bug]: keploy testcases not running because of recent changes to the model,closed,2023-11-13T17:32:42Z,2023-11-14T17:14:18Z,AkashKumar7902,https://github.com/keploy/keploy/issues/1108
1107,keploy,[bug]: failure in handling TLS connection in python,closed,2023-11-13T05:52:45Z,2023-11-14T08:13:15Z,Shashwat79802,https://github.com/keploy/keploy/issues/1107
1105,keploy,[bug]: Keploy failed to upgrade to TLS connection during handshake in MYSQL,closed,2023-11-10T16:18:01Z,2024-11-26T11:28:11Z,Hermione2408,https://github.com/keploy/keploy/issues/1105
1104,keploy,I have searched the existing issues,closed,2023-11-10T09:33:41Z,2023-11-23T04:27:06Z,re-Tick,https://github.com/keploy/keploy/issues/1104
1103,keploy,[bug]: test run fails for the gin-mongo which connects to DocumentDB,closed,2023-11-10T06:14:02Z,2023-11-10T06:44:02Z,re-Tick,https://github.com/keploy/keploy/issues/1103
1101,keploy,[docs]: add documentation for config file,closed,2023-11-09T18:55:19Z,2023-12-07T07:26:04Z,AkashKumar7902,https://github.com/keploy/keploy/issues/1101
1099,keploy,[bug]: the logic to compare two slices in jsonMatch() function should be changed.,closed,2023-11-09T17:58:01Z,2023-12-14T08:28:17Z,AkashKumar7902,https://github.com/keploy/keploy/issues/1099
1097,keploy,[bug]: Accessing an empty test-report from the map when user app is not started,closed,2023-11-09T05:51:29Z,2024-06-27T07:55:39Z,re-Tick,https://github.com/keploy/keploy/issues/1097
1095,keploy,[bug]: Keploy not starting because of /tmp/keploy-logs.txt,closed,2023-11-08T05:28:06Z,2023-11-08T05:29:25Z,PranshuSrivastava,https://github.com/keploy/keploy/issues/1095
1094,keploy,[bug]: Sentry doesn't work properly with Keploy,closed,2023-11-08T05:14:48Z,2023-11-08T05:18:00Z,PranshuSrivastava,https://github.com/keploy/keploy/issues/1094
1092,keploy,[bug]: slice out of bound for postgress dependency,closed,2023-11-07T12:24:53Z,2023-11-09T05:46:56Z,re-Tick,https://github.com/keploy/keploy/issues/1092
1090,keploy,[refactor]: Test report creation flow,closed,2023-11-07T09:45:17Z,2023-12-15T09:43:24Z,shivamsouravjha,https://github.com/keploy/keploy/issues/1090
1088,keploy,[feature]: enhance the generic dependency to enable handling of communication from both client and server,closed,2023-11-07T07:38:17Z,2023-11-08T07:41:11Z,shivamsouravjha,https://github.com/keploy/keploy/issues/1088
1087,keploy,[feature]: Language test via keploy serve command,closed,2023-11-07T07:19:41Z,2023-11-07T07:20:33Z,shivamsouravjha,https://github.com/keploy/keploy/issues/1087
1082,keploy,[bug]: keploy not able to record tests properly for high traffic,closed,2023-11-07T05:42:08Z,2023-11-07T05:47:48Z,gouravkrosx,https://github.com/keploy/keploy/issues/1082
1081,keploy,[feature]: Create a Testing Framework for KEPLOY Functionality Validation,closed,2023-11-07T04:36:12Z,2023-11-07T05:48:59Z,gouravkrosx,https://github.com/keploy/keploy/issues/1081
1080,keploy,[feature]: enhance the generic dependency to enable handling of all types of TCP packet communications.,closed,2023-11-07T04:00:09Z,2023-11-07T04:01:30Z,re-Tick,https://github.com/keploy/keploy/issues/1080
1079,keploy,[docs]: MongoDB Support section is not well explained,closed,2023-11-06T10:48:26Z,2023-12-09T16:39:25Z,Swpn0neel,https://github.com/keploy/keploy/issues/1079
1076,keploy,[bug]: Design inconsistency in website,closed,2023-11-05T10:16:49Z,2023-11-06T14:19:04Z,Swpn0neel,https://github.com/keploy/keploy/issues/1076
1074,keploy,[bug]: test fails for the node mongo application with mongoose library,closed,2023-11-05T07:12:35Z,2023-11-05T07:40:38Z,re-Tick,https://github.com/keploy/keploy/issues/1074
1065,keploy,[bug]: Make docker compose startup time configurable,closed,2023-11-03T07:10:55Z,2023-12-10T17:43:01Z,gouravkrosx,https://github.com/keploy/keploy/issues/1065
1062,keploy,[bug]: I/O timeout error when trying to record http mock,closed,2023-11-02T18:50:30Z,2023-11-03T05:43:50Z,gouravkrosx,https://github.com/keploy/keploy/issues/1062
1059,keploy,[feature]: Add option to configure recording of test cases,closed,2023-11-02T07:07:39Z,2023-11-21T12:11:37Z,gouravkrosx,https://github.com/keploy/keploy/issues/1059
1056,keploy,[bug]: test fails for API making mongo calls with error logs in the OpMsg Section,closed,2023-11-02T05:50:53Z,2023-12-07T06:20:32Z,re-Tick,https://github.com/keploy/keploy/issues/1056
1054,keploy,[docs]: One click install,closed,2023-11-01T11:09:04Z,2023-11-01T11:11:13Z,shivamsouravjha,https://github.com/keploy/keploy/issues/1054
1052,keploy,[feature]: new examples for one click install,closed,2023-11-01T09:29:50Z,2023-11-01T13:09:04Z,shivamsouravjha,https://github.com/keploy/keploy/issues/1052
1051,keploy,add automatic port change if the port is busy,closed,2023-10-31T16:48:00Z,2023-11-10T10:33:26Z,EraKin575,https://github.com/keploy/keploy/issues/1051
1049,keploy,"[bug]: keploy is having trouble mounting a file in a directory, in docker.",closed,2023-10-30T08:35:06Z,2023-12-11T14:21:08Z,Sonichigo,https://github.com/keploy/keploy/issues/1049
1048,keploy,[feature]: sample application for redis app,closed,2023-10-30T07:40:21Z,2023-11-07T07:31:19Z,shivamsouravjha,https://github.com/keploy/keploy/issues/1048
1043,keploy,[feature]: add option for storing tests and mocks in a DB instead of yaml,closed,2023-10-26T07:16:01Z,2023-12-06T06:52:44Z,Sarthak160,https://github.com/keploy/keploy/issues/1043
1042,keploy,[docs]: broken links present in mux-sql sample app documentation,closed,2023-10-26T06:31:50Z,2023-10-26T17:29:09Z,Sonichigo,https://github.com/keploy/keploy/issues/1042
1041,keploy,[bug]: binary not found for integration with go unit tests,closed,2023-10-25T09:21:25Z,2023-11-06T06:56:16Z,re-Tick,https://github.com/keploy/keploy/issues/1041
1040,keploy,[feature]: Add sample apps for rust to showcase keploy capabilities,closed,2023-10-23T13:16:43Z,2024-11-26T11:24:15Z,Sarthak160,https://github.com/keploy/keploy/issues/1040
1039,keploy,[bug]: error postgres parser in test mode,closed,2023-10-23T06:38:16Z,2024-06-27T08:36:01Z,0xVikasRushi,https://github.com/keploy/keploy/issues/1039
1037,keploy,[docs]: update macOS documentation for changing alias,closed,2023-10-21T06:29:21Z,2023-11-28T11:40:13Z,0xVikasRushi,https://github.com/keploy/keploy/issues/1037
1033,keploy,[feature]: move duplicate functions from different parser into single utility file,closed,2023-10-20T13:55:39Z,2023-10-24T08:47:02Z,Sarthak160,https://github.com/keploy/keploy/issues/1033
1032,keploy,[bug]: add correct version in sentry,closed,2023-10-19T09:17:48Z,2023-11-10T08:42:31Z,charankamarapu,https://github.com/keploy/keploy/issues/1032
1031,keploy,[feature]: validate and integrate elastic-search applications with V2,closed,2023-10-19T07:45:22Z,2024-11-26T11:22:53Z,Sarthak160,https://github.com/keploy/keploy/issues/1031
1029,keploy,[bug]: version not mentioned in docker and binary release,closed,2023-10-19T05:54:57Z,2023-10-19T09:14:25Z,charankamarapu,https://github.com/keploy/keploy/issues/1029
1028,keploy,[docs]: typo in generate keploy binary command,closed,2023-10-18T16:53:34Z,2023-12-07T07:32:00Z,0xVikasRushi,https://github.com/keploy/keploy/issues/1028
1026,keploy,[bug]: missing log for the result of the test for individual test-sets,closed,2023-10-18T07:34:58Z,2023-10-18T07:43:26Z,re-Tick,https://github.com/keploy/keploy/issues/1026
1021,keploy,[feature]: Nest.JS + PostgreSQL integration example,closed,2023-10-17T06:32:41Z,2024-07-08T09:22:58Z,SohamRatnaparkhi,https://github.com/keploy/keploy/issues/1021
1019,keploy,[bug]: unnecessary error log in test mode in docker,closed,2023-10-16T15:22:06Z,2023-10-16T18:03:17Z,charankamarapu,https://github.com/keploy/keploy/issues/1019
1016,keploy,[feature]: add support for DocumentDB to mock the external calls,closed,2023-10-15T18:20:44Z,2023-11-07T09:22:42Z,re-Tick,https://github.com/keploy/keploy/issues/1016
1013,keploy,[feature]: add more sample apps using postgreSql as their dependency,closed,2023-10-14T14:43:36Z,2024-07-08T09:23:08Z,Sarthak160,https://github.com/keploy/keploy/issues/1013
1012,keploy,[feature]: add support to configure global noisy parameters in the response,closed,2023-10-14T14:38:18Z,2023-11-10T18:30:21Z,Sarthak160,https://github.com/keploy/keploy/issues/1012
1009,keploy,[feature]: Check for docker installed,closed,2023-10-14T10:39:48Z,2023-11-07T07:32:06Z,shivamsouravjha,https://github.com/keploy/keploy/issues/1009
1003,keploy,[bug]: Incomplete data in recordTestAndMocks event,closed,2023-10-12T11:08:28Z,2024-07-05T15:39:48Z,charankamarapu,https://github.com/keploy/keploy/issues/1003
1002,keploy,[feature]: add debugger guide for keploy in dev guide and keploy repo,closed,2023-10-12T11:06:15Z,2024-02-01T07:22:12Z,charankamarapu,https://github.com/keploy/keploy/issues/1002
1001,keploy,[feature]: change .keploy-config to .keploy,closed,2023-10-12T11:03:05Z,2024-01-31T11:19:23Z,charankamarapu,https://github.com/keploy/keploy/issues/1001
1000,keploy,[feature]: keploy proxy server port should be customizable,closed,2023-10-12T07:02:03Z,2023-10-16T18:32:21Z,gouravkrosx,https://github.com/keploy/keploy/issues/1000
997,keploy,[feature]: logger with different color for each level,closed,2023-10-11T17:30:17Z,2023-10-25T09:00:13Z,AkashKumar7902,https://github.com/keploy/keploy/issues/997
996,keploy,[docs]: Wrong command to Capture test cases,closed,2023-10-11T14:55:04Z,2024-01-04T15:11:58Z,Arindam200,https://github.com/keploy/keploy/issues/996
994,keploy,[feature]: one touch install keploy,closed,2023-10-10T17:01:53Z,2023-10-14T08:20:02Z,shivamsouravjha,https://github.com/keploy/keploy/issues/994
992,keploy,[feature] : Create Sample-apps and integrate Keploy,closed,2023-10-10T15:30:06Z,2024-07-08T09:23:16Z,Sonichigo,https://github.com/keploy/keploy/issues/992
989,keploy,[docs]: K should be small in NodeJS Sample Application Doc,closed,2023-10-10T07:31:30Z,2023-10-10T14:54:24Z,Praashh,https://github.com/keploy/keploy/issues/989
987,keploy,[docs]: remove `--rm` flag from the record and test-mode in the samples-go,closed,2023-10-09T15:53:22Z,2023-10-10T15:03:27Z,Sonichigo,https://github.com/keploy/keploy/issues/987
986,keploy,[bug]: check build for arm architecture,closed,2023-10-09T12:41:22Z,2023-10-12T07:11:43Z,charankamarapu,https://github.com/keploy/keploy/issues/986
984,keploy,[bug]: `tcp_v4_connect` in tracefs: creating probe entry on tracefs: error opening,closed,2023-10-09T10:40:24Z,2024-06-27T08:02:30Z,gouravkrosx,https://github.com/keploy/keploy/issues/984
977,keploy,[bug]: the logo of the twitter is not updated,closed,2023-10-06T16:01:17Z,2024-01-31T12:28:22Z,Rohit-Sharmaa,https://github.com/keploy/keploy/issues/977
976,keploy,[docs]: add documentation for the new feature to name testcases,closed,2023-10-06T13:54:23Z,2023-10-15T12:26:46Z,AkashKumar7902,https://github.com/keploy/keploy/issues/976
974,keploy,[bug]: unable to connect to database in case of docker where there is no-retry,closed,2023-10-06T13:40:19Z,2023-10-10T06:19:13Z,gouravkrosx,https://github.com/keploy/keploy/issues/974
973,keploy,[bug]: fix broken urls,closed,2023-10-06T13:32:30Z,2023-10-25T08:54:02Z,nehagup,https://github.com/keploy/keploy/issues/973
972,keploy,[docs]: remove duplicate titles and increase title lengths,closed,2023-10-06T12:48:56Z,2023-11-20T16:05:42Z,nehagup,https://github.com/keploy/keploy/issues/972
970,keploy,[feature]: sample app for Golang and DynamoDB,closed,2023-10-06T08:51:43Z,2023-11-29T10:09:31Z,shivamsouravjha,https://github.com/keploy/keploy/issues/970
968,keploy,[docs]: Typo in Sample node.js Application setup,closed,2023-10-06T06:15:57Z,2023-10-12T11:22:39Z,Arindam200,https://github.com/keploy/keploy/issues/968
967,keploy,[docs]: add alt attributes to all the images in the docs,closed,2023-10-06T02:22:44Z,2023-10-09T10:53:45Z,Shashwat79802,https://github.com/keploy/keploy/issues/967
966,keploy,[docs]: update the duplicate title tags,closed,2023-10-06T01:55:38Z,2024-04-11T12:33:41Z,Shashwat79802,https://github.com/keploy/keploy/issues/966
965,keploy,[docs]: Update Folder Path in  Setup application of Express-Mongo,closed,2023-10-05T20:53:37Z,2023-10-14T08:26:08Z,Arindam200,https://github.com/keploy/keploy/issues/965
964,keploy,[bug]: github action fails on go build,closed,2023-10-05T20:00:01Z,2023-10-09T12:53:31Z,charankamarapu,https://github.com/keploy/keploy/issues/964
962,keploy,[bug]: control c not working when container gives an error,closed,2023-10-05T19:44:34Z,2023-10-07T19:18:01Z,charankamarapu,https://github.com/keploy/keploy/issues/962
960,keploy,[feature]: skip the empty curl field for the yaml docs,closed,2023-10-05T12:07:44Z,2023-10-08T07:00:56Z,re-Tick,https://github.com/keploy/keploy/issues/960
959,keploy,[feature]: dynamodb support for golang,closed,2023-10-05T09:59:18Z,2023-10-05T10:00:05Z,shivamsouravjha,https://github.com/keploy/keploy/issues/959
958,keploy,[bug]: unknown tls certificate for outgoing dynamodb call for java,closed,2023-10-05T07:41:34Z,2024-06-27T08:03:12Z,shivamsouravjha,https://github.com/keploy/keploy/issues/958
957,keploy,[docs]:,closed,2023-10-05T07:11:25Z,2023-10-05T07:11:34Z,re-Tick,https://github.com/keploy/keploy/issues/957
955,keploy,[feature]: update samples java according to v2 compatibility,closed,2023-10-04T13:46:47Z,2023-12-06T06:55:50Z,Sarthak160,https://github.com/keploy/keploy/issues/955
952,keploy,[feature]: add support for running a given test-sets in test cmd,closed,2023-10-04T08:48:48Z,2023-10-10T06:29:58Z,re-Tick,https://github.com/keploy/keploy/issues/952
950,keploy,[feature]: readable mocks if the buffer is sent in a readable format,closed,2023-10-04T07:56:23Z,2023-10-05T09:46:13Z,shivamsouravjha,https://github.com/keploy/keploy/issues/950
948,keploy,[feature]: create a keploy config file for the user specific modifications,closed,2023-10-04T06:54:33Z,2023-10-26T06:05:21Z,Sarthak160,https://github.com/keploy/keploy/issues/948
947,keploy,[docs]: Minor fixes in dev-guide,closed,2023-10-04T06:46:37Z,2023-10-10T15:00:13Z,tomargovind,https://github.com/keploy/keploy/issues/947
946,keploy,[docs]: Remove the `--rm` flag from record and test command,closed,2023-10-04T06:20:40Z,2023-10-10T15:01:12Z,tomargovind,https://github.com/keploy/keploy/issues/946
942,keploy,[bug]: Wrong test_case_path in report.yaml,closed,2023-10-03T18:56:15Z,2023-10-04T07:00:22Z,AkashKumar7902,https://github.com/keploy/keploy/issues/942
941,keploy,[feature]: Adding support of V2 SDK for JS,closed,2023-10-03T06:39:52Z,2023-10-03T06:40:53Z,shivamsouravjha,https://github.com/keploy/keploy/issues/941
940,keploy,[feature]: Decode back yamls into go structs to encode into tcp buffer,closed,2023-10-02T19:58:33Z,2023-10-02T20:00:08Z,Sarthak160,https://github.com/keploy/keploy/issues/940
939,keploy,[feature]: Parse postgres wire protocol in the form of readable go structs,closed,2023-10-02T19:42:57Z,2023-10-02T19:44:48Z,Sarthak160,https://github.com/keploy/keploy/issues/939
938,keploy,[bug]: when user application handles interrupt keploy logs are improper,closed,2023-10-02T19:41:38Z,2023-10-02T19:43:11Z,charankamarapu,https://github.com/keploy/keploy/issues/938
937,keploy,[bug]:  Postgres breaking during initialization in python and JS clients,closed,2023-10-02T19:23:36Z,2023-10-02T19:24:44Z,Sarthak160,https://github.com/keploy/keploy/issues/937
936,keploy,[bug]: last testcase is always failng while running a testrun,closed,2023-10-02T19:16:00Z,2023-10-02T19:17:25Z,Sarthak160,https://github.com/keploy/keploy/issues/936
934,keploy,[feature]:  Add sentry and improve logging,closed,2023-10-02T18:32:22Z,2023-10-03T06:30:56Z,PranshuSrivastava,https://github.com/keploy/keploy/issues/934
932,keploy,[bug]: Header diffs sometimes misses the keys,closed,2023-10-02T09:12:24Z,2023-10-17T05:38:26Z,slayerjain,https://github.com/keploy/keploy/issues/932
930,keploy,[bug]: keploy fails to generate http mock for node v18.x.x,closed,2023-09-30T20:57:11Z,2023-10-09T11:05:19Z,gouravkrosx,https://github.com/keploy/keploy/issues/930
926,keploy,[feature]: Allow mocktest to be used without unit tests as well.,closed,2023-09-29T09:03:53Z,2024-06-27T08:04:24Z,PranshuSrivastava,https://github.com/keploy/keploy/issues/926
925,keploy,[feature]: Allow mockrecord to be used without unit tests as well.,closed,2023-09-29T09:01:41Z,2024-06-27T08:04:38Z,PranshuSrivastava,https://github.com/keploy/keploy/issues/925
924,keploy,[docs]: broken link in contributing.md,closed,2023-09-29T05:36:27Z,2023-10-16T02:59:32Z,sambhavgupta0705,https://github.com/keploy/keploy/issues/924
923,keploy,[bug]: Keploy fails to add Ca certificates for many distros,closed,2023-09-28T18:16:27Z,2023-09-28T18:17:17Z,PranshuSrivastava,https://github.com/keploy/keploy/issues/923
922,keploy,[docs]: enhance README with custom test/mock path instructions for keploy,closed,2023-09-28T17:47:57Z,2023-12-07T06:16:02Z,gouravkrosx,https://github.com/keploy/keploy/issues/922
921,keploy,[bug]: keploy doesn't record with docker-compose,closed,2023-09-28T11:24:31Z,2023-09-28T18:21:41Z,nehagup,https://github.com/keploy/keploy/issues/921
918,keploy,[bug]: there is no delay for the simulation of requests in test,closed,2023-09-28T10:35:58Z,2023-09-30T20:12:14Z,re-Tick,https://github.com/keploy/keploy/issues/918
916,keploy,[bug]: TestCase deletion from test-set causing test run failure,closed,2023-09-28T09:32:22Z,2023-10-23T11:05:46Z,charankamarapu,https://github.com/keploy/keploy/issues/916
915,keploy,[feature]: add support for running a particular test case in the test-set,closed,2023-09-28T09:10:11Z,2023-12-09T14:49:55Z,Sarthak160,https://github.com/keploy/keploy/issues/915
914,keploy,[feat]: add a new samples app using typescript & nhost,closed,2023-09-28T08:21:42Z,2024-06-27T09:52:16Z,Sonichigo,https://github.com/keploy/keploy/issues/914
913,keploy,[feat]: add a new samples app using java & mongo,closed,2023-09-28T08:19:14Z,2023-12-05T06:10:34Z,Sonichigo,https://github.com/keploy/keploy/issues/913
912,keploy,[sample-apps]: add a new samples app using java & dynamodb,closed,2023-09-28T08:17:11Z,2024-06-27T09:56:51Z,Sonichigo,https://github.com/keploy/keploy/issues/912
911,keploy,[sample-apps]: add a new samples app using java & postgres,closed,2023-09-28T08:14:31Z,2024-02-05T08:22:53Z,Sonichigo,https://github.com/keploy/keploy/issues/911
910,keploy,[bug]: Unable to make outgoing http call for npm test using jest,closed,2023-09-28T08:01:03Z,2023-11-08T07:40:52Z,shivamsouravjha,https://github.com/keploy/keploy/issues/910
909,keploy,[feature]: Shifting from Keploy V1 to V2 for sample app,closed,2023-09-28T07:29:19Z,2023-09-28T08:21:24Z,shivamsouravjha,https://github.com/keploy/keploy/issues/909
908,keploy,[bug]: Incorrect matching algorithm,closed,2023-09-28T05:47:13Z,2023-10-17T08:25:24Z,charankamarapu,https://github.com/keploy/keploy/issues/908
906,keploy,[bug]: Keploy not terminating immediately when interrupted,closed,2023-09-27T20:39:13Z,2023-09-28T07:28:50Z,charankamarapu,https://github.com/keploy/keploy/issues/906
905,keploy,[docs]: add contribution guidelines of docs repo as a page,closed,2023-09-27T17:40:06Z,2023-10-04T15:35:02Z,nehagup,https://github.com/keploy/keploy/issues/905
901,keploy,[bug]: unprecedented Header for outgoing HTTP request,closed,2023-09-27T11:23:59Z,2023-09-27T18:00:26Z,shivamsouravjha,https://github.com/keploy/keploy/issues/901
900,keploy,"[bug]: In docker, keploy doesn't exit on interuptation.",closed,2023-09-27T11:03:10Z,2023-09-27T12:44:57Z,Sonichigo,https://github.com/keploy/keploy/issues/900
899,keploy,"[bug]: in Node.js, `keep-alive` is present by default",closed,2023-09-27T10:57:26Z,2023-10-03T11:30:10Z,Sonichigo,https://github.com/keploy/keploy/issues/899
898,keploy,[docs]: add docs for arm arch in Linux installation instruction,closed,2023-09-27T10:15:11Z,2023-12-05T19:11:17Z,nehagup,https://github.com/keploy/keploy/issues/898
897,keploy,"[bug]: in docker, keploy throws error after running the test run.",closed,2023-09-27T09:29:26Z,2023-09-27T19:17:00Z,Sonichigo,https://github.com/keploy/keploy/issues/897
896,keploy,[feature]: add Copy Button for Code Blocks/Commands,closed,2023-09-27T09:14:01Z,2023-11-04T15:26:33Z,nehagup,https://github.com/keploy/keploy/issues/896
895,keploy,[bug]: unable to delete keploy containing tests & mocks folder without sudo,closed,2023-09-27T07:14:11Z,2023-12-05T19:10:59Z,gouravkrosx,https://github.com/keploy/keploy/issues/895
894,keploy,[bug]: mongoparser throws error while exiting from the application,closed,2023-09-27T07:09:17Z,2023-10-18T10:54:26Z,Sonichigo,https://github.com/keploy/keploy/issues/894
893,keploy,[feature]: Update the name of the keploy folder,closed,2023-09-27T06:58:36Z,2023-09-27T07:44:57Z,PranshuSrivastava,https://github.com/keploy/keploy/issues/893
888,keploy,[bug]: keploy unable to generate mocks for HTTPS in docker environment,closed,2023-09-26T13:34:52Z,2023-10-31T17:53:12Z,gouravkrosx,https://github.com/keploy/keploy/issues/888
887,keploy,[refactor]: remove the commented code,closed,2023-09-26T12:42:19Z,2023-10-08T06:54:03Z,re-Tick,https://github.com/keploy/keploy/issues/887
886,keploy,[feature]: Add comments in keploy yamls to make better editable experience,closed,2023-09-26T10:04:34Z,2024-06-27T09:55:54Z,Sarthak160,https://github.com/keploy/keploy/issues/886
885,keploy,[bug]: `failed to convert ip string:[] to 32-bit integer` when running keploy in docker environment,closed,2023-09-26T09:24:23Z,2023-10-21T04:09:14Z,gouravkrosx,https://github.com/keploy/keploy/issues/885
884,keploy,[feature]: keploy test reports should be mapped with test-sets as well,closed,2023-09-26T08:53:48Z,2023-09-26T10:56:00Z,Sarthak160,https://github.com/keploy/keploy/issues/884
882,keploy,[bug]: UNABLE_TO_VERIFY_LEAF_SIGNATURE for npm calls,closed,2023-09-26T07:09:12Z,2023-09-26T15:58:50Z,shivamsouravjha,https://github.com/keploy/keploy/issues/882
881,keploy,[feature]: Add curl section in the testcase yamls,closed,2023-09-26T05:24:47Z,2023-10-03T19:16:52Z,charankamarapu,https://github.com/keploy/keploy/issues/881
880,keploy,[feature]: Give an option to user to name testcases,closed,2023-09-26T05:12:56Z,2023-10-09T07:49:37Z,charankamarapu,https://github.com/keploy/keploy/issues/880
878,keploy,[bug]: mockRecord and mockTest commands are not kill by SIGTERM,closed,2023-09-25T18:48:39Z,2023-09-26T07:11:50Z,charankamarapu,https://github.com/keploy/keploy/issues/878
877,keploy,[docs]: replace images with local image links,closed,2023-09-25T13:31:41Z,2023-12-05T19:10:31Z,nehagup,https://github.com/keploy/keploy/issues/877
875,keploy,[docs]: Update the test command in sample gin-mongo application documentation,closed,2023-09-25T13:18:05Z,2023-10-10T15:01:52Z,tomargovind,https://github.com/keploy/keploy/issues/875
873,keploy,[bug]: test-name is empty string when capturing the test-case,closed,2023-09-25T07:11:58Z,2023-09-26T15:51:06Z,Sonichigo,https://github.com/keploy/keploy/issues/873
872,keploy,[feat]: add support for go test cmd for code coverage,closed,2023-09-25T06:33:40Z,2023-09-27T10:29:22Z,re-Tick,https://github.com/keploy/keploy/issues/872
871,keploy,[feature]: support for bunjs with Keploy,closed,2023-09-24T09:10:33Z,2023-09-27T21:26:57Z,shivamsouravjha,https://github.com/keploy/keploy/issues/871
867,keploy,[bug]: wrong version of keploy is displayed when running locally,closed,2023-09-22T14:34:07Z,2023-12-05T19:10:07Z,gouravkrosx,https://github.com/keploy/keploy/issues/867
864,keploy,[bug]: keploy process doesn't stop after running tests along with unit tests in java,closed,2023-09-22T07:09:20Z,2023-09-28T11:28:42Z,gouravkrosx,https://github.com/keploy/keploy/issues/864
863,keploy,[bug]: `sudo:/app/keploy` command not found when running keploy docker image,closed,2023-09-21T17:38:05Z,2024-11-26T11:20:44Z,gouravkrosx,https://github.com/keploy/keploy/issues/863
861,keploy,[feature]: add support for capturing requests using postman and other browsers,closed,2023-09-21T16:32:10Z,2023-09-24T09:36:32Z,gouravkrosx,https://github.com/keploy/keploy/issues/861
859,keploy,[bug]: in docker keploy sometimes the container is killed and sometime it isnt',closed,2023-09-21T07:00:04Z,2023-12-05T19:09:10Z,Sonichigo,https://github.com/keploy/keploy/issues/859
857,keploy,[feature]: Test keploy with oracle in golang and java,closed,2023-09-20T19:11:10Z,2023-09-20T19:12:26Z,charankamarapu,https://github.com/keploy/keploy/issues/857
856,keploy,[feature]: enhance stub record and test feature,closed,2023-09-20T18:59:13Z,2023-09-20T19:03:05Z,charankamarapu,https://github.com/keploy/keploy/issues/856
855,keploy,[bug]: Keploy is behaving unexpectly when user application is not running properly,closed,2023-09-20T18:47:10Z,2023-09-26T11:11:01Z,charankamarapu,https://github.com/keploy/keploy/issues/855
853,keploy,[bug]: keploy throws slice error that starting of gql app,closed,2023-09-20T06:25:04Z,2023-09-21T02:31:29Z,Sonichigo,https://github.com/keploy/keploy/issues/853
851,keploy,[bug]: User app running with sudo privileges,closed,2023-09-19T19:39:58Z,2023-09-26T16:46:31Z,charankamarapu,https://github.com/keploy/keploy/issues/851
848,keploy,[bug]: latency for starting application in test mode,closed,2023-09-19T11:39:26Z,2023-09-19T12:00:23Z,re-Tick,https://github.com/keploy/keploy/issues/848
846,keploy,[bug]: errors are thrown when cli cmd exits,closed,2023-09-19T08:33:51Z,2023-09-19T11:32:44Z,re-Tick,https://github.com/keploy/keploy/issues/846
844,keploy,[bug]: the generated files are restricted for normal users,closed,2023-09-18T11:33:01Z,2023-09-19T05:56:11Z,re-Tick,https://github.com/keploy/keploy/issues/844
843,keploy,[bug]: Keploy:Failed to start Proxy at [Port:16789]: <nil>,closed,2023-09-18T09:16:16Z,2023-09-18T11:24:16Z,fatemeakbari,https://github.com/keploy/keploy/issues/843
841,keploy,[bug]: Keploy test cmd process is stopped for multiple test-sets,closed,2023-09-18T08:54:01Z,2023-09-18T10:02:18Z,re-Tick,https://github.com/keploy/keploy/issues/841
839,keploy,[docs]:,closed,2023-09-16T18:48:11Z,2023-09-22T10:30:12Z,onnhyd,https://github.com/keploy/keploy/issues/839
838,keploy,[bug]: unexpected behaviour when clicking on golang collapser in v1.0.0 docs for explanation,closed,2023-09-16T08:32:29Z,2023-09-16T08:38:23Z,AkashKumar7902,https://github.com/keploy/keploy/issues/838
836,keploy,[bug]: Keploy fails in test mode in case of concurrent requests,closed,2023-09-15T14:24:58Z,2023-09-19T12:03:27Z,PranshuSrivastava,https://github.com/keploy/keploy/issues/836
834,keploy,[bug]: list item after 1.0.0 has no label and redirecting to a url,closed,2023-09-15T11:03:23Z,2023-09-16T08:45:31Z,officialasishkumar,https://github.com/keploy/keploy/issues/834
833,keploy,[bug]: keploy not establishing `mongo connection` in docker mode,closed,2023-09-15T09:32:00Z,2023-09-16T07:58:04Z,Sonichigo,https://github.com/keploy/keploy/issues/833
832,keploy,[bug]: same page linked to the next button of pagination navbar,closed,2023-09-15T09:28:22Z,2023-09-16T08:27:59Z,AkashKumar7902,https://github.com/keploy/keploy/issues/832
831,keploy,[bug]: keploy crashes on slighly large responses with using node.js app,closed,2023-09-14T17:48:29Z,2023-09-25T12:56:46Z,anirudhjain75,https://github.com/keploy/keploy/issues/831
829,keploy,[bug]: ca.cert doesn't load for node.js,closed,2023-09-14T17:04:18Z,2023-09-14T17:05:15Z,slayerjain,https://github.com/keploy/keploy/issues/829
825,keploy,[bug]: Keploy fails to encode the body in case of 503 response,closed,2023-09-14T12:40:56Z,2023-09-22T16:10:23Z,PranshuSrivastava,https://github.com/keploy/keploy/issues/825
824,keploy,[bug]: Keploy fails with retried http requests,closed,2023-09-14T12:35:47Z,2023-09-19T09:52:52Z,PranshuSrivastava,https://github.com/keploy/keploy/issues/824
822,keploy,[bug]: outgoing http calls fail in node app,closed,2023-09-14T11:05:21Z,2023-09-14T11:24:34Z,shivamsouravjha,https://github.com/keploy/keploy/issues/822
821,keploy,[bug]: Keploy exits for gin-Mongo application,closed,2023-09-14T09:16:33Z,2023-09-14T09:18:53Z,re-Tick,https://github.com/keploy/keploy/issues/821
817,keploy,[bug]: grpc applications EOF not handled gracefully,closed,2023-09-13T12:52:53Z,2023-09-13T12:54:49Z,slayerjain,https://github.com/keploy/keploy/issues/817
815,keploy,[bug]: test run gets blocked in case of failed outgoing call from user application,closed,2023-09-13T10:41:54Z,2023-09-15T08:12:21Z,shivamsouravjha,https://github.com/keploy/keploy/issues/815
813,keploy,[bug]: connection id are not unique,closed,2023-09-13T08:49:06Z,2023-09-13T08:50:16Z,slayerjain,https://github.com/keploy/keploy/issues/813
812,keploy,[feature]: add CI build workflow for docs,closed,2023-09-13T07:58:05Z,2023-09-16T08:23:33Z,Sonichigo,https://github.com/keploy/keploy/issues/812
811,keploy,[bug]: navigation not working in docs website,closed,2023-09-13T07:17:04Z,2023-09-21T15:52:52Z,Sonichigo,https://github.com/keploy/keploy/issues/811
810,keploy,[feature]: set `mongo_url` as environment variable in `gin-mongo sample app`.,closed,2023-09-13T06:25:14Z,2024-07-05T15:38:23Z,Sonichigo,https://github.com/keploy/keploy/issues/810
809,keploy,[bug]: test mode not working when running java application in docker container,closed,2023-09-13T06:13:56Z,2023-09-13T11:03:22Z,gouravkrosx,https://github.com/keploy/keploy/issues/809
807,keploy,[bug]: panic incase of TLS handshake fail,closed,2023-09-12T13:14:36Z,2023-09-12T13:22:24Z,shivamsouravjha,https://github.com/keploy/keploy/issues/807
804,keploy,[bug]: Keploy fails to parse chunk body when server returns 503 error,closed,2023-09-12T11:40:38Z,2023-09-12T11:46:13Z,PranshuSrivastava,https://github.com/keploy/keploy/issues/804
803,keploy,[docs]: add meta-data to keploy-docs,closed,2023-09-12T09:59:24Z,2023-09-18T11:13:51Z,nehagup,https://github.com/keploy/keploy/issues/803
801,keploy,[bug]: KeployCli logs aren't appropriate match to their usecase,closed,2023-09-12T08:58:05Z,2023-09-12T11:05:21Z,shivamsouravjha,https://github.com/keploy/keploy/issues/801
799,keploy,[bug]: Keploy doesn't kill child nodes of application server,closed,2023-09-12T07:19:32Z,2023-09-13T07:22:54Z,shivamsouravjha,https://github.com/keploy/keploy/issues/799
798,keploy,[bug]: Outdated Keploy example command is mentioned in CLI.,closed,2023-09-12T06:28:59Z,2024-02-01T04:28:23Z,Sonichigo,https://github.com/keploy/keploy/issues/798
796,keploy,[bug]:  Error handling for parsed response body incorrect,closed,2023-09-11T12:52:08Z,2023-09-12T09:38:57Z,PranshuSrivastava,https://github.com/keploy/keploy/issues/796
794,keploy,[bug]: junk logs from the car library,closed,2023-09-11T12:31:25Z,2023-09-11T12:35:40Z,slayerjain,https://github.com/keploy/keploy/issues/794
793,keploy,[bug]: http marked as generic and unhandled EOF,closed,2023-09-11T09:01:22Z,2023-09-11T09:03:58Z,slayerjain,https://github.com/keploy/keploy/issues/793
792,keploy,[bug]: Keploy is Killed abruptly while making outgoing http call,closed,2023-09-11T08:12:12Z,2023-11-29T10:09:42Z,shivamsouravjha,https://github.com/keploy/keploy/issues/792
791,keploy,[bug]: Postgres with GO throws up EOF in case of Docker,closed,2023-09-11T07:10:40Z,2023-09-15T12:14:04Z,Sonichigo,https://github.com/keploy/keploy/issues/791
786,keploy,[bug]: User app does not stop during panic in CLI cmd,closed,2023-09-08T16:12:25Z,2023-09-12T09:10:57Z,re-Tick,https://github.com/keploy/keploy/issues/786
785,keploy,"[feature]: add link to test-reports, show beautified summary report on cli after test results",closed,2023-09-08T12:30:45Z,2023-10-17T19:56:37Z,nehagup,https://github.com/keploy/keploy/issues/785
784,keploy,[bug]: still waiting for the container to start after tests are executed,closed,2023-09-08T11:30:33Z,2023-12-05T19:08:17Z,nehagup,https://github.com/keploy/keploy/issues/784
783,keploy,[bug]: all test-sets not being executed in Test Mode,closed,2023-09-08T11:22:00Z,2023-09-19T09:54:53Z,nehagup,https://github.com/keploy/keploy/issues/783
782,keploy,[feature]: self-update keploy docker image,closed,2023-09-08T11:17:18Z,2023-09-11T10:15:14Z,nehagup,https://github.com/keploy/keploy/issues/782
781,keploy,[bug]: keploy version missing in docker container,closed,2023-09-08T11:01:44Z,2023-12-05T19:07:51Z,slayerjain,https://github.com/keploy/keploy/issues/781
780,keploy,[feature]: rename delay flag to --start-time,closed,2023-09-08T10:07:37Z,2024-06-27T11:56:45Z,nehagup,https://github.com/keploy/keploy/issues/780
774,keploy,[bug]: javaCA fails to install when running different application with serve command,closed,2023-09-05T11:05:56Z,2023-09-05T11:44:01Z,gouravkrosx,https://github.com/keploy/keploy/issues/774
773,keploy,[feature]: add marshal/unmarsal for oracle go structs in yaml,closed,2023-09-05T08:22:34Z,2023-09-05T08:32:40Z,re-Tick,https://github.com/keploy/keploy/issues/773
772,keploy,[feature]: add a flag to ignore the outgoing calls in record/test cmd,closed,2023-09-05T07:30:17Z,2023-09-07T08:06:35Z,re-Tick,https://github.com/keploy/keploy/issues/772
770,keploy,[feature]:  Add interface to proxy package to make it more extendable,closed,2023-09-05T06:31:18Z,2023-11-03T10:38:30Z,PranshuSrivastava,https://github.com/keploy/keploy/issues/770
768,keploy,[bug]: Chunk handling flaky and Client timeout issue with expectation header.,closed,2023-09-05T06:08:47Z,2023-09-06T08:55:03Z,PranshuSrivastava,https://github.com/keploy/keploy/issues/768
767,keploy,[bug]: Client timeout not handled in expect header handling.,closed,2023-09-05T05:57:44Z,2023-09-05T06:26:36Z,PranshuSrivastava,https://github.com/keploy/keploy/issues/767
766,keploy,[docs]: Mac OS download link for Keploy binary is out of date,closed,2023-09-04T20:25:47Z,2023-09-05T12:22:18Z,lphillips56,https://github.com/keploy/keploy/issues/766
764,keploy,[bug]: windows binary file not exist!!,closed,2023-09-04T17:46:03Z,2023-09-04T18:12:48Z,fatemeakbari,https://github.com/keploy/keploy/issues/764
763,keploy,[feature]: integrate gopcap to generate a pcap file for keploy proxy,closed,2023-09-04T17:36:30Z,2023-09-04T18:27:34Z,Sarthak160,https://github.com/keploy/keploy/issues/763
762,keploy,[feature]: add support for file upload in keploy,closed,2023-09-04T14:34:21Z,2023-09-04T14:55:21Z,gouravkrosx,https://github.com/keploy/keploy/issues/762
761,keploy,[bug]: keploy test mode doesn't work in some docker containers,closed,2023-09-04T13:54:27Z,2023-09-04T14:20:03Z,gouravkrosx,https://github.com/keploy/keploy/issues/761
760,keploy,[feature]: add support for streaming in postgres wire parser,closed,2023-09-04T09:17:22Z,2023-09-04T09:19:01Z,Sarthak160,https://github.com/keploy/keploy/issues/760
758,keploy,[bug]: The test-run fails for testcases with http outgoing calls,closed,2023-09-04T08:40:12Z,2023-09-04T08:42:47Z,re-Tick,https://github.com/keploy/keploy/issues/758
757,keploy,[feature]: Pass the unrecorded outgoing requests to the destination in test mode,closed,2023-09-04T08:23:17Z,2023-09-04T08:26:16Z,re-Tick,https://github.com/keploy/keploy/issues/757
756,keploy,[feature]: add fuzzy matching algorithm for binary and string payloads,closed,2023-09-04T07:45:00Z,2023-09-04T07:47:05Z,Sarthak160,https://github.com/keploy/keploy/issues/756
754,keploy,[feature]: Github Action for rejecting PRs without gofmt formatting,closed,2023-09-04T07:25:14Z,2024-06-27T08:08:18Z,aerowisca,https://github.com/keploy/keploy/issues/754
753,keploy,[feature]: Add debug logs to the handling chunked req/res functions,closed,2023-09-04T07:13:22Z,2023-09-04T07:48:00Z,PranshuSrivastava,https://github.com/keploy/keploy/issues/753
750,keploy,[bug]:  Keploy fails in the test mode when expect header is involved,closed,2023-09-02T18:07:10Z,2023-09-04T05:44:03Z,PranshuSrivastava,https://github.com/keploy/keploy/issues/750
748,keploy,[bug]: keploy fails to handle tls connection in different java versions,closed,2023-09-01T11:59:34Z,2023-09-01T12:22:21Z,gouravkrosx,https://github.com/keploy/keploy/issues/748
746,keploy,[bug]: Keploy fails to handle requests which contain the expect header,closed,2023-08-30T17:09:55Z,2023-08-31T04:28:28Z,PranshuSrivastava,https://github.com/keploy/keploy/issues/746
743,keploy,refactor: improve keploy logs and shift keploy emoji at the start,closed,2023-08-29T08:45:15Z,2023-08-29T12:07:41Z,gouravkrosx,https://github.com/keploy/keploy/issues/743
728,keploy,[feature]: request body schema match in mock validation,closed,2023-08-22T05:59:24Z,2024-07-05T15:37:44Z,shivamsouravjha,https://github.com/keploy/keploy/issues/728
726,keploy,[feature]: Add manual tests/ mock Library feature to keploy v2,closed,2023-08-21T20:11:28Z,2023-09-04T14:42:51Z,charankamarapu,https://github.com/keploy/keploy/issues/726
725,keploy,[feature]: Mock schema match and assertions,closed,2023-08-21T12:15:00Z,2023-08-29T09:28:04Z,shivamsouravjha,https://github.com/keploy/keploy/issues/725
724,keploy,[feature]:  add matching algorithm to http parser.,closed,2023-08-21T12:05:22Z,2023-08-31T04:47:13Z,PranshuSrivastava,https://github.com/keploy/keploy/issues/724
722,keploy,[feature]: debug flag anywhere in cmd,closed,2023-08-21T11:50:51Z,2023-08-22T06:43:46Z,shivamsouravjha,https://github.com/keploy/keploy/issues/722
713,keploy,[feature]: add functionality to run keploy test with junit tests in java-sdk,closed,2023-08-19T12:22:53Z,2023-09-04T07:33:30Z,gouravkrosx,https://github.com/keploy/keploy/issues/713
710,keploy,[bug]: java TLS not working with Keploy V2,closed,2023-08-18T07:52:36Z,2023-08-18T08:00:31Z,slayerjain,https://github.com/keploy/keploy/issues/710
709,keploy,[bug]: python-mongo test mode flow breaking,closed,2023-08-17T14:08:16Z,2023-09-18T13:04:31Z,nehagup,https://github.com/keploy/keploy/issues/709
708,keploy,[bug]: docker containers doesn't stop/get remove after running the application with Keploy,closed,2023-08-17T13:53:44Z,2023-09-28T11:38:16Z,nehagup,https://github.com/keploy/keploy/issues/708
707,keploy,[feat] : Update Readme for V2,closed,2023-08-17T11:17:15Z,2023-08-18T07:59:54Z,Sonichigo,https://github.com/keploy/keploy/issues/707
703,keploy,[feature]: Add SASL support for authentication in latest postgres versions,closed,2023-08-17T10:15:26Z,2023-09-04T09:10:51Z,Sarthak160,https://github.com/keploy/keploy/issues/703
702,keploy,[bug]: docker-compose command doesn't run with keploy v2 wrapping,closed,2023-08-17T07:50:32Z,2023-09-04T07:16:43Z,nehagup,https://github.com/keploy/keploy/issues/702
700,keploy,[refactor]: Refactor the Keploy-v2 codebase to make it more extendable,closed,2023-08-17T06:31:11Z,2023-08-17T11:37:04Z,PranshuSrivastava,https://github.com/keploy/keploy/issues/700
698,keploy,[bug]: Mongo Request is getting stored in mocks.yml,closed,2023-08-16T13:29:53Z,2023-12-06T04:32:56Z,Sonichigo,https://github.com/keploy/keploy/issues/698
696,keploy,[bug]: keploy v2 diffs are missing keys in CLI output,closed,2023-08-16T11:31:07Z,2024-06-27T09:22:25Z,slayerjain,https://github.com/keploy/keploy/issues/696
695,keploy,[feature]: flexible docker compose file path,closed,2023-08-16T10:15:05Z,2024-09-07T12:18:41Z,gouravkrosx,https://github.com/keploy/keploy/issues/695
694,keploy,[feature]: revamp cli for user experience enhancement,closed,2023-08-16T10:08:46Z,2023-08-18T09:12:05Z,gouravkrosx,https://github.com/keploy/keploy/issues/694
689,keploy,[bug]: unable to use docker compose file to record/test via keploy,closed,2023-08-15T12:22:57Z,2023-08-15T12:46:17Z,gouravkrosx,https://github.com/keploy/keploy/issues/689
683,keploy,[bug]: response diff viewer is wrongly showing testcase to be passed when tried to edit the mocks,closed,2023-08-14T09:21:21Z,2023-08-17T07:17:12Z,Sarthak160,https://github.com/keploy/keploy/issues/683
680,keploy,[bug]: keploy test command is blocked for java-mongo,closed,2023-08-14T07:22:37Z,2023-08-16T11:55:26Z,re-Tick,https://github.com/keploy/keploy/issues/680
678,keploy,[bug]: v0.9.1 shasum has changed,closed,2023-08-13T04:25:36Z,2023-08-13T15:46:58Z,p-linnane,https://github.com/keploy/keploy/issues/678
676,keploy,[bug]: unable to use user-defined custom path to save yaml tests,closed,2023-08-11T11:02:40Z,2023-08-13T13:11:19Z,gouravkrosx,https://github.com/keploy/keploy/issues/676
675,keploy,[feature]: add support to debug application container when using keploy,closed,2023-08-10T13:49:18Z,2023-08-10T13:52:01Z,gouravkrosx,https://github.com/keploy/keploy/issues/675
674,keploy,[build]: Running Keploy in github pipeline,closed,2023-08-10T13:12:20Z,2023-08-18T10:35:59Z,shivamsouravjha,https://github.com/keploy/keploy/issues/674
672,keploy,[bug]: Execution is blocked during test for recorded APIs,closed,2023-08-10T07:36:37Z,2023-08-10T12:57:01Z,shivamsouravjha,https://github.com/keploy/keploy/issues/672
670,keploy,"[bug]: When Keploy is ran with application with unsupported dependencies, it encounters an error.",closed,2023-08-10T06:47:30Z,2023-09-04T08:18:52Z,charankamarapu,https://github.com/keploy/keploy/issues/670
668,keploy,[bug]: Keploy breaking while running with unsupported dependencies,closed,2023-08-09T18:20:32Z,2023-08-10T06:20:09Z,charankamarapu,https://github.com/keploy/keploy/issues/668
665,keploy,[bug]: fails to capture complete HTTP Mock in case of chunked requests or responses,closed,2023-08-09T06:41:03Z,2023-08-22T11:56:54Z,gouravkrosx,https://github.com/keploy/keploy/issues/665
662,keploy,[feature]: add support for intercepting TLS requests,closed,2023-08-08T11:41:02Z,2023-08-08T12:04:12Z,slayerjain,https://github.com/keploy/keploy/issues/662
660,keploy,[bug]: failed to start keploy in arm64,closed,2023-08-08T07:10:22Z,2023-08-08T07:12:03Z,gouravkrosx,https://github.com/keploy/keploy/issues/660
644,keploy,[feature]: encode/decode the oracle struct into yaml docs,closed,2023-08-02T04:25:45Z,2023-08-02T08:52:41Z,re-Tick,https://github.com/keploy/keploy/issues/644
643,keploy,[feature]: add a parser to read the auth data message of oracle protocol,closed,2023-08-02T04:21:14Z,2023-08-02T08:52:25Z,re-Tick,https://github.com/keploy/keploy/issues/643
640,keploy,[bug]: Removing filtering of application based on its own PID,closed,2023-07-28T11:00:18Z,2023-08-08T08:35:32Z,shivamsouravjha,https://github.com/keploy/keploy/issues/640
638,keploy,[bug]: Keploy V2 is unable to capture events from Python and JavaScript Application,closed,2023-07-28T07:38:50Z,2023-08-07T09:39:35Z,charankamarapu,https://github.com/keploy/keploy/issues/638
634,keploy,[bug]:  Custom CA certificate does not get updated in the case of Amazon Linux,closed,2023-07-25T14:49:07Z,2023-12-06T06:59:04Z,PranshuSrivastava,https://github.com/keploy/keploy/issues/634
632,keploy,"[bug]: unable to capture test cases when ""connection:keep-alive"" request header is enabled",closed,2023-07-25T07:00:56Z,2023-09-21T16:32:54Z,gouravkrosx,https://github.com/keploy/keploy/issues/632
631,keploy,[bug]: remove the blocking channel in test mode,closed,2023-07-24T12:48:57Z,2023-12-05T19:04:59Z,re-Tick,https://github.com/keploy/keploy/issues/631
630,keploy,[feature]: record the testcases in v2 in the relative path,closed,2023-07-24T11:25:59Z,2023-12-05T19:04:04Z,re-Tick,https://github.com/keploy/keploy/issues/630
629,keploy,[bug]: Hamburger drawer for keploy docs website is too close to the centre,closed,2023-07-24T11:06:15Z,2023-09-18T10:14:51Z,ArslanYM,https://github.com/keploy/keploy/issues/629
628,keploy,[feature]: need to add host header in request when running keploy,closed,2023-07-24T07:12:06Z,2023-07-27T11:23:00Z,gouravkrosx,https://github.com/keploy/keploy/issues/628
624,keploy,[feature]: support http streaming in http clients in keploy v2,closed,2023-07-14T09:20:54Z,2023-12-05T19:03:30Z,slayerjain,https://github.com/keploy/keploy/issues/624
623,keploy,[feature]: add support for using keploy v2 in manually written tests for mocking/stubs,closed,2023-07-14T09:10:42Z,2023-12-05T19:02:08Z,slayerjain,https://github.com/keploy/keploy/issues/623
622,keploy,[feature]: Add support for Jest in keploy v2,closed,2023-07-14T08:52:39Z,2024-01-08T12:14:18Z,slayerjain,https://github.com/keploy/keploy/issues/622
621,keploy,[feature]: Add support for pytest in keploy v2,closed,2023-07-14T08:51:29Z,2024-07-01T21:09:02Z,slayerjain,https://github.com/keploy/keploy/issues/621
620,keploy,[feature]: Add support for go test in Keploy v2,closed,2023-07-14T08:50:04Z,2024-07-01T21:08:55Z,slayerjain,https://github.com/keploy/keploy/issues/620
619,keploy,[feature]: Add support for JUnit in Keploy v2,closed,2023-07-14T08:48:08Z,2023-09-04T09:48:28Z,slayerjain,https://github.com/keploy/keploy/issues/619
618,keploy,[feature]: add support for redis protocol in keploy v2,closed,2023-07-14T08:45:59Z,2023-11-08T08:45:45Z,slayerjain,https://github.com/keploy/keploy/issues/618
617,keploy,[feature]: Add support for multipart file upload in keploy v2,closed,2023-07-14T08:37:49Z,2023-09-05T12:18:33Z,slayerjain,https://github.com/keploy/keploy/issues/617
616,keploy,[bug]: spring application fails when use batch jobs,closed,2023-07-14T06:48:33Z,2023-07-14T07:00:52Z,gouravkrosx,https://github.com/keploy/keploy/issues/616
615,keploy,[bug]: filtering the egress/ingress calls of the user application.,closed,2023-07-13T11:04:00Z,2023-07-19T13:05:27Z,re-Tick,https://github.com/keploy/keploy/issues/615
614,keploy,[feature]: Add Oracle support for Keploy-v2,closed,2023-07-13T07:13:05Z,2023-09-20T18:38:49Z,charankamarapu,https://github.com/keploy/keploy/issues/614
613,keploy,[feature]: add support for parsing postgres wire protocol v2,closed,2023-07-13T07:00:34Z,2023-09-04T07:55:06Z,Sarthak160,https://github.com/keploy/keploy/issues/613
612,keploy,[bug]: fix the request flow for mongo support in v2,closed,2023-07-13T06:57:31Z,2023-08-10T09:38:05Z,re-Tick,https://github.com/keploy/keploy/issues/612
611,keploy,[feature]: Add docker for mac support to run keploy v2,closed,2023-07-13T06:42:00Z,2024-03-05T13:52:19Z,gouravkrosx,https://github.com/keploy/keploy/issues/611
609,keploy,"[bug]: Update URL name from ""keply/example-url-shortener"" to ""keploy/samples-go""",closed,2023-07-08T08:39:14Z,2023-09-05T12:19:50Z,KashishLakhara04,https://github.com/keploy/keploy/issues/609
608,keploy,[bug]: invalid memory address or nil pointer dereference from MockRespFromYaml when using SQL and HTTP mocks,closed,2023-06-25T23:28:58Z,2023-07-03T07:14:39Z,youssefsiam38,https://github.com/keploy/keploy/issues/608
607,keploy,[feature]: keploy should terminate the application container once the recording or testing process is finished,closed,2023-06-23T09:49:30Z,2023-12-05T19:00:38Z,gouravkrosx,https://github.com/keploy/keploy/issues/607
605,keploy,[feature]: Add support for parsing grpc client for mocking outgoing calls,closed,2023-06-22T05:59:15Z,2023-09-04T15:30:51Z,Sarthak160,https://github.com/keploy/keploy/issues/605
604,keploy,[bug]: the testrun gets blocked for unmatched deps calls,closed,2023-06-20T07:03:03Z,2023-09-05T12:24:45Z,re-Tick,https://github.com/keploy/keploy/issues/604
603,keploy,[bug]: seperate dir for different user applicartion,closed,2023-06-20T06:53:50Z,2023-12-05T19:00:04Z,re-Tick,https://github.com/keploy/keploy/issues/603
600,keploy,[feature]: dynamically inject application container network to keploy's container network,closed,2023-06-19T07:34:07Z,2023-09-13T11:22:48Z,Sarthak160,https://github.com/keploy/keploy/issues/600
573,keploy,[feature]: User Application logs in Keploy V2,closed,2023-06-08T09:47:57Z,2023-09-20T18:40:48Z,charankamarapu,https://github.com/keploy/keploy/issues/573
570,keploy,[bug]: monthly meetup broken link,closed,2023-05-25T03:10:21Z,2023-09-16T08:56:34Z,kartikmehta8,https://github.com/keploy/keploy/issues/570
568,keploy,[bug]: redundant footer,closed,2023-05-23T16:03:05Z,2023-05-24T06:58:20Z,kartikmehta8,https://github.com/keploy/keploy/issues/568
565,keploy,[docs]: gifs seems grainy/pixelated when switched to dark mode,closed,2023-05-22T15:02:30Z,2024-07-01T21:08:38Z,AmalChandru,https://github.com/keploy/keploy/issues/565
563,keploy,[docs]: Issue Tracker Broken Link,closed,2023-05-19T03:37:43Z,2023-05-23T14:18:40Z,kartikmehta8,https://github.com/keploy/keploy/issues/563
562,keploy,[bug]: Untidy Footer,closed,2023-05-18T13:47:11Z,2023-05-23T14:18:39Z,kartikmehta8,https://github.com/keploy/keploy/issues/562
561,keploy,[bug]: broken link,closed,2023-05-16T10:03:20Z,2023-05-20T19:04:17Z,KashishLakhara04,https://github.com/keploy/keploy/issues/561
558,keploy,[bug]: Inconsistent Coverage Percentage Displayed in Console Output and Statement,closed,2023-05-13T14:16:54Z,2023-05-18T08:04:20Z,KashishLakhara04,https://github.com/keploy/keploy/issues/558
557,keploy,[docs]: Extra image is added which is not required.,closed,2023-05-13T13:39:38Z,2023-05-18T08:10:17Z,KashishLakhara04,https://github.com/keploy/keploy/issues/557
552,keploy,[feature]: There is lot of empty space is left at  the footer in the doc page,closed,2023-05-05T14:01:39Z,2023-05-25T05:09:12Z,Nitishupkr,https://github.com/keploy/keploy/issues/552
551,keploy,[bug]: Website Documentation Error,closed,2023-05-04T12:22:59Z,2023-05-24T08:30:13Z,yash240408,https://github.com/keploy/keploy/issues/551
550,keploy,[feature]: Github Action to mark the inactive PR as stale,closed,2023-05-03T16:54:07Z,2024-02-17T14:00:21Z,SanjaySinghRajpoot,https://github.com/keploy/keploy/issues/550
549,keploy,[bug]: Wide Footer Padding on main page and Multiple Footer on GSoC Page,closed,2023-05-01T16:45:16Z,2023-05-24T06:58:21Z,SanjaySinghRajpoot,https://github.com/keploy/keploy/issues/549
546,keploy,[bug]: Unable to unmarshal json as protobuf,closed,2023-04-28T18:40:39Z,2023-04-29T12:38:59Z,chrisbowcutt,https://github.com/keploy/keploy/issues/546
545,keploy,[bug]: Multiple footer,closed,2023-04-28T09:58:35Z,2023-05-18T08:03:20Z,himanshu1221,https://github.com/keploy/keploy/issues/545
544,keploy,[bug]: Multiple footer,closed,2023-04-28T09:58:02Z,2023-05-09T10:03:27Z,himanshu1221,https://github.com/keploy/keploy/issues/544
543,keploy,[feature]: add debug log statements to the go sdk,closed,2023-04-28T06:32:56Z,2023-12-05T18:59:09Z,slayerjain,https://github.com/keploy/keploy/issues/543
542,keploy,[docs]: http client docs should warn about global context,closed,2023-04-25T10:50:13Z,2023-04-25T10:53:16Z,slayerjain,https://github.com/keploy/keploy/issues/542
537,keploy,[feature]: sync docs website with Readmes of all SDKs,closed,2023-04-18T16:50:19Z,2023-12-05T18:58:51Z,nehagup,https://github.com/keploy/keploy/issues/537
532,keploy,[feature]: Docker file and Docker Compose file for Docs,closed,2023-04-12T09:40:36Z,2023-04-15T10:55:52Z,SanjaySinghRajpoot,https://github.com/keploy/keploy/issues/532
527,keploy,[docs]: Support for go-swagger server (go's net/http router),closed,2023-04-06T03:51:58Z,2023-09-05T14:50:34Z,nikhil-nutanix,https://github.com/keploy/keploy/issues/527
522,keploy,[bug]: returned var not implements ConnBeginTx interface,closed,2023-04-02T13:33:14Z,2023-04-02T14:20:40Z,jammutkarsh,https://github.com/keploy/keploy/issues/522
521,keploy,[feature]: Compatibility of Go SDK for Go 1.16,closed,2023-03-31T10:04:32Z,2023-04-21T07:24:33Z,anirudhjain75,https://github.com/keploy/keploy/issues/521
514,keploy,[docs]: Add typescript sample app to docs,closed,2023-03-27T11:03:51Z,2024-07-01T21:04:21Z,developer-diganta,https://github.com/keploy/keploy/issues/514
513,keploy,[docs]: Add mux-elastic sample app to docs,closed,2023-03-27T11:00:52Z,2024-07-04T06:03:05Z,developer-diganta,https://github.com/keploy/keploy/issues/513
512,keploy,[docs]: Add gin-elastic sample app to docs,closed,2023-03-27T10:58:25Z,2023-09-05T14:50:07Z,developer-diganta,https://github.com/keploy/keploy/issues/512
510,keploy,[bug]: Unable to generate test report,closed,2023-03-27T04:38:02Z,2023-04-02T15:00:21Z,jammutkarsh,https://github.com/keploy/keploy/issues/510
500,keploy,[bug]: Keploy Fails in testing mode,closed,2023-03-23T09:05:19Z,2023-03-29T09:54:34Z,Sonichigo,https://github.com/keploy/keploy/issues/500
496,keploy,[bug]: Super constructor is not called first,closed,2023-03-23T00:51:41Z,2023-03-23T00:52:01Z,frey0-0,https://github.com/keploy/keploy/issues/496
495,keploy,[bug]: Change in the path of tests and mocks in samples-typescript,closed,2023-03-22T23:06:15Z,2024-06-27T07:03:08Z,frey0-0,https://github.com/keploy/keploy/issues/495
493,keploy,[bug]: Flakiness in Go Test due to race conditions,closed,2023-03-22T17:52:58Z,2023-12-05T18:57:41Z,aerowisca,https://github.com/keploy/keploy/issues/493
502,keploy,bug: mocks are not captured for integrated deps in fasthttp app,closed,2023-03-22T11:52:17Z,2023-03-25T06:50:43Z,re-Tick,https://github.com/keploy/keploy/issues/502
491,keploy,[bug]:  card look unbalanced.,closed,2023-03-22T08:19:50Z,2023-09-05T12:29:50Z,Rohitrky2021,https://github.com/keploy/keploy/issues/491
490,keploy,[feature]: add a sample for express/mongoose app,closed,2023-03-22T06:07:58Z,2023-05-18T08:15:56Z,re-Tick,https://github.com/keploy/keploy/issues/490
479,keploy,[bug]: Race conditions while running multiple tests in parallel,closed,2023-03-18T16:23:12Z,2023-12-05T18:57:33Z,aerowisca,https://github.com/keploy/keploy/issues/479
478,keploy,[feature]: Generate gRPC methods and structs dynamically duing build phase,closed,2023-03-18T13:31:58Z,2023-03-18T13:48:12Z,aerowisca,https://github.com/keploy/keploy/issues/478
475,keploy,[feature]: integrate graphQL queries for exported testcases,closed,2023-03-15T07:00:01Z,2023-09-05T14:49:52Z,re-Tick,https://github.com/keploy/keploy/issues/475
474,keploy,[feature]: Behaviour of Telemetry Events and installationIds when Keploy is used in pipelines,closed,2023-03-15T06:38:10Z,2024-07-01T21:02:21Z,charankamarapu,https://github.com/keploy/keploy/issues/474
469,keploy,[bug]: Keploy server doesn't start if we use PORT env variable for our server,closed,2023-03-13T14:49:53Z,2023-03-17T13:31:50Z,frey0-0,https://github.com/keploy/keploy/issues/469
468,keploy,Sending button text overflow: mobile view,closed,2023-03-13T08:39:21Z,2023-12-05T18:57:04Z,ashavijit,https://github.com/keploy/keploy/issues/468
450,keploy,[feature]: Generate tests using the DSL for the echo-sql demo in samples-go,closed,2023-03-06T13:20:18Z,2023-12-05T18:56:27Z,slayerjain,https://github.com/keploy/keploy/issues/450
449,keploy,[feature]: Add support for reading Go/JS based test-cases DSL,closed,2023-03-06T13:18:02Z,2023-12-05T18:56:15Z,slayerjain,https://github.com/keploy/keploy/issues/449
448,keploy,[feature]: Define basic library interfaces for the JS/Go DSL,closed,2023-03-06T13:13:30Z,2023-12-05T18:55:58Z,slayerjain,https://github.com/keploy/keploy/issues/448
447,keploy,[feature]: add support for reading js or go based testcases,closed,2023-03-06T13:08:45Z,2023-12-05T18:55:23Z,slayerjain,https://github.com/keploy/keploy/issues/447
444,keploy,[feature]: add configuration to pipe logs to a file,closed,2023-03-06T06:24:16Z,2023-09-05T11:22:31Z,re-Tick,https://github.com/keploy/keploy/issues/444
439,keploy,[feature]: create an eBPF based sample from echo-sql demo in sample-go,closed,2023-03-05T18:07:18Z,2024-06-27T07:06:44Z,slayerjain,https://github.com/keploy/keploy/issues/439
438,keploy,[feature]: add support for intercepting and parsing Postgres traffic,closed,2023-03-05T18:03:09Z,2023-12-05T18:54:38Z,slayerjain,https://github.com/keploy/keploy/issues/438
437,keploy,[feature]:  Capture all https incoming and outgoing traffic for an application,closed,2023-03-05T17:57:21Z,2023-12-05T18:53:45Z,slayerjain,https://github.com/keploy/keploy/issues/437
436,keploy,[feature]: Implement an eBPF based program to start and application and capture all http incoming and outgoing traffic,closed,2023-03-05T17:53:47Z,2023-12-05T18:53:21Z,slayerjain,https://github.com/keploy/keploy/issues/436
435,keploy,[bug]: Readme link to Installation Guide is broken,closed,2023-03-05T13:33:22Z,2023-03-06T18:50:04Z,danger-ahead,https://github.com/keploy/keploy/issues/435
434,keploy,[docs]: Update the Employee-Manager java sample app doc,closed,2023-03-04T20:58:30Z,2023-03-05T13:03:18Z,SanskritiHarmukh,https://github.com/keploy/keploy/issues/434
433,keploy,[feature]: add validation to dependency request data,closed,2023-03-04T15:51:13Z,2023-12-05T18:52:44Z,slayerjain,https://github.com/keploy/keploy/issues/433
432,keploy,[feature]: Generate OpenAPI schema from API calls/ Testcases,closed,2023-03-04T15:43:17Z,2023-09-20T18:38:36Z,slayerjain,https://github.com/keploy/keploy/issues/432
431,keploy,[feature]: add schema checks in keploy assertions logic,closed,2023-03-04T15:37:58Z,2024-07-01T21:02:51Z,slayerjain,https://github.com/keploy/keploy/issues/431
412,keploy,[bug]: gitpod.yml run error,closed,2023-03-03T13:20:40Z,2023-12-05T18:50:21Z,Ananya2001-an,https://github.com/keploy/keploy/issues/412
352,keploy,[feature]: start Keploy server from Typescript-SDK,closed,2023-03-03T10:17:13Z,2023-12-05T18:50:07Z,re-Tick,https://github.com/keploy/keploy/issues/352
354,keploy,[test]: add unit tests for octokit module,closed,2023-03-03T08:30:50Z,2023-12-07T06:19:51Z,re-Tick,https://github.com/keploy/keploy/issues/354
405,keploy,Separation can be added to look good,closed,2023-03-02T15:20:57Z,2023-03-15T10:42:02Z,SoumyadeepOSD,https://github.com/keploy/keploy/issues/405
406,keploy,Duplicate Footer in a single page,closed,2023-03-02T15:11:39Z,2023-03-04T15:24:14Z,SoumyadeepOSD,https://github.com/keploy/keploy/issues/406
338,keploy,[feature]: Shortlist ideas to generate testcases using api schema and response provided,closed,2023-03-02T13:44:21Z,2023-11-08T06:17:08Z,PranshuSrivastava,https://github.com/keploy/keploy/issues/338
337,keploy,[feature]: Add support for Get TC to display test-cases from yaml,closed,2023-03-02T13:29:57Z,2023-09-05T11:59:35Z,Sarthak160,https://github.com/keploy/keploy/issues/337
413,keploy,[feature]:  Create a sample application and add go-fuzzing to it.,closed,2023-03-02T13:23:31Z,2023-07-11T07:51:41Z,PranshuSrivastava,https://github.com/keploy/keploy/issues/413
335,keploy,[feature]: Update Keploy UI with latest server APIs,closed,2023-03-02T11:25:45Z,2023-09-05T12:30:07Z,nehagup,https://github.com/keploy/keploy/issues/335
334,keploy,[feature]: beautify response diff viewer on CLI,closed,2023-03-02T11:08:00Z,2023-09-05T11:47:39Z,nehagup,https://github.com/keploy/keploy/issues/334
333,keploy,[feat]: Increase test coverage of Keploy Server using Keploy,closed,2023-03-02T10:59:41Z,2023-09-05T14:51:13Z,nehagup,https://github.com/keploy/keploy/issues/333
331,keploy,[bug]: 404 error,closed,2023-03-01T14:24:53Z,2023-12-05T18:46:05Z,JasonDsouza212,https://github.com/keploy/keploy/issues/331
342,keploy,[feature]: Add java docs and comments for the code base,closed,2023-03-01T13:19:23Z,2023-03-09T06:55:55Z,charankamarapu,https://github.com/keploy/keploy/issues/342
423,keploy,[feature]: Create an HLD for Java SDK demonstrating all important components,closed,2023-03-01T08:41:02Z,2023-03-13T12:36:35Z,Sarthak160,https://github.com/keploy/keploy/issues/423
349,keploy,[feature]: Create an HLD for Java SDK demonstrating all important components,closed,2023-03-01T08:41:02Z,2023-03-03T12:06:26Z,Sarthak160,https://github.com/keploy/keploy/issues/349
347,keploy,[feature]: Create an HLD for Java SDK demonstrating all important components,closed,2023-03-01T08:41:02Z,2023-03-03T12:06:10Z,Sarthak160,https://github.com/keploy/keploy/issues/347
346,keploy,[feature]: Create an HLD for Java SDK demonstrating all important components,closed,2023-03-01T08:41:02Z,2023-03-03T12:06:58Z,Sarthak160,https://github.com/keploy/keploy/issues/346
345,keploy,[feature]: Create an HLD for Java SDK demonstrating all important components,closed,2023-03-01T08:41:02Z,2023-03-03T12:05:51Z,Sarthak160,https://github.com/keploy/keploy/issues/345
344,keploy,[feature]: Create an HLD for Java SDK demonstrating all important components,closed,2023-03-01T08:41:02Z,2023-03-22T06:35:09Z,Sarthak160,https://github.com/keploy/keploy/issues/344
343,keploy,[feature]: Add support for mocking jwt tokens,closed,2023-02-28T12:07:12Z,2023-12-05T18:45:16Z,gouravkrosx,https://github.com/keploy/keploy/issues/343
348,keploy,[feature]: Add/Increase Test coverage for JAVA-SDK by adding unit tests,closed,2023-02-28T11:43:19Z,2023-09-20T18:40:02Z,charankamarapu,https://github.com/keploy/keploy/issues/348
424,keploy,[feature]: Creating Sample Java Application using JWT Token,closed,2023-02-28T07:49:54Z,2024-06-27T07:21:06Z,Sonichigo,https://github.com/keploy/keploy/issues/424
372,keploy,[bug]: cp cmd in build script not working for windows,closed,2023-02-28T07:03:32Z,2023-12-05T18:44:06Z,re-Tick,https://github.com/keploy/keploy/issues/372
356,keploy,[feature]: create a github action for running java based linters in pipeline,closed,2023-02-27T11:35:04Z,2023-05-24T12:00:18Z,We2Am-BaSsem,https://github.com/keploy/keploy/issues/356
375,keploy,[bug]: linting action is failing in CI of TS-SDK,closed,2023-02-27T06:53:27Z,2023-03-07T11:55:17Z,re-Tick,https://github.com/keploy/keploy/issues/375
399,keploy,[bug]: Empty response for node-fetch http call,closed,2023-02-27T06:27:09Z,2023-03-03T12:03:21Z,re-Tick,https://github.com/keploy/keploy/issues/399
388,keploy,[bug]: Empty response for node-fetch http call,closed,2023-02-27T06:27:09Z,2023-03-03T12:03:20Z,re-Tick,https://github.com/keploy/keploy/issues/388
387,keploy,[bug]: Empty response for node-fetch http call,closed,2023-02-27T06:27:09Z,2023-03-03T12:03:20Z,re-Tick,https://github.com/keploy/keploy/issues/387
376,keploy,[bug]: Empty response for node-fetch http call,closed,2023-02-27T06:27:09Z,2023-05-24T10:27:21Z,re-Tick,https://github.com/keploy/keploy/issues/376
329,keploy,[docs]: Update README to use docker compose,closed,2023-02-27T04:45:12Z,2023-12-05T18:43:40Z,TheRealSibasishBehera,https://github.com/keploy/keploy/issues/329
428,keploy,add a sample unit test for mocking/stubbing calls in unit-tests,closed,2023-02-26T20:22:20Z,2024-06-27T07:19:22Z,re-Tick,https://github.com/keploy/keploy/issues/428
327,keploy,[bug]: Warning for unresolved Docs markdown link while starting the development server,closed,2023-02-26T06:56:58Z,2024-07-01T20:58:23Z,SanskritiHarmukh,https://github.com/keploy/keploy/issues/327
326,keploy,"[bug]: DynamoDB and SQL driver appear twice under ""Integrations/All"" in Keploy website",closed,2023-02-25T18:35:59Z,2023-03-04T11:32:27Z,SanskritiHarmukh,https://github.com/keploy/keploy/issues/326
325,keploy,[bug]: Align Home page icon at nav bar in Documentation,closed,2023-02-25T17:29:23Z,2023-03-07T17:40:33Z,SanskritiHarmukh,https://github.com/keploy/keploy/issues/325
350,keploy,[feature]: Create a github action for publishing sdk to maven central,closed,2023-02-24T07:43:04Z,2023-12-05T18:42:30Z,Sarthak160,https://github.com/keploy/keploy/issues/350
425,keploy,[feature]: Add more samples integrated with keploy,closed,2023-02-24T06:31:34Z,2023-12-05T18:42:08Z,Sarthak160,https://github.com/keploy/keploy/issues/425
453,keploy,Add Templates for Issues,closed,2023-02-24T02:44:05Z,2023-03-30T08:41:49Z,ItsRoy69,https://github.com/keploy/keploy/issues/453
390,keploy,[feature]: need to log the keploy mode,closed,2023-02-23T10:28:57Z,2023-12-05T18:40:47Z,re-Tick,https://github.com/keploy/keploy/issues/390
395,keploy,[feature]: add a filter for request header fields,closed,2023-02-23T10:25:37Z,2023-12-05T18:39:40Z,re-Tick,https://github.com/keploy/keploy/issues/395
429,keploy,[feature]: Add support for mocking mongoose operations,closed,2023-02-23T07:18:51Z,2023-03-14T06:27:22Z,re-Tick,https://github.com/keploy/keploy/issues/429
322,keploy,[feature]: Add a link to Blogs at nav bar of keploy's website,closed,2023-02-22T21:06:42Z,2023-12-05T18:39:19Z,SanskritiHarmukh,https://github.com/keploy/keploy/issues/322
321,keploy,[docs]: Next Button for Integration of Java SDK redirects to Go SDK Integration,closed,2023-02-22T20:50:18Z,2023-02-28T15:22:27Z,SanskritiHarmukh,https://github.com/keploy/keploy/issues/321
320,keploy,[bug]: Two Footers in Documentation pages,closed,2023-02-22T20:36:57Z,2023-05-24T08:29:29Z,SanskritiHarmukh,https://github.com/keploy/keploy/issues/320
319,keploy,[docs]: Add Keploy Student's Blog under Community section,closed,2023-02-22T20:06:41Z,2023-02-28T15:57:06Z,SanskritiHarmukh,https://github.com/keploy/keploy/issues/319
318,keploy,[docs]: Add new Video Reference for Contributing to Keploy SDK guide,closed,2023-02-22T19:34:25Z,2023-02-23T19:16:15Z,SanskritiHarmukh,https://github.com/keploy/keploy/issues/318
317,keploy,[bug]: Link to Go SDK is broken in Documentation,closed,2023-02-22T19:23:52Z,2023-02-28T15:24:03Z,SanskritiHarmukh,https://github.com/keploy/keploy/issues/317
316,keploy,[docs]: TypeScript SDK Redirection Link update,closed,2023-02-22T19:12:04Z,2023-02-28T15:26:24Z,SanskritiHarmukh,https://github.com/keploy/keploy/issues/316
430,keploy,[bug]: ts-sdk records keploy-testcase even on test mode,closed,2023-02-22T06:21:46Z,2023-09-05T14:52:07Z,re-Tick,https://github.com/keploy/keploy/issues/430
357,keploy,[UI] : Revamp the Instructions for UI Usage,closed,2023-02-21T09:15:10Z,2023-09-05T12:30:21Z,Sonichigo,https://github.com/keploy/keploy/issues/357
314,keploy,[bug]: Update telemetry events to fire from service layer,closed,2023-02-20T11:42:52Z,2023-09-20T18:37:42Z,charankamarapu,https://github.com/keploy/keploy/issues/314
304,keploy,[chore]: write logger methods to reduce redundancy,closed,2023-02-07T08:20:56Z,2024-07-05T16:09:12Z,slayerjain,https://github.com/keploy/keploy/issues/304
379,keploy,bug: models.Type backward incompatibility,closed,2023-02-06T10:06:08Z,2023-12-05T18:38:00Z,jiawchong,https://github.com/keploy/keploy/issues/379
303,keploy,[bug]: Keploy generated test cases for different applications are treated as test cases of a single applications according to the name of the tests,closed,2023-02-06T07:19:04Z,2023-09-05T11:42:16Z,charankamarapu,https://github.com/keploy/keploy/issues/303
296,keploy,[bug]: Keploy server installation command failed.,closed,2023-02-01T08:38:15Z,2023-03-14T06:36:12Z,charankamarapu,https://github.com/keploy/keploy/issues/296
411,keploy,[bug]: Next button of Installation of Typescript docs points to itself,closed,2023-01-16T20:29:51Z,2023-09-16T08:42:17Z,developer-diganta,https://github.com/keploy/keploy/issues/411
427,keploy,[docs]: Structuring the Installation Methods,closed,2023-01-11T12:14:18Z,2023-03-27T10:13:28Z,Sonichigo,https://github.com/keploy/keploy/issues/427
414,keploy,[feature]: Update Gin-Elastic Sample app ReadMe,closed,2023-01-11T12:03:59Z,2023-12-04T05:04:35Z,Sonichigo,https://github.com/keploy/keploy/issues/414
282,keploy,[bug]: records new testcase with already recorded filename,closed,2023-01-11T08:57:24Z,2023-01-13T13:14:04Z,re-Tick,https://github.com/keploy/keploy/issues/282
410,keploy,[ Documentation request ] : Remove Installation Method from Sample Java Docs,closed,2023-01-11T07:16:39Z,2023-03-27T06:51:18Z,Sonichigo,https://github.com/keploy/keploy/issues/410
278,keploy,[bug]: Currently Keploy server throws unknown field 'UrlRegex' error,closed,2023-01-09T11:44:00Z,2023-01-10T12:29:00Z,PranshuSrivastava,https://github.com/keploy/keploy/issues/278
382,keploy,The mock recording feature fails to store mocks if request or response bodies have invalid utf-8 elements,closed,2023-01-03T10:06:01Z,2023-12-05T18:36:58Z,thunderboltsid,https://github.com/keploy/keploy/issues/382
270,keploy,The server version printed during runtime should reflect the actual server version,closed,2023-01-02T17:13:45Z,2023-12-05T18:35:03Z,thunderboltsid,https://github.com/keploy/keploy/issues/270
254,keploy,[bug]: The twitter account is not connected to the ddeployed site.,closed,2022-12-27T14:47:30Z,2022-12-27T14:53:25Z,ItsRoy69,https://github.com/keploy/keploy/issues/254
353,keploy,[docs]:  update documentation for mocking feature of java sdk,closed,2022-12-19T10:48:12Z,2023-09-28T08:09:41Z,Sarthak160,https://github.com/keploy/keploy/issues/353
426,keploy,[feature]: add a sample Java EE application application to show case keploy integration,closed,2022-12-14T17:23:59Z,2023-12-05T18:34:41Z,Sarthak160,https://github.com/keploy/keploy/issues/426
251,keploy,[bug]: Unable to denoise yaml for empty byte array,closed,2022-12-14T10:08:01Z,2023-12-05T18:33:27Z,re-Tick,https://github.com/keploy/keploy/issues/251
355,keploy,[bug]: Unused dependencies should not be imported in application classpath.,closed,2022-12-08T09:40:44Z,2023-12-05T18:32:01Z,gouravkrosx,https://github.com/keploy/keploy/issues/355
247,keploy,[feature]: change mock file names after mock instead of tests,closed,2022-12-08T07:31:41Z,2023-01-12T11:32:26Z,Sarthak160,https://github.com/keploy/keploy/issues/247
244,keploy,[feature]: implement pagination for fetching testcases in test export,closed,2022-11-23T06:58:56Z,2023-09-05T14:53:33Z,Sarthak160,https://github.com/keploy/keploy/issues/244
243,keploy,[feature]: Install and run keploy binary during build to test keploy itself,closed,2022-11-22T11:38:17Z,2023-09-05T14:57:11Z,Sarthak160,https://github.com/keploy/keploy/issues/243
351,keploy,[feature]: Add filters for capturing particular testcases in java sdk,closed,2022-11-13T08:18:09Z,2023-03-06T09:34:50Z,Sarthak160,https://github.com/keploy/keploy/issues/351
238,keploy,[feature]: the error message be binary decoded in test-export yaml,closed,2022-11-08T06:43:30Z,2023-12-05T18:31:05Z,re-Tick,https://github.com/keploy/keploy/issues/238
237,keploy,[feature]: mark time sensitive fields in response directly as noisy,closed,2022-11-08T06:39:22Z,2022-11-08T11:01:27Z,Sarthak160,https://github.com/keploy/keploy/issues/237
454,keploy,Add Templates for Pull Requests,closed,2022-11-06T06:28:45Z,2023-09-19T06:15:09Z,indevi,https://github.com/keploy/keploy/issues/454
228,keploy,[bug]: Docker workflow is failing after new release.,closed,2022-10-31T12:51:46Z,2023-09-05T14:58:14Z,gouravkrosx,https://github.com/keploy/keploy/issues/228
223,keploy,[bug]: EOF always returns false during test-export,closed,2022-10-27T06:50:57Z,2022-10-27T12:08:37Z,re-Tick,https://github.com/keploy/keploy/issues/223
222,keploy,[bug]: Deprecated github actions node version,closed,2022-10-26T14:33:32Z,2023-12-05T18:28:55Z,keerthanak-tw,https://github.com/keploy/keploy/issues/222
415,keploy,[feature]: update readme,closed,2022-10-20T07:22:19Z,2023-03-11T18:15:34Z,nehagup,https://github.com/keploy/keploy/issues/415
416,keploy,[docs]: update the sample application readme in reference with docs,closed,2022-10-20T07:20:12Z,2023-09-14T17:19:48Z,nehagup,https://github.com/keploy/keploy/issues/416
418,keploy,[docs]: update the sample application readme in reference with docs,closed,2022-10-20T07:17:32Z,2023-12-05T18:26:43Z,nehagup,https://github.com/keploy/keploy/issues/418
381,keploy,feat: need to log the keploy mode,closed,2022-10-16T18:39:21Z,2023-08-02T08:50:23Z,slayerjain,https://github.com/keploy/keploy/issues/381
218,keploy,[feature]: need more logging during test export,closed,2022-10-16T18:35:06Z,2023-12-05T18:25:03Z,slayerjain,https://github.com/keploy/keploy/issues/218
383,keploy,feat: separate go mods for integration packages,closed,2022-10-11T09:23:21Z,2023-12-05T10:28:00Z,slayerjain,https://github.com/keploy/keploy/issues/383
213,keploy,[feature]: seperate repo for shared go libs,closed,2022-10-11T09:19:12Z,2023-12-05T10:25:08Z,slayerjain,https://github.com/keploy/keploy/issues/213
212,keploy,[bug]: Web server for go.keploy.io appears to be down,closed,2022-10-10T12:10:05Z,2022-10-11T06:12:09Z,embik,https://github.com/keploy/keploy/issues/212
385,keploy,feat: register sql driver automatically,closed,2022-10-09T14:42:02Z,2023-09-05T14:57:48Z,slayerjain,https://github.com/keploy/keploy/issues/385
207,keploy,[feature]: sql database should have dedicated yaml type,closed,2022-10-07T12:56:24Z,2022-12-08T16:38:37Z,slayerjain,https://github.com/keploy/keploy/issues/207
206,keploy,[feature]: enable version command for the keploy binary,closed,2022-10-06T17:34:04Z,2022-11-03T09:10:53Z,slayerjain,https://github.com/keploy/keploy/issues/206
204,keploy,[feature]: add cli flag to override keploy server port,closed,2022-10-06T11:43:36Z,2023-12-05T10:23:02Z,slayerjain,https://github.com/keploy/keploy/issues/204
397,keploy,[feature]: integrate a logging framework for more informative logs,closed,2022-10-06T06:48:16Z,2023-12-05T10:24:25Z,re-Tick,https://github.com/keploy/keploy/issues/397
408,keploy,[bug]: DCO commit message check should apply only for custom commit not for auto down merge from stable branch,closed,2022-10-06T05:51:56Z,2023-12-05T10:21:39Z,dinesh-07,https://github.com/keploy/keploy/issues/408
358,keploy,[feature]: Toggle button for noisy fields,closed,2022-10-05T15:35:41Z,2023-09-05T12:31:07Z,SanskritiHarmukh,https://github.com/keploy/keploy/issues/358
198,keploy,[feature]: Add a button to copy the code all at once.,closed,2022-10-04T15:43:44Z,2022-10-05T17:07:57Z,indevi,https://github.com/keploy/keploy/issues/198
360,keploy,[feature]: upgrade compatibility with latest node version from 14.x.x,closed,2022-10-04T11:19:59Z,2023-09-09T15:40:27Z,nehagup,https://github.com/keploy/keploy/issues/360
196,keploy,[feature]: Allow serving keploy web from custom ingress path prefix,closed,2022-10-04T07:35:19Z,2023-12-05T10:20:57Z,jolet,https://github.com/keploy/keploy/issues/196
420,keploy,[feature]: add sample to demonstrate Keploy's test export feature,closed,2022-10-03T12:00:44Z,2023-12-05T10:20:10Z,slayerjain,https://github.com/keploy/keploy/issues/420
422,keploy,[feature]: add an sample showing mocking capability,closed,2022-10-03T11:59:29Z,2023-12-05T10:18:54Z,slayerjain,https://github.com/keploy/keploy/issues/422
359,keploy,[bug]: Keploy server throws error when clicked on cross button of the test runs,closed,2022-10-03T10:08:19Z,2023-09-09T15:40:27Z,Sarthak160,https://github.com/keploy/keploy/issues/359
184,keploy,[feature]: Make mock data compress-decompress while writing it into yaml,closed,2022-10-03T09:36:37Z,2022-11-03T07:21:57Z,Sarthak160,https://github.com/keploy/keploy/issues/184
419,keploy,[feature]: Add a User Object template  to /users-profile readme,closed,2022-09-29T17:05:16Z,2023-12-05T10:16:32Z,indevi,https://github.com/keploy/keploy/issues/419
380,keploy,Http Interceptor should return the actual response in case of invalid keploy mode,closed,2022-09-20T06:57:23Z,2023-09-05T14:59:03Z,gouravkrosx,https://github.com/keploy/keploy/issues/380
392,keploy,test: implement mocking for kmongo tests,closed,2022-09-12T14:35:39Z,2023-09-05T14:55:11Z,slayerjain,https://github.com/keploy/keploy/issues/392
172,keploy,[docs]: Add glossary describing complex terms.,closed,2022-09-05T19:02:52Z,2022-09-19T17:00:36Z,SanskritiHarmukh,https://github.com/keploy/keploy/issues/172
361,keploy,[feature]: Keploy front-end must have orange and white theme,closed,2022-09-03T18:48:31Z,2023-09-09T15:40:28Z,AnkitKumarvaid,https://github.com/keploy/keploy/issues/361
371,keploy,[feature]: add onboarding for keploy/ui,closed,2022-08-30T07:39:53Z,2023-09-09T15:40:30Z,iamskp99,https://github.com/keploy/keploy/issues/371
378,keploy,[feature]: Add instructions after dependency wrapping,closed,2022-08-29T17:07:22Z,2023-09-09T15:40:31Z,nehagup,https://github.com/keploy/keploy/issues/378
369,keploy,[feature]: convert dependency integration code to code blocks,closed,2022-08-29T07:03:29Z,2023-09-09T15:40:29Z,nehagup,https://github.com/keploy/keploy/issues/369
168,keploy,[feature]: Keploy front-end must have orange and white theme,closed,2022-08-26T18:30:50Z,2022-09-02T18:24:02Z,AnkitKumarvaid,https://github.com/keploy/keploy/issues/168
167,keploy,[bug]: disable record keploy by default,closed,2022-08-26T10:29:40Z,2022-10-06T10:53:35Z,slayerjain,https://github.com/keploy/keploy/issues/167
165,keploy,[bug]: panic when make api request in multiple goroutines,closed,2022-08-26T02:01:56Z,2022-10-16T15:55:14Z,luudis,https://github.com/keploy/keploy/issues/165
164,keploy,[bug]: panic when save records into MySQL,closed,2022-08-26T01:01:11Z,2022-10-06T11:48:15Z,luudis,https://github.com/keploy/keploy/issues/164
394,keploy,feat: implement the ability to set conf through env variables,closed,2022-08-25T09:59:43Z,2024-06-27T07:29:01Z,slayerjain,https://github.com/keploy/keploy/issues/394
396,keploy,feat: create generic function wrapper for dependencies,closed,2022-08-25T09:45:27Z,2023-09-05T15:00:25Z,slayerjain,https://github.com/keploy/keploy/issues/396
403,keploy,[feature]: add more context to incorrect dependencies error,closed,2022-08-25T08:12:48Z,2023-12-05T10:10:50Z,slayerjain,https://github.com/keploy/keploy/issues/403
163,keploy,[feature]: show list of dependencies that were mocked,closed,2022-08-25T07:41:24Z,2023-09-09T15:40:27Z,nehagup,https://github.com/keploy/keploy/issues/163
421,keploy,[feature]: add mysql based sample app with fasthttp,closed,2022-08-18T05:15:08Z,2024-06-27T11:55:58Z,slayerjain,https://github.com/keploy/keploy/issues/421
402,keploy,feat: mocking should be independent of tests,closed,2022-08-17T10:52:30Z,2023-12-05T10:09:26Z,slayerjain,https://github.com/keploy/keploy/issues/402
161,keploy,[feature]: exports tests as programmatic test files (go/js/other..),closed,2022-08-17T10:46:22Z,2024-07-02T17:45:04Z,slayerjain,https://github.com/keploy/keploy/issues/161
160,keploy,[feature]: read and write test runs to files,closed,2022-08-17T10:42:54Z,2023-12-05T10:07:55Z,slayerjain,https://github.com/keploy/keploy/issues/160
159,keploy,[feature]: log diffs and other information about tests,closed,2022-08-17T10:39:15Z,2023-09-29T04:22:12Z,slayerjain,https://github.com/keploy/keploy/issues/159
158,keploy,[bug]: Not able to go to next page because of overlapping chatbox,closed,2022-08-09T19:43:58Z,2023-09-29T04:22:22Z,nehagup,https://github.com/keploy/keploy/issues/158
157,keploy,[docs]: Update keploy logo in the dashboard,closed,2022-08-09T19:41:32Z,2022-10-22T18:05:06Z,nehagup,https://github.com/keploy/keploy/issues/157
154,keploy,[feature]: Ability to mock out sensitive information like secrets from tests cases,closed,2022-08-05T18:15:06Z,2024-07-08T09:24:20Z,anirudhjain75,https://github.com/keploy/keploy/issues/154
151,keploy,[feature]: add http routes and mongo schema for browser's external calls,closed,2022-08-03T12:38:05Z,2022-08-17T10:18:36Z,re-Tick,https://github.com/keploy/keploy/issues/151
150,keploy,[bug]: keploy crashes if internet is not reachable,closed,2022-08-02T10:31:53Z,2022-08-17T10:22:05Z,slayerjain,https://github.com/keploy/keploy/issues/150
149,keploy,[feature]: Add java SDK,closed,2022-07-28T14:24:29Z,2022-07-28T16:10:07Z,Arushisingh23,https://github.com/keploy/keploy/issues/149
147,keploy,DCO integration,closed,2022-07-25T05:03:52Z,2022-09-26T12:39:15Z,Akshit42-hue,https://github.com/keploy/keploy/issues/147
143,keploy,[feature]: download all generated test cases,closed,2022-07-05T11:52:08Z,2023-09-05T12:25:30Z,luudis,https://github.com/keploy/keploy/issues/143
404,keploy,Add Support for gofmt package for formatting!,closed,2022-06-30T06:40:37Z,2024-06-27T07:49:18Z,khanjasir90,https://github.com/keploy/keploy/issues/404
138,keploy,[bug]: Test Run fails on updated test cases,closed,2022-06-08T05:55:51Z,2022-06-18T18:26:15Z,nehagup,https://github.com/keploy/keploy/issues/138
137,keploy,[bug]: url field in HttpReq of a test case is always null,closed,2022-06-06T06:02:13Z,2022-06-10T13:46:33Z,nehagup,https://github.com/keploy/keploy/issues/137
135,keploy,[docs]: Add missing file name and package in the Readme,closed,2022-06-04T20:15:43Z,2022-10-17T12:55:09Z,littleironical,https://github.com/keploy/keploy/issues/135
134,keploy,[bug]: Testrun fails on running testcase with noise header fields.,closed,2022-05-27T07:33:54Z,2022-07-28T10:20:34Z,re-Tick,https://github.com/keploy/keploy/issues/134
373,keploy,[feature]: add graphql subscription for real-time testcase and testrun updates.,closed,2022-05-13T11:16:20Z,2023-09-09T15:40:30Z,re-Tick,https://github.com/keploy/keploy/issues/373
363,keploy,[bug]: Deployed PR failed preview,closed,2022-05-06T17:21:14Z,2023-09-05T12:27:55Z,nehagup,https://github.com/keploy/keploy/issues/363
368,keploy,[bug]: sub menu indication line should be on left side,closed,2022-05-05T11:18:26Z,2023-09-09T15:40:29Z,Janvi-Thakkar,https://github.com/keploy/keploy/issues/368
401,keploy,Testrun failure on adding non-essential dependencies.,closed,2022-05-04T15:52:50Z,2024-06-27T07:51:23Z,re-Tick,https://github.com/keploy/keploy/issues/401
417,keploy,[feature]: add a sample showing ent support,closed,2022-05-03T10:41:43Z,2023-12-05T10:02:05Z,slayerjain,https://github.com/keploy/keploy/issues/417
370,keploy,[bug]: Changing Properties on Testcases doesn't reflect on save,closed,2022-05-03T08:41:15Z,2023-09-09T15:40:30Z,anirudhjain75,https://github.com/keploy/keploy/issues/370
122,keploy,[docs]: Add Gitpod badge,closed,2022-04-19T17:13:49Z,2022-05-01T17:37:08Z,nehagup,https://github.com/keploy/keploy/issues/122
400,keploy,Create gRPC Client in sdk for communication with Keploy server,closed,2022-04-18T18:48:46Z,2023-09-28T08:09:17Z,Sarthak160,https://github.com/keploy/keploy/issues/400
398,keploy,"adds support for mongo EstimatedDocumentCount(), Watch(), BulkWrite() methods",closed,2022-04-18T15:11:18Z,2023-09-05T12:27:20Z,re-Tick,https://github.com/keploy/keploy/issues/398
118,keploy,[feature]: add support for arm64 docker images,closed,2022-04-18T11:15:29Z,2022-04-19T14:01:15Z,slayerjain,https://github.com/keploy/keploy/issues/118
117,keploy,[feature]: Add support for building and publishing binary,closed,2022-04-18T11:13:34Z,2022-04-20T10:11:34Z,slayerjain,https://github.com/keploy/keploy/issues/117
116,keploy,Add CITATION.cff,closed,2022-04-18T05:44:22Z,2022-05-06T09:22:36Z,nehagup,https://github.com/keploy/keploy/issues/116
113,keploy,update in the readme file,closed,2022-04-16T12:08:59Z,2022-04-18T05:07:55Z,Akshit42-hue,https://github.com/keploy/keploy/issues/113
112,keploy,[docs]: update in docs,closed,2022-04-16T12:05:03Z,2022-04-16T12:05:42Z,Akshit42-hue,https://github.com/keploy/keploy/issues/112
107,keploy,Fix code scanning alert - Log entries created from user input,closed,2022-04-13T18:59:11Z,2022-04-18T18:23:13Z,nehagup,https://github.com/keploy/keploy/issues/107
106,keploy,Fix code scanning alert - Log entries created from user input,closed,2022-04-13T18:58:59Z,2022-04-18T18:23:13Z,nehagup,https://github.com/keploy/keploy/issues/106
104,keploy,[feature]: Move server to sdk communication to gRPC,closed,2022-04-05T05:51:12Z,2022-08-03T13:28:00Z,slayerjain,https://github.com/keploy/keploy/issues/104
102,keploy,[chore]: rename the container in docker-compose,closed,2022-04-02T14:04:26Z,2022-04-07T08:19:53Z,nehagup,https://github.com/keploy/keploy/issues/102
100,keploy,Documentation redirect should open new tab,closed,2022-04-01T12:40:06Z,2022-04-18T03:13:31Z,RajGM,https://github.com/keploy/keploy/issues/100
89,keploy,Want to Add Documentation Template,closed,2022-03-24T07:45:08Z,2022-03-26T07:44:15Z,Ayush7614,https://github.com/keploy/keploy/issues/89
365,keploy,[feature]: Migration away from Gatsby,closed,2022-03-23T07:58:26Z,2023-09-05T14:46:48Z,slayerjain,https://github.com/keploy/keploy/issues/365
407,keploy,[feature]: CI for prettyfying code,closed,2022-03-22T04:09:44Z,2023-09-19T09:04:37Z,nehagup,https://github.com/keploy/keploy/issues/407
84,keploy,[feature]: Update README.md to refer to new samples-go repository,closed,2022-03-20T19:28:12Z,2022-03-20T20:05:45Z,petergeorgas,https://github.com/keploy/keploy/issues/84
80,keploy,[feature]: Add helm chart for Keploy Server,closed,2022-03-13T14:03:10Z,2022-03-31T18:42:25Z,nehagup,https://github.com/keploy/keploy/issues/80
77,keploy,more  PR templates,closed,2022-03-10T14:20:31Z,2022-03-10T18:41:20Z,unnati914,https://github.com/keploy/keploy/issues/77
72,keploy,[feature]: Add support for testing of in-memory application data,closed,2022-03-03T03:37:24Z,2024-06-27T07:52:51Z,madhavsikka,https://github.com/keploy/keploy/issues/72
367,keploy,[feature]: Adding Pagination,closed,2022-03-01T06:51:14Z,2023-09-05T12:33:11Z,nehagup,https://github.com/keploy/keploy/issues/367
366,keploy,[feature]: Add different colour for noisy fields in test compare mode,closed,2022-02-27T11:28:10Z,2023-09-09T15:40:28Z,nehagup,https://github.com/keploy/keploy/issues/366
391,keploy,[docs]: Add details for 3 different Keploy SDK Modes,closed,2022-02-27T06:23:08Z,2023-03-04T16:15:42Z,nehagup,https://github.com/keploy/keploy/issues/391
64,keploy,[docs]: Add details for 3 different Keploy SDK Modes,closed,2022-02-27T06:19:55Z,2022-10-05T08:12:23Z,nehagup,https://github.com/keploy/keploy/issues/64
61,keploy,[feature]: Add Javascript/Typescript (SDK) support,closed,2022-02-26T11:06:59Z,2023-09-05T15:06:00Z,nehagup,https://github.com/keploy/keploy/issues/61
60,keploy,[docs]: Add details of the only unit test case file needed,closed,2022-02-26T10:54:18Z,2023-03-03T02:06:01Z,nehagup,https://github.com/keploy/keploy/issues/60
59,keploy,[docs]: Add Capture test case GIF,closed,2022-02-26T10:28:52Z,2022-02-27T07:51:28Z,nehagup,https://github.com/keploy/keploy/issues/59
58,keploy,[feature]: Add Python SDK,closed,2022-02-25T17:29:10Z,2023-12-05T09:57:16Z,user-mahesh-gupta,https://github.com/keploy/keploy/issues/58
57,keploy,[docs]: Add command in the readme to update the local docker image to latest keploy version,closed,2022-02-25T12:39:11Z,2022-02-27T06:19:27Z,nehagup,https://github.com/keploy/keploy/issues/57
53,keploy,[feature]: Add Video Demo Url to Readme,closed,2022-02-24T16:51:51Z,2022-02-25T10:37:23Z,nehagup,https://github.com/keploy/keploy/issues/53
52,keploy,[feature]: JAVA SDK <> Add Springboot framework support,closed,2022-02-24T12:30:53Z,2022-08-29T18:22:38Z,nehagup,https://github.com/keploy/keploy/issues/52
51,keploy,[feature]: Add Java SDK,closed,2022-02-24T12:24:13Z,2022-08-26T10:42:49Z,nehagup,https://github.com/keploy/keploy/issues/51
44,keploy,[feature]: Add URI and URL in HTTPRequest & HTTPrequestInput schema,closed,2022-02-21T07:21:48Z,2022-02-27T18:46:19Z,nehagup,https://github.com/keploy/keploy/issues/44
377,keploy,"[feature]: URL should be printed instead of URI in list of testcase at ""/testlist/""",closed,2022-02-21T06:19:35Z,2023-09-09T15:40:31Z,re-Tick,https://github.com/keploy/keploy/issues/377
28,keploy,[feature]: Implement filters for testcase capture,closed,2022-02-13T11:19:02Z,2022-08-03T13:29:33Z,slayerjain,https://github.com/keploy/keploy/issues/28
27,keploy,[feature]: Implement smarter deduplication with prioritisation,closed,2022-02-10T17:30:40Z,2023-09-05T14:47:03Z,slayerjain,https://github.com/keploy/keploy/issues/27
26,keploy,[feature]: Assert and de-noise external call payload for test cases,closed,2022-02-10T17:08:31Z,2024-07-01T20:53:20Z,slayerjain,https://github.com/keploy/keploy/issues/26
25,keploy,[feature]: Generate extra test cases from existing tests using Fuzz tests,closed,2022-02-10T16:54:31Z,2023-12-05T09:53:50Z,slayerjain,https://github.com/keploy/keploy/issues/25
24,keploy,[feature]: Generate test-cases from API schema,closed,2022-02-10T16:48:50Z,2023-09-05T12:09:18Z,slayerjain,https://github.com/keploy/keploy/issues/24
389,keploy,Make the console more dynamic,closed,2022-02-08T04:51:48Z,2023-12-05T09:31:20Z,slayerjain,https://github.com/keploy/keploy/issues/389
17,keploy,TestJsonDiff not working correctly,closed,2022-02-04T18:51:12Z,2022-02-06T16:34:41Z,slayerjain,https://github.com/keploy/keploy/issues/17
9,keploy,Only 2 Test runs are being returned,closed,2022-01-28T16:49:55Z,2022-01-28T16:53:05Z,slayerjain,https://github.com/keploy/keploy/issues/9
6,keploy,Add support for docker-compose and embed UI,closed,2022-01-27T16:14:47Z,2022-01-27T16:16:26Z,slayerjain,https://github.com/keploy/keploy/issues/6
5,keploy,[feature]: Mutation to normalise multiple test-cases in a test-run,closed,2022-01-27T12:46:46Z,2022-03-02T14:44:05Z,nehagup,https://github.com/keploy/keploy/issues/5
374,keploy,[feature]: Convert Test run cards to Table with Filters,closed,2022-01-27T12:10:25Z,2023-09-09T15:40:06Z,nehagup,https://github.com/keploy/keploy/issues/374
362,keploy,[feature]: Accepting/Normalise Test Case in a Test-Run,closed,2022-01-27T11:14:59Z,2023-09-09T15:40:28Z,nehagup,https://github.com/keploy/keploy/issues/362
3,keploy,Implement pagination in queries,closed,2022-01-20T07:10:40Z,2022-01-26T09:19:55Z,slayerjain,https://github.com/keploy/keploy/issues/3
386,keploy,Capture code coverage for tests,closed,2022-01-18T13:49:58Z,2023-09-05T12:14:33Z,slayerjain,https://github.com/keploy/keploy/issues/386
384,keploy,Need to handle cases with incomplete dependency integration,closed,2022-01-12T08:12:14Z,2024-06-27T07:47:33Z,slayerjain,https://github.com/keploy/keploy/issues/384
1,test-data,Update Deps type field,closed,2022-03-26T12:52:57Z,2022-10-05T19:41:14Z,slayerjain,https://github.com/keploy/test-data/issues/1
1,react-diff-viewer,[Bug]: For plain text and empty noise array empty results are returned,closed,2022-02-21T13:12:46Z,2022-02-28T11:54:54Z,nehagup,https://github.com/keploy/react-diff-viewer/issues/1
7,student-program,[feature]: Add Keploy (orange) theme to the website,closed,2022-05-06T17:10:10Z,2022-05-07T18:25:16Z,nehagup,https://github.com/keploy/student-program/issues/7
6,student-program,[bug]: Make all buttons consistent,closed,2022-05-06T17:07:01Z,2022-05-12T18:49:28Z,nehagup,https://github.com/keploy/student-program/issues/6
5,student-program,[feature]: Add more social channels to README and Registration Form,closed,2022-05-06T17:04:54Z,2023-04-03T10:31:42Z,nehagup,https://github.com/keploy/student-program/issues/5
4,student-program,[bug]: fix the navigation bar,closed,2022-05-06T17:02:42Z,2022-05-07T17:08:46Z,nehagup,https://github.com/keploy/student-program/issues/4
3,student-program,[feature]: Add footer,closed,2022-05-06T17:00:05Z,2023-04-03T10:30:14Z,nehagup,https://github.com/keploy/student-program/issues/3
12,browser-extension,Add support for Fetch API recording and mocking,closed,2026-02-24T04:09:19Z,2026-02-24T04:26:49Z,Ayush-Vyas,https://github.com/keploy/browser-extension/issues/12
7,browser-extension,bug: alarm permission requested but not used,closed,2022-08-24T10:19:02Z,2022-08-24T10:24:59Z,slayerjain,https://github.com/keploy/browser-extension/issues/7
3,devrel-program,[feature]: keploy student blog floating snippets section,closed,2022-10-17T09:07:15Z,2025-10-30T08:38:59Z,indevi,https://github.com/keploy/devrel-program/issues/3
1,devrel-program,[feature]: Website UI,closed,2022-09-06T22:34:40Z,2022-10-03T17:37:18Z,Nishant2907,https://github.com/keploy/devrel-program/issues/1
17,jsondiff,The tests for this package are flaky,closed,2025-01-14T19:04:46Z,2025-06-09T11:36:48Z,arnabnandikgp,https://github.com/keploy/jsondiff/issues/17
7,jsondiff,bug: CompareJson function fails to detect differences in certain cases,closed,2024-10-21T23:04:38Z,2024-11-11T08:13:25Z,ayush3160,https://github.com/keploy/jsondiff/issues/7
2,jsondiff,feature: add json diff with unit tests,closed,2024-07-17T10:16:44Z,2025-04-18T08:32:23Z,shivamsouravjha,https://github.com/keploy/jsondiff/issues/2
86,engineering-prompts,[docs]: add new domains to engineering-prompts repo.,closed,2025-06-19T11:20:30Z,2025-07-14T07:47:51Z,itsviv0,https://github.com/keploy/engineering-prompts/issues/86
10,docker-images,"Version Drift, Script Redundancy, and Documentation Errors in docker-images",closed,2026-02-22T19:30:39Z,2026-02-22T19:30:50Z,PATELSHAIL7125,https://github.com/keploy/docker-images/issues/10
3902,keploy,"[UX] Dead clicks on ""Choose Input Method"" causing drop-off on Test Generation page",closed,2026-03-09T06:38:26Z,2026-03-09T09:14:00Z,PrathamSikka24,https://github.com/keploy/keploy/issues/3902
3922,keploy,Upgrade Go toolchain from unsupported 1.24 to current 1.26,closed,2026-03-13T09:18:33Z,2026-03-14T12:08:37Z,stefanb,https://github.com/keploy/keploy/issues/3922
3871,keploy,"[bug]: AfterTestRun agent hook fails with ""connection refused"" in Docker Compose mode",closed,2026-02-26T20:01:23Z,2026-03-19T07:56:22Z,pathakharshit,https://github.com/keploy/keploy/issues/3871
3821,keploy,[Team T188] Use-after-close in isGoBinary — reads ELF file sections after closing it,closed,2026-02-22T07:45:24Z,2026-03-20T11:57:56Z,24cs062,https://github.com/keploy/keploy/issues/3821
3908,keploy,[bug]: mocking=true with docker-compose does not reliably intercept downstream calls in a Spring Boot service using real Nacos/MySQL/Redis dependencies,closed,2026-03-11T08:31:57Z,2026-03-20T14:43:57Z,akinnya,https://github.com/keploy/keploy/issues/3908
3940,keploy,[bug]: macOS Docker mode re-execs with sudo and prompts for password,closed,2026-03-19T10:31:09Z,2026-03-20T06:39:09Z,officialasishkumar,https://github.com/keploy/keploy/issues/3940
3864,keploy,[feature]: Add performance testing pipeline for oss,closed,2026-02-26T05:42:33Z,2026-03-26T06:34:55Z,Yogeshjindal,https://github.com/keploy/keploy/issues/3864
3904,keploy,[bug]: Obfuscate binaries of ebpf,closed,2026-03-10T08:57:06Z,2026-03-30T08:51:42Z,kapishupadhyay22,https://github.com/keploy/keploy/issues/3904
3965,keploy,[bug]: replay aborts remaining test sets after app startup failure in Docker Compose replay,closed,2026-03-24T04:30:29Z,2026-03-31T14:07:22Z,AuraReaper,https://github.com/keploy/keploy/issues/3965
3968,keploy,[bug]: replay reports for startup failures should include readable failure reason and recent app logs,closed,2026-03-25T15:28:01Z,2026-03-31T14:07:52Z,AuraReaper,https://github.com/keploy/keploy/issues/3968
3971,keploy,[feature]: Pass additive response schema changes during replay with an informational log,closed,2026-03-26T03:55:04Z,2026-03-31T14:06:20Z,AuraReaper,https://github.com/keploy/keploy/issues/3971
3970,keploy,Fix: eBPF fails to load on Windows Docker due to rlimit probe error,closed,2026-03-25T20:12:34Z,2026-04-02T06:14:02Z,pathakharshit,https://github.com/keploy/keploy/issues/3970
3974,keploy,"[feature]: Add SSE port, protocol-level port config, and replaceWith port mapping",closed,2026-03-26T12:26:05Z,2026-04-06T06:20:28Z,officialasishkumar,https://github.com/keploy/keploy/issues/3974
4069,keploy,[docs]: Expand Rename Test-Sets with discovery semantics and --test-sets usage,closed,2026-04-16T10:42:35Z,2026-04-16T10:51:34Z,officialasishkumar,https://github.com/keploy/keploy/issues/4069
