pr_number,repo_name,title,state,created_at,merged_at,author,pr_url
1,agent-chart,Health url change,merged,2021-06-08T11:28:49Z,2021-06-08T11:29:45Z,KumarAshish155,https://github.com/keploy/agent-chart/pull/1
2,agent-chart,chabge chart description,merged,2021-06-08T11:35:03Z,2021-06-08T11:35:09Z,KumarAshish155,https://github.com/keploy/agent-chart/pull/2
3,agent-chart,add log parser and istio support,merged,2021-09-14T04:21:30Z,2021-09-14T04:21:35Z,slayerjain,https://github.com/keploy/agent-chart/pull/3
4,agent-chart,Update values.yaml,merged,2021-10-10T18:13:55Z,2021-10-10T18:14:33Z,slayerjain,https://github.com/keploy/agent-chart/pull/4
5,agent-chart,Update deployment.yaml,merged,2021-10-12T09:17:52Z,2021-10-12T09:19:05Z,slayerjain,https://github.com/keploy/agent-chart/pull/5
5,go-sdk,Add support for adding and processing dependencies calls,merged,2021-12-03T16:49:56Z,2021-12-03T16:50:15Z,slayerjain,https://github.com/keploy/go-sdk/pull/5
7,go-sdk,Noise filter,merged,2021-12-15T07:53:00Z,2021-12-15T07:53:11Z,slayerjain,https://github.com/keploy/go-sdk/pull/7
8,go-sdk,add support for run events,merged,2021-12-31T06:13:15Z,2021-12-31T06:13:36Z,slayerjain,https://github.com/keploy/go-sdk/pull/8
6,go-sdk,"Add support for WebGo, MongoDB and GRPC client",merged,2021-12-04T09:01:07Z,2022-01-01T14:02:30Z,re-Tick,https://github.com/keploy/go-sdk/pull/6
13,go-sdk,Make the SDK Async #10,merged,2022-01-04T11:07:43Z,2022-01-06T10:09:55Z,Sarthak160,https://github.com/keploy/go-sdk/pull/13
16,go-sdk,Encoding url pattern,merged,2022-01-06T15:25:30Z,2022-01-06T15:51:28Z,Sarthak160,https://github.com/keploy/go-sdk/pull/16
17,go-sdk,Modified meta of grpc.go,merged,2022-01-07T09:03:00Z,2022-01-07T14:31:51Z,Sarthak160,https://github.com/keploy/go-sdk/pull/17
18,go-sdk,add capture response for simulation in webgo capture middleware,merged,2022-01-07T18:10:14Z,2022-01-07T18:10:27Z,slayerjain,https://github.com/keploy/go-sdk/pull/18
20,go-sdk,remove idea folder,merged,2022-01-07T18:18:01Z,2022-01-07T18:18:14Z,slayerjain,https://github.com/keploy/go-sdk/pull/20
21,go-sdk,Added ReadMe.md #15,merged,2022-01-07T18:25:50Z,2022-01-07T18:28:14Z,re-Tick,https://github.com/keploy/go-sdk/pull/21
22,go-sdk,Create CODE_OF_CONDUCT.md,merged,2022-01-07T18:51:28Z,2022-01-07T18:51:34Z,slayerjain,https://github.com/keploy/go-sdk/pull/22
2,example-url-shortener,Improved README for Issue #1,merged,2022-01-16T11:21:01Z,2022-01-16T11:21:20Z,nehagup,https://github.com/keploy/example-url-shortener/pull/2
26,go-sdk,"Router generic, godoc with examples, grpc clientStreamInterceptor #11",merged,2022-01-16T11:03:01Z,2022-01-18T13:07:22Z,re-Tick,https://github.com/keploy/go-sdk/pull/26
2,keploy,Create LICENSE,merged,2022-01-19T17:48:30Z,2022-01-19T17:48:37Z,slayerjain,https://github.com/keploy/keploy/pull/2
1,keploy,Create CODE_OF_CONDUCT.md,merged,2022-01-19T17:47:39Z,2022-01-19T17:48:49Z,slayerjain,https://github.com/keploy/keploy/pull/1
31,go-sdk,Added support for gin router version 1 #28,merged,2022-01-19T09:14:54Z,2022-01-20T07:23:57Z,re-Tick,https://github.com/keploy/go-sdk/pull/31
35,go-sdk,feat: Add support for http Client's method to store their encoded outputs in context. #32,merged,2022-01-24T09:28:35Z,2022-01-25T07:24:04Z,re-Tick,https://github.com/keploy/go-sdk/pull/35
4,keploy,refactor: implement pagination in TestRun and TestCase methods,merged,2022-01-26T09:14:16Z,2022-01-26T09:19:55Z,Sarthak160,https://github.com/keploy/keploy/pull/4
1,ui,"Custom 404, Add Index page, Add community docs checklist",merged,2022-01-26T14:37:08Z,2022-01-26T17:19:52Z,nehagup,https://github.com/keploy/ui/pull/1
7,keploy,build: Embed UI and add docker-compose,merged,2022-01-27T16:16:05Z,2022-01-27T16:16:26Z,slayerjain,https://github.com/keploy/keploy/pull/7
8,keploy,fix: Add user field back to TestRun,merged,2022-01-27T16:41:57Z,2022-01-27T16:42:04Z,slayerjain,https://github.com/keploy/keploy/pull/8
10,keploy,fix: fix default number of testruns from 2 to 25.,merged,2022-01-28T16:52:48Z,2022-01-28T16:53:05Z,slayerjain,https://github.com/keploy/keploy/pull/10
11,keploy,fix: fix Get test run updating only 1 test,merged,2022-01-28T17:16:28Z,2022-01-28T17:16:36Z,slayerjain,https://github.com/keploy/keploy/pull/11
12,keploy,fix: fix normalize test mutation not working,merged,2022-01-30T17:12:34Z,2022-01-30T17:12:44Z,slayerjain,https://github.com/keploy/keploy/pull/12
13,keploy,fix: fix normalize test mutation not working,merged,2022-01-30T17:49:13Z,2022-01-30T17:49:19Z,slayerjain,https://github.com/keploy/keploy/pull/13
14,keploy,"Revert ""fix: fix normalize test mutation not working""",merged,2022-01-30T17:49:59Z,2022-01-30T17:50:11Z,slayerjain,https://github.com/keploy/keploy/pull/14
15,keploy,fix: make testTable conf exported,merged,2022-02-02T12:44:12Z,2022-02-02T12:45:38Z,slayerjain,https://github.com/keploy/keploy/pull/15
16,keploy,build: add dlv to dockerfile for remote debugging,merged,2022-02-04T18:47:42Z,2022-02-04T18:47:53Z,slayerjain,https://github.com/keploy/keploy/pull/16
18,keploy,fix: made TestJsonDiff function work correctly solving #17,merged,2022-02-05T19:09:15Z,2022-02-06T16:34:31Z,Sarthak160,https://github.com/keploy/keploy/pull/18
38,go-sdk,feat: Integration with the go test and refactor,merged,2022-02-07T06:34:43Z,2022-02-07T11:18:02Z,slayerjain,https://github.com/keploy/go-sdk/pull/38
39,go-sdk,refactor:Make separate packages for all integrations #37,merged,2022-02-07T14:52:02Z,2022-02-07T16:20:45Z,Sarthak160,https://github.com/keploy/go-sdk/pull/39
40,go-sdk,"Revert ""refactor:Make separate packages for all integrations #37""",merged,2022-02-07T16:38:37Z,2022-02-07T16:38:44Z,slayerjain,https://github.com/keploy/go-sdk/pull/40
43,go-sdk,refactor: make separate packages for all integrations #37,merged,2022-02-08T04:41:14Z,2022-02-08T04:44:06Z,Sarthak160,https://github.com/keploy/go-sdk/pull/43
45,go-sdk,chore: remove redundant fields from logs,merged,2022-02-08T04:55:32Z,2022-02-08T04:55:38Z,slayerjain,https://github.com/keploy/go-sdk/pull/45
19,keploy,feat: add explicit grpc and http dependency type,merged,2022-02-08T11:07:07Z,2022-02-08T11:07:14Z,slayerjain,https://github.com/keploy/keploy/pull/19
20,keploy,Update dep,merged,2022-02-08T11:12:52Z,2022-02-08T11:13:26Z,slayerjain,https://github.com/keploy/keploy/pull/20
46,go-sdk,refactor: use models from keploy package.,merged,2022-02-08T11:24:34Z,2022-02-08T11:24:59Z,slayerjain,https://github.com/keploy/go-sdk/pull/46
5,ui,Bump nanoid from 3.1.30 to 3.2.0,merged,2022-02-08T16:17:32Z,2022-02-08T16:31:33Z,dependabot[bot],https://github.com/keploy/ui/pull/5
7,ui,"feat: Add Edit, normalise testcase",merged,2022-02-08T16:53:15Z,2022-02-08T16:54:06Z,nehagup,https://github.com/keploy/ui/pull/7
8,ui,build(deps): Bump simple-get from 4.0.0 to 4.0.1,merged,2022-02-08T16:59:18Z,2022-02-08T17:01:06Z,dependabot[bot],https://github.com/keploy/ui/pull/8
9,ui,build(deps): Bump node-fetch from 2.6.6 to 2.6.7,merged,2022-02-08T17:02:07Z,2022-02-08T17:03:51Z,dependabot[bot],https://github.com/keploy/ui/pull/9
10,ui,build(deps): Bump follow-redirects from 1.14.6 to 1.14.8,merged,2022-02-08T17:03:36Z,2022-02-08T17:04:22Z,dependabot[bot],https://github.com/keploy/ui/pull/10
11,ui,Create node.js.yml,merged,2022-02-09T07:55:33Z,2022-02-09T08:00:54Z,slayerjain,https://github.com/keploy/ui/pull/11
12,ui,"revert: Revert""Create node.js.yml""",merged,2022-02-09T08:01:38Z,2022-02-09T08:01:42Z,slayerjain,https://github.com/keploy/ui/pull/12
13,ui,build: setup github action to build and test when commits to master,merged,2022-02-09T08:05:21Z,2022-02-09T08:06:37Z,slayerjain,https://github.com/keploy/ui/pull/13
22,keploy,build(graph): fix graphql gqlgen code generation errors,merged,2022-02-09T09:43:56Z,2022-02-09T09:44:01Z,slayerjain,https://github.com/keploy/keploy/pull/22
23,keploy,build: setup github action to build and test,merged,2022-02-09T10:20:01Z,2022-02-09T10:20:52Z,slayerjain,https://github.com/keploy/keploy/pull/23
29,keploy,Update readme,merged,2022-02-14T19:28:54Z,2022-02-14T19:29:24Z,slayerjain,https://github.com/keploy/keploy/pull/29
30,keploy,docs(README): add installation and quick-start guide,merged,2022-02-14T20:06:17Z,2022-02-14T20:07:21Z,slayerjain,https://github.com/keploy/keploy/pull/30
31,keploy,ci(docker): add github action for publishing docker images,merged,2022-02-14T20:08:16Z,2022-02-14T20:08:30Z,slayerjain,https://github.com/keploy/keploy/pull/31
32,keploy,"Revert ""ci(docker): add github action for publishing docker images""",merged,2022-02-14T20:10:30Z,2022-02-14T20:10:55Z,slayerjain,https://github.com/keploy/keploy/pull/32
33,keploy,ci(docker): add github action for publishing docker images,merged,2022-02-14T20:11:39Z,2022-02-14T20:11:52Z,slayerjain,https://github.com/keploy/keploy/pull/33
34,keploy,build(dockerfile): fix dockerfile build for amd64 architecture,merged,2022-02-14T20:43:49Z,2022-02-14T20:43:56Z,slayerjain,https://github.com/keploy/keploy/pull/34
35,keploy,build(docker-compose): use prebuilt docker images for keploy,merged,2022-02-14T20:58:18Z,2022-02-14T20:58:25Z,slayerjain,https://github.com/keploy/keploy/pull/35
37,keploy,feat(http-service): add pagination in gettcs http request #3,merged,2022-02-16T04:23:45Z,2022-02-16T04:43:07Z,Sarthak160,https://github.com/keploy/keploy/pull/37
38,keploy,ci(build): add codecov to evaluate test coverage,merged,2022-02-16T04:30:00Z,2022-02-16T05:18:18Z,slayerjain,https://github.com/keploy/keploy/pull/38
39,keploy,Add codecov,merged,2022-02-16T05:20:01Z,2022-02-16T05:21:11Z,slayerjain,https://github.com/keploy/keploy/pull/39
48,go-sdk,perf(test-run): increase concurrency of test runs from 1 to 10,merged,2022-02-16T09:17:11Z,2022-02-16T09:17:21Z,slayerjain,https://github.com/keploy/go-sdk/pull/48
49,go-sdk,feat: add pagination in fetch testcase #47 and add concurrency in test,merged,2022-02-18T13:53:15Z,2022-02-18T16:58:02Z,Sarthak160,https://github.com/keploy/go-sdk/pull/49
50,go-sdk,refactor(mongo): remove mongo prefixes from struct names,merged,2022-02-18T18:49:25Z,2022-02-18T18:55:37Z,slayerjain,https://github.com/keploy/go-sdk/pull/50
40,keploy,docs : Add items from docs checklist,merged,2022-02-18T19:08:27Z,2022-02-18T19:14:02Z,nehagup,https://github.com/keploy/keploy/pull/40
51,go-sdk,fix(gin): fix crash with gin if there are no params,merged,2022-02-19T07:29:49Z,2022-02-19T07:30:12Z,slayerjain,https://github.com/keploy/go-sdk/pull/51
4,example-url-shortener,"refactor: switch to gin, 0.2.3 keploy sdk and update docs",merged,2022-02-19T08:22:44Z,2022-02-19T08:22:51Z,slayerjain,https://github.com/keploy/example-url-shortener/pull/4
41,keploy,docs(license): update copyright year and owner info,merged,2022-02-19T09:47:43Z,2022-02-19T09:47:53Z,slayerjain,https://github.com/keploy/keploy/pull/41
53,go-sdk,docs(license): update copyright year and owner info,merged,2022-02-19T09:49:24Z,2022-02-19T09:49:35Z,slayerjain,https://github.com/keploy/go-sdk/pull/53
42,keploy,build(docker): create separate docker-compose file for remote debugging,merged,2022-02-19T10:00:45Z,2022-02-19T10:00:56Z,slayerjain,https://github.com/keploy/keploy/pull/42
54,go-sdk,"feat(mongo): Adds support for Aggregate, Distinct and CountDocuments methods of mongo.Collection to mock their outputs.",merged,2022-02-20T09:38:30Z,2022-02-20T09:46:37Z,re-Tick,https://github.com/keploy/go-sdk/pull/54
43,keploy,Update README.md,merged,2022-02-20T19:54:34Z,2022-02-20T21:10:34Z,thunderboltsid,https://github.com/keploy/keploy/pull/43
1,gsoc,docs: add gsoc 2022 projects and update gitignore,merged,2022-02-21T16:32:44Z,2022-02-21T16:32:53Z,slayerjain,https://github.com/keploy/gsoc/pull/1
2,react-diff-viewer,bug,merged,2022-02-22T07:19:17Z,2022-02-22T07:19:36Z,re-Tick,https://github.com/keploy/react-diff-viewer/pull/2
3,react-diff-viewer,refactor: removes log statements,merged,2022-02-22T07:27:44Z,2022-02-22T07:27:53Z,re-Tick,https://github.com/keploy/react-diff-viewer/pull/3
16,ui,docs: Adding Readme,merged,2022-02-21T18:25:44Z,2022-02-22T07:41:54Z,nehagup,https://github.com/keploy/ui/pull/16
4,react-diff-viewer,fix(computeLineInformation): fixes computeLineInformation crash when …,merged,2022-02-22T09:25:05Z,2022-02-22T09:25:13Z,re-Tick,https://github.com/keploy/react-diff-viewer/pull/4
5,react-diff-viewer,fix(computeLineInformation): adds a check for noise equals to null fo…,merged,2022-02-22T09:52:38Z,2022-02-22T09:54:19Z,re-Tick,https://github.com/keploy/react-diff-viewer/pull/5
6,react-diff-viewer,fix(computeLineInformation): adds lines of type DEFAULT and count gre…,merged,2022-02-22T10:04:02Z,2022-02-22T10:04:09Z,re-Tick,https://github.com/keploy/react-diff-viewer/pull/6
7,react-diff-viewer,refactor(computeLineInformation): cleans the try-catch block for calling diff functions appropriatelly,merged,2022-02-22T10:18:42Z,2022-02-22T10:18:49Z,re-Tick,https://github.com/keploy/react-diff-viewer/pull/7
18,ui,refactor(Added-custom-(noise-based-filteration)-react-diff-viewer),merged,2022-02-22T13:00:30Z,2022-02-22T13:59:51Z,nehagup,https://github.com/keploy/ui/pull/18
5,example-url-shortener,refactor: move generated url hash based and update readme,merged,2022-02-22T15:13:52Z,2022-02-22T15:13:58Z,slayerjain,https://github.com/keploy/example-url-shortener/pull/5
45,keploy,refactor(graph): adds url field in HttpReq of graphQL query,merged,2022-02-21T10:23:36Z,2022-02-22T15:15:14Z,re-Tick,https://github.com/keploy/keploy/pull/45
48,keploy,Fix match: adds an internal loop for comparison between elements of array unordered wise.,merged,2022-02-22T14:59:44Z,2022-02-22T15:15:34Z,re-Tick,https://github.com/keploy/keploy/pull/48
49,keploy,docs(readme): add example to the top and general cleanup,merged,2022-02-22T15:32:10Z,2022-02-22T15:33:20Z,slayerjain,https://github.com/keploy/keploy/pull/49
46,keploy,test: adds test coverage for keploy server.,merged,2022-02-21T18:23:51Z,2022-02-22T15:48:17Z,re-Tick,https://github.com/keploy/keploy/pull/46
50,keploy,Fixed a typo in the documentation,merged,2022-02-22T19:20:57Z,2022-02-22T19:34:53Z,mikayelgr,https://github.com/keploy/keploy/pull/50
6,example-url-shortener,docs(license): create apache 2.0 based license,merged,2022-02-24T08:26:33Z,2022-02-24T08:28:43Z,slayerjain,https://github.com/keploy/example-url-shortener/pull/6
55,keploy,build(ci): enable secret actions for fork PRs,merged,2022-02-25T10:22:13Z,2022-02-25T10:23:02Z,slayerjain,https://github.com/keploy/keploy/pull/55
54,keploy,add link to demo video,merged,2022-02-24T22:38:27Z,2022-02-25T10:37:23Z,skant7,https://github.com/keploy/keploy/pull/54
55,go-sdk,feat(keploy): Make a seperate denoise function for denoise requests to keploy server,merged,2022-02-21T06:47:34Z,2022-02-25T18:03:37Z,re-Tick,https://github.com/keploy/go-sdk/pull/55
59,go-sdk,feat(ksql): Adds a refactored for support of sql database #36 #57,merged,2022-02-23T15:48:49Z,2022-02-25T18:04:28Z,re-Tick,https://github.com/keploy/go-sdk/pull/59
60,go-sdk,docs(readme): fix typo for package imports,merged,2022-02-25T19:08:56Z,2022-02-25T19:11:41Z,Sarthak160,https://github.com/keploy/go-sdk/pull/60
62,keploy,Docs : Added-visuals-for-capture-test-case-and-unit-test-file,merged,2022-02-26T18:33:26Z,2022-02-26T19:17:37Z,nehagup,https://github.com/keploy/keploy/pull/62
63,keploy,docs(readme): add command to get the latest keploy image,merged,2022-02-27T04:25:58Z,2022-02-27T06:19:27Z,madhavsikka,https://github.com/keploy/keploy/pull/63
20,ui,fix: Recent test runs page does not show new test runs unless page is…,merged,2022-02-26T19:45:57Z,2022-02-27T06:29:48Z,madhavsikka,https://github.com/keploy/ui/pull/20
62,go-sdk,Delay denoise call to capture responses with noise fields accurately.,merged,2022-02-27T14:39:21Z,2022-02-27T14:43:56Z,re-Tick,https://github.com/keploy/go-sdk/pull/62
65,keploy,fix (CODE_OF_CONDUCT.md): fixes typo,merged,2022-02-27T18:03:54Z,2022-02-27T18:26:38Z,re-Tick,https://github.com/keploy/keploy/pull/65
58,go-sdk,feat(keploy): add regex filter for testcase capture in url #56,merged,2022-02-23T13:00:23Z,2022-02-28T07:23:04Z,Sarthak160,https://github.com/keploy/go-sdk/pull/58
8,example-url-shortener,remove docker command to start mongo,merged,2022-02-26T10:39:21Z,2022-02-28T11:46:06Z,skant7,https://github.com/keploy/example-url-shortener/pull/8
66,keploy,Improves keploy test coverage,merged,2022-02-28T10:49:05Z,2022-02-28T11:50:02Z,Sarthak160,https://github.com/keploy/keploy/pull/66
67,keploy,ci: add coveralls to the ci pipeline,merged,2022-02-28T12:04:34Z,2022-02-28T12:49:46Z,slayerjain,https://github.com/keploy/keploy/pull/67
69,keploy,fix(graphiql): fix the url for the graphql server,merged,2022-03-01T10:20:44Z,2022-03-01T10:23:53Z,slayerjain,https://github.com/keploy/keploy/pull/69
70,keploy,docs(readme): add faq section and remove integration examples,merged,2022-03-01T15:25:09Z,2022-03-01T15:45:11Z,slayerjain,https://github.com/keploy/keploy/pull/70
1,typescript-sdk,feat: setup typescript project,merged,2022-03-02T06:16:15Z,2022-03-02T10:09:24Z,rajatsharma,https://github.com/keploy/typescript-sdk/pull/1
71,keploy,refactor: fix type in config and update readme,merged,2022-03-02T13:40:28Z,2022-03-02T13:42:26Z,slayerjain,https://github.com/keploy/keploy/pull/71
68,keploy,add normalizeTests mutation,merged,2022-02-28T16:12:56Z,2022-03-02T14:44:05Z,madhavsikka,https://github.com/keploy/keploy/pull/68
2,typescript-sdk,feat: add commitzen and github workflow to build project and check commits,merged,2022-03-02T16:15:37Z,2022-03-02T16:23:57Z,rajatsharma,https://github.com/keploy/typescript-sdk/pull/2
3,typescript-sdk,feat: add git hooks,merged,2022-03-02T16:38:19Z,2022-03-02T17:15:37Z,rajatsharma,https://github.com/keploy/typescript-sdk/pull/3
64,go-sdk,Added Security and contribution readme,merged,2022-03-02T19:15:35Z,2022-03-04T11:48:23Z,user-mahesh-gupta,https://github.com/keploy/go-sdk/pull/64
65,go-sdk,fix(kmongo): fixes nil pointer exception when mongo database is down,merged,2022-03-03T16:29:52Z,2022-03-04T11:48:59Z,re-Tick,https://github.com/keploy/go-sdk/pull/65
67,go-sdk,feat(mux) : Adds support for Gorilla/Mux multiplexer,merged,2022-03-04T16:12:59Z,2022-03-06T19:03:45Z,re-Tick,https://github.com/keploy/go-sdk/pull/67
27,ui,fix(testrun-detail): Go back to default view using tabs,merged,2022-03-06T08:50:06Z,2022-03-06T20:04:24Z,namantaneja167,https://github.com/keploy/ui/pull/27
1,samples-go,feat: add gin and mongo based url shortener sample,merged,2022-03-07T06:59:51Z,2022-03-07T06:59:58Z,slayerjain,https://github.com/keploy/samples-go/pull/1
2,samples-go,feat: add gin and mongo based url shortener sample,merged,2022-03-07T07:40:11Z,2022-03-07T07:40:17Z,slayerjain,https://github.com/keploy/samples-go/pull/2
68,go-sdk,fix(regex): fix generating testcases when filter is not applied,merged,2022-03-07T11:25:21Z,2022-03-07T11:47:05Z,Sarthak160,https://github.com/keploy/go-sdk/pull/68
4,samples-go,refactor(gin-mongo): update keploy sdk version to v0.3.4,merged,2022-03-07T11:50:05Z,2022-03-07T11:50:15Z,slayerjain,https://github.com/keploy/samples-go/pull/4
78,keploy,added template for PR in .github folder,merged,2022-03-10T14:49:41Z,2022-03-10T18:38:24Z,unnati914,https://github.com/keploy/keploy/pull/78
4,typescript-sdk,feat: add http client,merged,2022-03-09T05:57:24Z,2022-03-11T06:36:36Z,rajatsharma,https://github.com/keploy/typescript-sdk/pull/4
30,ui,chore : added all social icons and update readme,merged,2022-03-12T17:19:47Z,2022-03-12T17:40:12Z,Ayush7614,https://github.com/keploy/ui/pull/30
31,ui,chore : added all contributors in readme,merged,2022-03-12T18:14:57Z,2022-03-12T18:33:56Z,Ayush7614,https://github.com/keploy/ui/pull/31
32,ui,chore : added contribution and code of conduct guidelines,merged,2022-03-12T19:02:15Z,2022-03-13T20:08:36Z,Ayush7614,https://github.com/keploy/ui/pull/32
5,typescript-sdk,"feat: add capture, fetch, get and other sdk methods",merged,2022-03-09T06:00:58Z,2022-03-15T06:22:42Z,rajatsharma,https://github.com/keploy/typescript-sdk/pull/5
81,keploy,Update README.md,merged,2022-03-16T06:46:18Z,2022-03-16T06:49:49Z,nehagup,https://github.com/keploy/keploy/pull/81
79,keploy,chore :update logo and social icons in readme,merged,2022-03-12T21:24:25Z,2022-03-16T11:32:04Z,Ayush7614,https://github.com/keploy/keploy/pull/79
82,keploy,chore : added contributors in readme,merged,2022-03-16T11:45:17Z,2022-03-16T11:48:19Z,Ayush7614,https://github.com/keploy/keploy/pull/82
1,.github,chore : added profile,merged,2022-03-13T12:39:43Z,2022-03-16T12:43:08Z,Ayush7614,https://github.com/keploy/.github/pull/1
1,docs,"docs: web ui, update readme, fix routing issue",merged,2022-03-16T19:06:44Z,2022-03-16T19:06:51Z,nehagup,https://github.com/keploy/docs/pull/1
2,docs,ci: add github actions to deploy website,merged,2022-03-16T19:06:53Z,2022-03-16T19:07:23Z,slayerjain,https://github.com/keploy/docs/pull/2
3,docs,fix: codeowners,merged,2022-03-16T19:09:42Z,2022-03-16T19:09:49Z,nehagup,https://github.com/keploy/docs/pull/3
69,go-sdk,fix(httpClient) : Adds an interceptor to mock outputs of external http calls.,merged,2022-03-08T11:53:46Z,2022-03-18T04:08:20Z,re-Tick,https://github.com/keploy/go-sdk/pull/69
71,go-sdk,Adds a check for running in test mode without db connection,merged,2022-03-17T09:57:04Z,2022-03-18T10:54:51Z,re-Tick,https://github.com/keploy/go-sdk/pull/71
10,typescript-sdk,refactor: remove query parameters from request url,merged,2022-03-18T00:32:14Z,2022-03-18T22:42:47Z,1nwf,https://github.com/keploy/typescript-sdk/pull/10
5,samples-go,Add Echo/SQL Sample,merged,2022-03-13T00:42:40Z,2022-03-20T19:16:39Z,petergeorgas,https://github.com/keploy/samples-go/pull/5
85,keploy,Update README.md with new samples-go repository,merged,2022-03-20T19:29:51Z,2022-03-20T20:05:45Z,petergeorgas,https://github.com/keploy/keploy/pull/85
4,docs,chore : update readme,merged,2022-03-21T16:34:14Z,2022-03-22T05:32:55Z,Ayush7614,https://github.com/keploy/docs/pull/4
76,keploy,fix (testCaseDb) : fixes uri filter for reading testcases from mongo collection and sets the modified anchors instead of unset in mongo update.,merged,2022-03-04T10:36:11Z,2022-03-25T07:24:48Z,re-Tick,https://github.com/keploy/keploy/pull/76
91,keploy,build: update workflow by enabling dedup,merged,2022-03-25T11:22:22Z,2022-03-25T14:14:59Z,Sarthak160,https://github.com/keploy/keploy/pull/91
90,keploy,build: update github action for testing,merged,2022-03-25T06:10:17Z,2022-03-25T15:09:01Z,Sarthak160,https://github.com/keploy/keploy/pull/90
88,keploy,refactor(server): apply url regex filter in keploy app config,merged,2022-03-23T08:40:27Z,2022-03-25T15:09:23Z,Sarthak160,https://github.com/keploy/keploy/pull/88
83,keploy,chore : added documentation template,merged,2022-03-16T12:06:40Z,2022-03-26T07:44:15Z,Ayush7614,https://github.com/keploy/keploy/pull/83
6,docs,Docs : Fix Broken Links and Add SDK Contrib Guide,merged,2022-03-26T13:15:42Z,2022-03-26T13:16:32Z,nehagup,https://github.com/keploy/docs/pull/6
34,ui,chore : added documentation template,merged,2022-03-22T11:41:03Z,2022-03-26T18:07:03Z,Ayush7614,https://github.com/keploy/ui/pull/34
11,typescript-sdk,Added transformToSnakeCase utility function,merged,2022-03-25T00:17:44Z,2022-03-26T18:44:55Z,petergeorgas,https://github.com/keploy/typescript-sdk/pull/11
33,ui,Nav url params,merged,2022-03-16T20:04:06Z,2022-03-26T19:54:47Z,namantaneja167,https://github.com/keploy/ui/pull/33
37,ui,Add datagrid testruns,merged,2022-03-26T17:43:55Z,2022-03-27T17:13:32Z,namantaneja167,https://github.com/keploy/ui/pull/37
73,go-sdk,feat: adds JWT for authenticating requests in test mode.,merged,2022-03-24T20:24:03Z,2022-03-29T05:31:17Z,re-Tick,https://github.com/keploy/go-sdk/pull/73
74,go-sdk,Example of postgreSQL gcp driver integeration with go-sdk.,merged,2022-03-25T11:39:36Z,2022-03-29T05:33:52Z,re-Tick,https://github.com/keploy/go-sdk/pull/74
93,keploy,ci: add commit linting and automatic release,merged,2022-03-26T18:44:59Z,2022-03-31T18:22:24Z,slayerjain,https://github.com/keploy/keploy/pull/93
92,keploy,build(deployment): add helm chart to deploy to kubernetes,merged,2022-03-26T17:26:29Z,2022-03-31T18:42:25Z,slayerjain,https://github.com/keploy/keploy/pull/92
96,keploy,ci: fix failure in the automatic releaser,merged,2022-03-31T18:55:19Z,2022-04-01T04:50:44Z,slayerjain,https://github.com/keploy/keploy/pull/96
99,keploy,ci: temporarily disable commit message linting,merged,2022-04-01T07:00:50Z,2022-04-01T08:28:00Z,slayerjain,https://github.com/keploy/keploy/pull/99
1,python-sdk,Beta v1: Added fully functional keploy file,merged,2022-04-01T16:58:34Z,2022-04-01T19:16:51Z,user-mahesh-gupta,https://github.com/keploy/python-sdk/pull/1
94,keploy,[docs]: Update Readme and add docs site reference links,merged,2022-03-27T12:14:23Z,2022-04-02T14:05:38Z,nehagup,https://github.com/keploy/keploy/pull/94
103,keploy,chore: rename the container in docker-compose,merged,2022-04-04T06:40:37Z,2022-04-07T08:19:53Z,EdwinWalela,https://github.com/keploy/keploy/pull/103
101,keploy,added all contributers in readme,merged,2022-04-01T13:51:59Z,2022-04-07T18:44:06Z,Ayush7614,https://github.com/keploy/keploy/pull/101
38,ui,"chore : ""added config action""",merged,2022-04-01T20:40:27Z,2022-04-10T15:57:54Z,Ayush7614,https://github.com/keploy/ui/pull/38
7,docs,"added info, config, pr template",merged,2022-04-12T10:49:01Z,2022-04-12T19:04:24Z,Ayush7614,https://github.com/keploy/docs/pull/7
7,samples-go,fix(echo-sql): adds error logging and rows.close to close the sql.rows,merged,2022-03-30T16:05:18Z,2022-04-13T11:34:05Z,re-Tick,https://github.com/keploy/samples-go/pull/7
78,go-sdk,fix (httpclient): add check for nil response pointer on record on mode.,merged,2022-04-01T14:36:38Z,2022-04-13T11:41:06Z,re-Tick,https://github.com/keploy/go-sdk/pull/78
75,go-sdk,refactor router code by adding a generic method.,merged,2022-03-29T07:20:45Z,2022-04-13T11:42:12Z,re-Tick,https://github.com/keploy/go-sdk/pull/75
105,keploy,added codeql action,merged,2022-04-13T08:32:48Z,2022-04-13T12:32:46Z,Ayush7614,https://github.com/keploy/keploy/pull/105
39,ui,Update PR Template and typos,merged,2022-04-13T07:54:08Z,2022-04-13T12:35:59Z,Ayush7614,https://github.com/keploy/ui/pull/39
8,docs,added codeql action,merged,2022-04-13T08:28:27Z,2022-04-13T12:39:01Z,Ayush7614,https://github.com/keploy/docs/pull/8
40,ui,feat: add polling intervals to testlist,merged,2022-04-13T17:50:00Z,2022-04-13T17:54:17Z,nehagup,https://github.com/keploy/ui/pull/40
108,keploy,docs(readme) : add gitpod option to readme,merged,2022-04-14T09:10:34Z,2022-04-14T09:43:54Z,slayerjain,https://github.com/keploy/keploy/pull/108
8,samples-go,feat: add gitpod for efficient user experience,merged,2022-04-01T05:25:43Z,2022-04-14T10:16:45Z,Sarthak160,https://github.com/keploy/samples-go/pull/8
110,keploy,chore: Convert PR template line breaks to LF,merged,2022-04-15T11:48:30Z,2022-04-15T16:25:49Z,ditsuke,https://github.com/keploy/keploy/pull/110
41,ui,added prosebot gha,merged,2022-04-16T04:42:19Z,2022-04-17T07:59:46Z,Ayush7614,https://github.com/keploy/ui/pull/41
111,keploy,added prosebot gha,merged,2022-04-16T04:34:31Z,2022-04-17T08:00:50Z,Ayush7614,https://github.com/keploy/keploy/pull/111
10,docs,added prosebot GHA,merged,2022-04-16T04:37:59Z,2022-04-17T08:01:28Z,Ayush7614,https://github.com/keploy/docs/pull/10
43,ui,redirect_link_to_new_page,merged,2022-04-17T13:08:58Z,2022-04-18T03:14:40Z,Akshit42-hue,https://github.com/keploy/ui/pull/43
114,keploy,docs: readme_updated,merged,2022-04-17T13:15:42Z,2022-04-18T05:07:55Z,Akshit42-hue,https://github.com/keploy/keploy/pull/114
17,typescript-sdk,feat: implement test and simulate methods,merged,2022-04-13T06:56:07Z,2022-04-18T10:33:30Z,rajatsharma,https://github.com/keploy/typescript-sdk/pull/17
109,keploy,fix(logging): Escape logged user input for security,merged,2022-04-15T11:18:44Z,2022-04-18T18:23:13Z,ditsuke,https://github.com/keploy/keploy/pull/109
119,keploy,fix: Move prosebot config to `/.github`,merged,2022-04-18T20:07:21Z,2022-04-19T06:39:50Z,ditsuke,https://github.com/keploy/keploy/pull/119
120,keploy,feat(ci): Add support for arm64 docker images,merged,2022-04-19T08:15:28Z,2022-04-19T14:01:14Z,ditsuke,https://github.com/keploy/keploy/pull/120
44,ui,Update documentation to show the correct command for dev server,merged,2022-04-19T14:44:06Z,2022-04-19T17:06:06Z,anirudhjain75,https://github.com/keploy/ui/pull/44
121,keploy,ci(publish-docker): Remove QEMU setup,merged,2022-04-19T16:04:34Z,2022-04-19T17:06:15Z,ditsuke,https://github.com/keploy/keploy/pull/121
18,typescript-sdk,adds middleware for express framework,merged,2022-04-13T07:43:20Z,2022-04-19T20:16:12Z,re-Tick,https://github.com/keploy/typescript-sdk/pull/18
20,typescript-sdk,feat: add denoise method,merged,2022-04-19T22:00:33Z,2022-04-20T06:49:24Z,rajatsharma,https://github.com/keploy/typescript-sdk/pull/20
21,typescript-sdk,docs: development setup,merged,2022-04-20T06:49:05Z,2022-04-20T07:06:47Z,rajatsharma,https://github.com/keploy/typescript-sdk/pull/21
123,keploy,ci: disable semantic releaser temporarily,merged,2022-04-20T04:06:37Z,2022-04-20T09:36:15Z,slayerjain,https://github.com/keploy/keploy/pull/123
124,keploy,ci: migrate to goreleaser,merged,2022-04-20T08:55:41Z,2022-04-20T10:11:33Z,burntcarrot,https://github.com/keploy/keploy/pull/124
126,keploy,added Greetings GHA,merged,2022-04-21T04:19:11Z,2022-04-21T17:14:44Z,Ayush7614,https://github.com/keploy/keploy/pull/126
85,go-sdk,adds a check in simulate to fix CI/CD fail of keploy github actions.,merged,2022-04-22T07:37:26Z,2022-04-22T10:34:05Z,re-Tick,https://github.com/keploy/go-sdk/pull/85
46,ui,added greetings action,merged,2022-04-21T04:33:18Z,2022-04-26T06:37:20Z,Ayush7614,https://github.com/keploy/ui/pull/46
48,ui,Rearranged sidebar icons,merged,2022-04-21T14:01:25Z,2022-04-26T06:53:14Z,Janvi-Thakkar,https://github.com/keploy/ui/pull/48
11,docs,added greetings action,merged,2022-04-21T04:28:19Z,2022-04-26T06:54:01Z,Ayush7614,https://github.com/keploy/docs/pull/11
49,ui,added lighthouse ci,merged,2022-04-26T11:00:56Z,2022-04-27T11:22:44Z,Ayush7614,https://github.com/keploy/ui/pull/49
12,docs,chore: improve docs of contributing file,merged,2022-04-26T10:52:38Z,2022-04-27T11:24:27Z,Ayush7614,https://github.com/keploy/docs/pull/12
86,go-sdk,adds check for redirects in simulate to prevent test run failure,merged,2022-04-28T07:34:48Z,2022-04-29T07:23:18Z,re-Tick,https://github.com/keploy/go-sdk/pull/86
13,docs,improve docs of readme,merged,2022-04-27T18:37:24Z,2022-05-01T17:28:31Z,Ayush7614,https://github.com/keploy/docs/pull/13
129,keploy,Added Gitpod Badge to Readme.md file,merged,2022-05-01T07:39:10Z,2022-05-01T17:37:07Z,khanjasir90,https://github.com/keploy/keploy/pull/129
2,python-sdk,Flask Integration,merged,2022-05-02T16:34:08Z,2022-05-03T05:55:29Z,user-mahesh-gupta,https://github.com/keploy/python-sdk/pull/2
131,keploy,add CITATION.cff,merged,2022-05-05T05:59:08Z,2022-05-06T09:22:35Z,EdwinWalela,https://github.com/keploy/keploy/pull/131
80,go-sdk,Implemented Header filter,merged,2022-04-18T08:48:23Z,2022-05-06T10:08:00Z,gouravkrosx,https://github.com/keploy/go-sdk/pull/80
83,go-sdk,Fasthttp router support,merged,2022-04-19T11:16:01Z,2022-05-06T10:10:12Z,Pradhyuman-sharma,https://github.com/keploy/go-sdk/pull/83
87,go-sdk,docs(go-sdk): adding example for fasthttp,merged,2022-04-29T08:17:43Z,2022-05-06T10:12:27Z,Pradhyuman-sharma,https://github.com/keploy/go-sdk/pull/87
50,ui,added preview and github pages action,merged,2022-04-27T18:04:46Z,2022-05-06T13:29:54Z,Ayush7614,https://github.com/keploy/ui/pull/50
2,student-program,Initial structure of the student program website,merged,2022-05-06T16:11:20Z,2022-05-06T16:12:46Z,nehagup,https://github.com/keploy/student-program/pull/2
9,student-program,feature: Added Keploy orange theme to the website,merged,2022-05-07T11:01:19Z,2022-05-07T17:01:03Z,littleironical,https://github.com/keploy/student-program/pull/9
8,student-program,Addressing navbar fix for issue #4,merged,2022-05-07T08:04:33Z,2022-05-07T17:08:46Z,daniel-moderiano,https://github.com/keploy/student-program/pull/8
10,student-program,added greetings gha + codeql gha + PR template,merged,2022-05-07T11:55:36Z,2022-05-07T17:11:24Z,Ayush7614,https://github.com/keploy/student-program/pull/10
1,template,added CI Docs + Repo Docs + Test new code Docs + PR Template,merged,2022-05-07T11:44:26Z,2022-05-07T18:48:43Z,Ayush7614,https://github.com/keploy/template/pull/1
11,student-program,ci: add github action to publish website,merged,2022-05-07T18:32:54Z,2022-05-07T18:53:26Z,slayerjain,https://github.com/keploy/student-program/pull/11
4,java-sdk,Modules created. Added basic maven dependencies.,merged,2022-05-08T18:27:21Z,2022-05-11T06:27:02Z,nigamharshita03,https://github.com/keploy/java-sdk/pull/4
2,.github,Added Discord link,merged,2022-05-10T18:38:24Z,2022-05-12T18:48:08Z,littleironical,https://github.com/keploy/.github/pull/2
12,student-program,Button consistency,merged,2022-05-09T08:57:29Z,2022-05-12T18:49:27Z,daniel-moderiano,https://github.com/keploy/student-program/pull/12
115,keploy,adds telemetry for analytics,merged,2022-04-17T15:26:56Z,2022-05-18T06:38:32Z,re-Tick,https://github.com/keploy/keploy/pull/115
25,typescript-sdk,fix(express): converts headers into required key:value type,merged,2022-05-17T08:26:30Z,2022-05-20T05:54:43Z,re-Tick,https://github.com/keploy/typescript-sdk/pull/25
22,typescript-sdk,feat: register method,merged,2022-04-27T07:11:20Z,2022-05-20T07:09:38Z,rajatsharma,https://github.com/keploy/typescript-sdk/pull/22
6,java-sdk,Java agent core modules,merged,2022-05-21T05:43:21Z,2022-05-21T05:47:01Z,nigamharshita03,https://github.com/keploy/java-sdk/pull/6
27,typescript-sdk,feat: read config from environment variables,merged,2022-06-01T04:33:27Z,2022-06-01T06:57:37Z,rajatsharma,https://github.com/keploy/typescript-sdk/pull/27
62,ui,fixed redirect to doc link issue,merged,2022-05-29T02:48:58Z,2022-06-01T18:08:56Z,khanjasir90,https://github.com/keploy/ui/pull/62
63,ui,fix: normalise-test-query-and-it's-use-in-testruns,merged,2022-06-05T10:52:52Z,2022-06-05T13:28:55Z,nehagup,https://github.com/keploy/ui/pull/63
64,ui,(perf): Adding url param to http request,merged,2022-06-06T06:31:08Z,2022-06-06T06:42:44Z,nehagup,https://github.com/keploy/ui/pull/64
65,ui,fix: Added url param in deepcopy of test case,merged,2022-06-08T06:13:00Z,2022-06-08T06:28:36Z,nehagup,https://github.com/keploy/ui/pull/65
141,keploy,docs: Added keploy rewards to README.md,merged,2022-06-10T06:12:19Z,2022-06-10T06:33:39Z,siddharth2798,https://github.com/keploy/keploy/pull/141
139,keploy,Adds url field in input of update testcase graphql,merged,2022-06-08T06:10:03Z,2022-06-10T13:46:33Z,re-Tick,https://github.com/keploy/keploy/pull/139
45,ui,format tcs-detail.tsx and add third tab with name parameters,merged,2022-04-19T17:12:52Z,2022-06-11T06:56:40Z,anirudhjain75,https://github.com/keploy/ui/pull/45
140,keploy,updates http request and response  of graphql query input testcase.,merged,2022-06-08T11:03:06Z,2022-06-18T18:26:15Z,re-Tick,https://github.com/keploy/keploy/pull/140
96,go-sdk,fix: bump crypto package to fix security vulnerability,merged,2022-07-11T05:14:43Z,2022-07-11T05:42:00Z,khanjasir90,https://github.com/keploy/go-sdk/pull/96
13,student-program,Added welcome-email template,merged,2022-07-10T11:51:27Z,2022-07-11T12:16:10Z,littleironical,https://github.com/keploy/student-program/pull/13
14,student-program,Added GitHub links and removed extra code,merged,2022-07-11T13:36:41Z,2022-07-11T17:06:19Z,littleironical,https://github.com/keploy/student-program/pull/14
94,go-sdk,feat(pre-commit-hook & contribution guid) : Added support for gofmt pre-commit hook & updated contribution.md file with all the steps to make the contribution.,merged,2022-07-06T05:44:47Z,2022-07-12T11:09:44Z,khanjasir90,https://github.com/keploy/go-sdk/pull/94
15,docs,chore: update the Algolia search key,merged,2022-07-13T06:02:53Z,2022-07-13T06:13:15Z,slayerjain,https://github.com/keploy/docs/pull/15
16,docs,ci: update yarn action to fix python version bug,merged,2022-07-13T06:23:38Z,2022-07-13T06:24:32Z,slayerjain,https://github.com/keploy/docs/pull/16
17,docs,docs: changed logo and added quickstart section,merged,2022-07-14T10:01:06Z,2022-07-14T10:01:55Z,nehagup,https://github.com/keploy/docs/pull/17
8,java-sdk,build: create github actions for build check,merged,2022-07-14T10:34:31Z,2022-07-14T10:39:16Z,Sarthak160,https://github.com/keploy/java-sdk/pull/8
10,java-sdk,refactor: fix merge conflicts due to deletion of files,merged,2022-07-15T04:38:54Z,2022-07-15T04:39:10Z,Sarthak160,https://github.com/keploy/java-sdk/pull/10
11,java-sdk,refactor: fix test-module pom,merged,2022-07-15T05:02:58Z,2022-07-15T05:03:35Z,Sarthak160,https://github.com/keploy/java-sdk/pull/11
12,java-sdk,Fix test module,merged,2022-07-15T05:48:12Z,2022-07-15T05:48:22Z,Sarthak160,https://github.com/keploy/java-sdk/pull/12
7,java-sdk,Record replay functionality for API requests,merged,2022-07-14T09:26:44Z,2022-07-15T06:42:46Z,Sarthak160,https://github.com/keploy/java-sdk/pull/7
18,docs,fix: Build bug fix in Quickstart component,merged,2022-07-15T14:34:21Z,2022-07-15T14:39:21Z,nehagup,https://github.com/keploy/docs/pull/18
13,java-sdk,feat: add support for java 8,merged,2022-07-15T11:12:37Z,2022-07-15T14:43:21Z,gouravkrosx,https://github.com/keploy/java-sdk/pull/13
15,java-sdk,refactor: make changes in pom for maven central deployment,merged,2022-07-18T05:42:51Z,2022-07-18T07:13:54Z,Sarthak160,https://github.com/keploy/java-sdk/pull/15
16,java-sdk,fix: null pointer exception due to null key in response headers,merged,2022-07-18T13:30:28Z,2022-07-19T07:10:36Z,gouravkrosx,https://github.com/keploy/java-sdk/pull/16
17,java-sdk,refactor: mode refactor in keploy and middleware,merged,2022-07-19T13:29:44Z,2022-07-20T08:45:19Z,gouravkrosx,https://github.com/keploy/java-sdk/pull/17
18,java-sdk,feat: add CountDownLatch to run test mode using command,merged,2022-07-21T07:02:06Z,2022-07-21T09:28:35Z,gouravkrosx,https://github.com/keploy/java-sdk/pull/18
14,java-sdk,docs: update README.md file,merged,2022-07-17T17:12:32Z,2022-07-21T09:35:10Z,gouravkrosx,https://github.com/keploy/java-sdk/pull/14
127,keploy,feat(grpc): make gRPC server for connection with SDKs,merged,2022-04-21T19:10:34Z,2022-07-24T06:02:35Z,Sarthak160,https://github.com/keploy/keploy/pull/127
142,keploy,fix: ignores the noisy fields of headers,merged,2022-06-27T10:13:38Z,2022-07-28T10:20:33Z,re-Tick,https://github.com/keploy/keploy/pull/142
19,java-sdk,Logs,merged,2022-07-28T10:10:40Z,2022-07-28T10:22:00Z,gouravkrosx,https://github.com/keploy/java-sdk/pull/19
148,keploy,docs(readme): add reference for java and ts sdk,merged,2022-07-28T10:25:37Z,2022-07-28T10:26:52Z,slayerjain,https://github.com/keploy/keploy/pull/148
20,java-sdk,Add some fields in keploy context,merged,2022-07-28T10:23:51Z,2022-07-28T10:32:32Z,gouravkrosx,https://github.com/keploy/java-sdk/pull/20
132,keploy,added cla and cla bot,merged,2022-05-06T20:11:16Z,2022-08-02T11:22:00Z,Ayush7614,https://github.com/keploy/keploy/pull/132
21,java-sdk,"fix: change http client, responsewrapper due to concurrency behaviour",merged,2022-08-02T12:54:49Z,2022-08-02T13:26:13Z,gouravkrosx,https://github.com/keploy/java-sdk/pull/21
21,docs,Add Go Quickstart samples,merged,2022-08-05T20:51:49Z,2022-08-05T21:02:24Z,nehagup,https://github.com/keploy/docs/pull/21
100,go-sdk,typo changed,merged,2022-08-05T15:28:01Z,2022-08-08T08:05:30Z,indevi,https://github.com/keploy/go-sdk/pull/100
156,keploy,build: add change version for codefish-semantics,merged,2022-08-08T07:26:01Z,2022-08-08T09:12:48Z,Sarthak160,https://github.com/keploy/keploy/pull/156
68,ui,feat(ui): add pagination on test cases page,merged,2022-08-04T19:08:45Z,2022-08-09T19:29:54Z,iamskp99,https://github.com/keploy/ui/pull/68
22,java-sdk,fix(grpc): fix exception thrown when test recorded for the first time,merged,2022-08-10T07:50:44Z,2022-08-10T08:06:57Z,Sarthak160,https://github.com/keploy/java-sdk/pull/22
24,java-sdk,refactor: make de-noise call optional with use of env variable,merged,2022-08-10T19:00:21Z,2022-08-10T19:09:33Z,Sarthak160,https://github.com/keploy/java-sdk/pull/24
23,java-sdk,refactor: upgrade obsolete dependencies and refactor,merged,2022-08-10T18:38:06Z,2022-08-10T19:10:54Z,gouravkrosx,https://github.com/keploy/java-sdk/pull/23
25,java-sdk,refactor: add docs to use denoise as optional parameter,merged,2022-08-10T19:28:27Z,2022-08-10T19:29:22Z,gouravkrosx,https://github.com/keploy/java-sdk/pull/25
30,java-sdk,refactor: move de-noise field from appConfig to serverConfig,merged,2022-08-16T07:48:37Z,2022-08-16T09:20:22Z,iamskp99,https://github.com/keploy/java-sdk/pull/30
88,go-sdk,Refactor router interface,merged,2022-05-04T06:43:12Z,2022-08-16T12:57:24Z,re-Tick,https://github.com/keploy/go-sdk/pull/88
90,go-sdk,fix: adds eof to prevent failure in test mode,merged,2022-06-09T20:05:02Z,2022-08-16T12:57:54Z,re-Tick,https://github.com/keploy/go-sdk/pull/90
103,go-sdk,fix: make change in capture response method to record tests,merged,2022-08-13T08:38:14Z,2022-08-16T14:28:29Z,iamskp99,https://github.com/keploy/go-sdk/pull/103
152,keploy,adds routes and mongo schema for browser-extension' infra mock calls.,merged,2022-08-03T12:56:57Z,2022-08-17T10:18:36Z,re-Tick,https://github.com/keploy/keploy/pull/152
155,keploy,change log level to error instead of fatal,merged,2022-08-06T15:43:14Z,2022-08-17T10:22:04Z,aksh-02,https://github.com/keploy/keploy/pull/155
106,go-sdk,fix: check nil pointers for sql methods during capture mode,merged,2022-08-18T09:33:07Z,2022-08-18T09:34:30Z,re-Tick,https://github.com/keploy/go-sdk/pull/106
15,student-program,updated dependencies,merged,2022-08-18T09:48:30Z,2022-08-18T11:32:18Z,Nishant2907,https://github.com/keploy/student-program/pull/15
31,java-sdk,fix: able to get response from map inside simulate function,merged,2022-08-19T06:01:58Z,2022-08-19T06:31:41Z,Sarthak160,https://github.com/keploy/java-sdk/pull/31
32,java-sdk,fix(api): final result show true even after some tests failed,merged,2022-08-19T11:05:53Z,2022-08-19T11:54:03Z,gouravkrosx,https://github.com/keploy/java-sdk/pull/32
34,java-sdk,feat(api): improve performance by calling denoise concurrently and refactor docs,merged,2022-08-20T11:28:30Z,2022-08-21T10:14:52Z,gouravkrosx,https://github.com/keploy/java-sdk/pull/34
1,browser-extension,docs: adds readme guide,merged,2022-08-12T12:35:38Z,2022-08-22T05:51:04Z,re-Tick,https://github.com/keploy/browser-extension/pull/1
2,browser-extension,chore: update metadata and remove system files,merged,2022-08-23T06:07:55Z,2022-08-23T06:08:47Z,slayerjain,https://github.com/keploy/browser-extension/pull/2
3,browser-extension,docs(readme): update installation instructions,merged,2022-08-23T06:37:58Z,2022-08-23T06:43:08Z,slayerjain,https://github.com/keploy/browser-extension/pull/3
35,java-sdk,refactor: make okhttp client initialise in constructor,merged,2022-08-23T09:28:55Z,2022-08-23T09:33:46Z,Sarthak160,https://github.com/keploy/java-sdk/pull/35
4,.github,Added GitHub Actions,merged,2022-08-23T05:13:44Z,2022-08-23T19:26:16Z,Nishant2907,https://github.com/keploy/.github/pull/4
5,.github,(docs): update resources info and one liner,merged,2022-08-23T19:56:29Z,2022-08-23T19:56:42Z,nehagup,https://github.com/keploy/.github/pull/5
8,browser-extension,fix(manifest): remove alarms permissions since not used,merged,2022-08-24T10:24:09Z,2022-08-24T10:24:58Z,slayerjain,https://github.com/keploy/browser-extension/pull/8
9,browser-extension,chore: bump version in manifest.json,merged,2022-08-24T10:27:36Z,2022-08-24T10:27:44Z,slayerjain,https://github.com/keploy/browser-extension/pull/9
10,browser-extension,chore(dist): remove dist folder and add to gitignore,merged,2022-08-24T10:40:28Z,2022-08-24T10:40:37Z,slayerjain,https://github.com/keploy/browser-extension/pull/10
112,go-sdk,feat: implement independent mocking and code export,merged,2022-08-25T10:09:51Z,2022-08-25T10:10:05Z,slayerjain,https://github.com/keploy/go-sdk/pull/112
36,java-sdk,feat(api): add support for optional async testing,merged,2022-08-25T07:39:20Z,2022-08-25T12:45:16Z,gouravkrosx,https://github.com/keploy/java-sdk/pull/36
162,keploy,feat: adds mock grpc methods for mocking infra in unit_tests,merged,2022-08-24T04:49:03Z,2022-08-25T13:07:44Z,re-Tick,https://github.com/keploy/keploy/pull/162
3,samples-java,build: add workflow for java samples,merged,2022-08-25T18:56:08Z,2022-08-25T18:57:03Z,Sarthak160,https://github.com/keploy/samples-java/pull/3
2,samples-java,Sample app,merged,2022-08-25T13:56:06Z,2022-08-25T19:10:07Z,Sarthak160,https://github.com/keploy/samples-java/pull/2
115,go-sdk,fix: merges mock/httpClient and integrations/httpClient and uses mode enums,merged,2022-08-25T14:34:36Z,2022-08-26T06:21:30Z,re-Tick,https://github.com/keploy/go-sdk/pull/115
117,go-sdk,fix: remove local keploy ref from go.mod and bump version,merged,2022-08-26T06:33:19Z,2022-08-26T06:33:33Z,slayerjain,https://github.com/keploy/go-sdk/pull/117
166,keploy,fix(gha):  update cosign to solve signing issues,merged,2022-08-26T09:11:09Z,2022-08-26T09:17:40Z,slayerjain,https://github.com/keploy/keploy/pull/166
4,samples-java,feat: add docker-compose file to load pre-sql scripts,merged,2022-08-26T09:33:48Z,2022-08-26T09:33:54Z,Sarthak160,https://github.com/keploy/samples-java/pull/4
5,samples-java,Add images for test runs,merged,2022-08-26T09:38:38Z,2022-08-26T09:39:16Z,Sarthak160,https://github.com/keploy/samples-java/pull/5
6,samples-java,Add images for keploy tests,merged,2022-08-26T09:44:22Z,2022-08-26T09:44:58Z,Sarthak160,https://github.com/keploy/samples-java/pull/6
7,samples-java,refactor: refactor data.sql and readme file,merged,2022-08-26T10:36:24Z,2022-08-26T10:46:35Z,gouravkrosx,https://github.com/keploy/samples-java/pull/7
37,java-sdk,refactor(readme): refer instruction to start keploy server,merged,2022-08-26T07:40:37Z,2022-08-26T10:53:09Z,gouravkrosx,https://github.com/keploy/java-sdk/pull/37
69,ui,feat(ui): add onboarding guide for keploy,merged,2022-08-26T10:21:26Z,2022-08-29T17:30:49Z,iamskp99,https://github.com/keploy/ui/pull/69
118,go-sdk,fix(ksql): adds a nil pointer check in sql.exec to prevent panic,merged,2022-08-26T10:23:07Z,2022-08-30T09:12:03Z,re-Tick,https://github.com/keploy/go-sdk/pull/118
119,go-sdk,fix: adds support for relative path for mock-export,merged,2022-08-29T09:48:55Z,2022-08-30T09:13:51Z,re-Tick,https://github.com/keploy/go-sdk/pull/119
169,keploy,fix: skips the unusual tele call on disabling telemetry,merged,2022-08-28T10:26:12Z,2022-08-30T09:18:42Z,re-Tick,https://github.com/keploy/keploy/pull/169
170,keploy,feat: generate mock name if empty and logs yaml file path,merged,2022-08-29T10:24:04Z,2022-08-30T09:18:55Z,re-Tick,https://github.com/keploy/keploy/pull/170
23,docs,Added content to 'Why Keploy' section,merged,2022-08-27T18:31:06Z,2022-08-30T18:48:23Z,littleironical,https://github.com/keploy/docs/pull/23
22,docs,docs(java): add installation and integration guide for java-sdk,merged,2022-08-26T10:13:49Z,2022-08-31T07:15:07Z,Sarthak160,https://github.com/keploy/docs/pull/22
13,samples-go,fix: change mongo context to gin request context to integrate kmongo,merged,2022-09-02T09:53:03Z,2022-09-03T18:40:16Z,Sarthak160,https://github.com/keploy/samples-go/pull/13
120,go-sdk,update the mock schema to proto.Mock and log statements.,merged,2022-09-03T04:45:45Z,2022-09-05T08:02:51Z,re-Tick,https://github.com/keploy/go-sdk/pull/120
171,keploy,update the model.mock schema to encoded-decode into yaml,merged,2022-09-03T04:53:25Z,2022-09-05T08:14:19Z,re-Tick,https://github.com/keploy/keploy/pull/171
28,docs,fix: fixed Keploy spelling error,merged,2022-09-04T05:14:44Z,2022-09-05T19:52:26Z,VedanthB,https://github.com/keploy/docs/pull/28
8,samples-java,refactor: remove uncovered code for testcoverage,merged,2022-09-08T10:44:29Z,2022-09-08T10:48:07Z,Sarthak160,https://github.com/keploy/samples-java/pull/8
38,java-sdk,refactor: set protocol type and update pom files,merged,2022-09-08T12:30:36Z,2022-09-08T12:34:26Z,Sarthak160,https://github.com/keploy/java-sdk/pull/38
39,java-sdk,feat: add support for testcases export,merged,2022-09-08T13:35:36Z,2022-09-08T13:38:39Z,gouravkrosx,https://github.com/keploy/java-sdk/pull/39
40,java-sdk,refactor: change default path for testcases,merged,2022-09-08T14:41:42Z,2022-09-08T14:42:38Z,gouravkrosx,https://github.com/keploy/java-sdk/pull/40
124,go-sdk,build: go mod tidy to fix the sum file,merged,2022-09-08T14:50:36Z,2022-09-08T14:50:50Z,slayerjain,https://github.com/keploy/go-sdk/pull/124
175,keploy,fix: add support for yaml testcase export,merged,2022-09-08T15:06:45Z,2022-09-08T16:00:56Z,gouravkrosx,https://github.com/keploy/keploy/pull/175
9,samples-java,refactor: setting test mode in test file,merged,2022-09-08T16:11:46Z,2022-09-08T16:16:46Z,gouravkrosx,https://github.com/keploy/samples-java/pull/9
35,docs,refactor(docs): update maven version and change in test-file,merged,2022-09-08T12:11:22Z,2022-09-08T17:16:26Z,Sarthak160,https://github.com/keploy/docs/pull/35
41,java-sdk,refactor: rename path to testcasepath,merged,2022-09-08T20:08:53Z,2022-09-08T20:11:28Z,gouravkrosx,https://github.com/keploy/java-sdk/pull/41
10,samples-java,refactor: resolve dependency issues,merged,2022-09-08T20:07:23Z,2022-09-08T20:12:14Z,gouravkrosx,https://github.com/keploy/samples-java/pull/10
42,java-sdk,refactor: rewrite MANIFEST.MF file to update deps versions,merged,2022-09-08T20:39:16Z,2022-09-08T20:53:34Z,gouravkrosx,https://github.com/keploy/java-sdk/pull/42
43,java-sdk,refactor: make change for condition in header response,merged,2022-09-08T20:59:59Z,2022-09-08T21:02:37Z,Sarthak160,https://github.com/keploy/java-sdk/pull/43
176,keploy,fix: adds created field in httpSpec during denoise,merged,2022-09-08T21:00:47Z,2022-09-08T21:04:52Z,re-Tick,https://github.com/keploy/keploy/pull/176
11,samples-java,refactor: update keploy sdk version in pom,merged,2022-09-09T03:41:42Z,2022-09-09T03:42:41Z,Sarthak160,https://github.com/keploy/samples-java/pull/11
44,java-sdk,refactor: changed directory to store exported testcases,merged,2022-09-09T08:53:20Z,2022-09-09T08:57:14Z,gouravkrosx,https://github.com/keploy/java-sdk/pull/44
12,samples-java,Update README.md,merged,2022-09-09T09:11:30Z,2022-09-09T09:12:16Z,Sarthak160,https://github.com/keploy/samples-java/pull/12
127,go-sdk,docs(readme): add batch for go-docs in readme,merged,2022-09-09T13:27:15Z,2022-09-09T13:27:41Z,Sarthak160,https://github.com/keploy/go-sdk/pull/127
126,go-sdk,docs(readme): add example for elastic-search integration with keploy,merged,2022-09-09T11:56:55Z,2022-09-12T09:39:01Z,iamskp99,https://github.com/keploy/go-sdk/pull/126
177,keploy,fix: updates the http-spec for comma delimiter,merged,2022-09-12T08:12:21Z,2022-09-12T13:48:44Z,re-Tick,https://github.com/keploy/keploy/pull/177
128,go-sdk,test(kmongo): comment tests temporarily which require mocking,merged,2022-09-12T14:31:29Z,2022-09-12T14:36:42Z,slayerjain,https://github.com/keploy/go-sdk/pull/128
48,java-sdk,logs:improved crash logs during failure with keploy,merged,2022-09-11T14:14:51Z,2022-09-13T08:54:47Z,gouravkrosx,https://github.com/keploy/java-sdk/pull/48
49,java-sdk,refactor(api): add testcase path in start request,merged,2022-09-13T09:21:09Z,2022-09-13T11:06:34Z,Sarthak160,https://github.com/keploy/java-sdk/pull/49
125,go-sdk,feat: Implemented build checks using Github Actions for Go-SDK,merged,2022-09-08T16:20:03Z,2022-09-15T06:57:09Z,khanjasir90,https://github.com/keploy/go-sdk/pull/125
50,java-sdk,refactor: fix warnings and refactor,merged,2022-09-15T09:00:27Z,2022-09-15T09:35:58Z,gouravkrosx,https://github.com/keploy/java-sdk/pull/50
6,.github,New Plugins to Metrics -  GitHub Actions,merged,2022-09-14T07:56:11Z,2022-09-19T06:53:40Z,Sonichigo,https://github.com/keploy/.github/pull/6
41,docs,fix: resolve Go sidebar bug,merged,2022-09-19T09:55:13Z,2022-09-19T10:56:39Z,nehagup,https://github.com/keploy/docs/pull/41
42,docs,fix: java Quickstart link added,merged,2022-09-19T11:10:11Z,2022-09-19T11:10:25Z,nehagup,https://github.com/keploy/docs/pull/42
36,docs,Added glossary describing complex terms,merged,2022-09-10T18:21:52Z,2022-09-19T11:16:06Z,SanskritiHarmukh,https://github.com/keploy/docs/pull/36
26,typescript-sdk,integerate test mode,merged,2022-05-25T10:05:23Z,2022-09-19T14:09:25Z,re-Tick,https://github.com/keploy/typescript-sdk/pull/26
28,typescript-sdk,Corrected typographical error,merged,2022-07-22T07:03:08Z,2022-09-19T14:11:13Z,dheerajghosh007,https://github.com/keploy/typescript-sdk/pull/28
173,keploy,feat(keploy): adding logging functionality for failed test-cases,merged,2022-09-07T12:33:22Z,2022-09-21T05:17:34Z,Pradhyuman-sharma,https://github.com/keploy/keploy/pull/173
178,keploy,fix: reads the correct yaml file for tcs,merged,2022-09-13T09:19:46Z,2022-09-21T05:25:16Z,re-Tick,https://github.com/keploy/keploy/pull/178
29,typescript-sdk,feat(ts-sdk): added support for test coverage,merged,2022-08-17T12:35:08Z,2022-09-21T06:14:26Z,Pradhyuman-sharma,https://github.com/keploy/typescript-sdk/pull/29
2,samples-typescript,Keploy integeration,merged,2022-06-01T05:43:30Z,2022-09-23T09:57:21Z,re-Tick,https://github.com/keploy/samples-typescript/pull/2
1,samples-typescript,created sample express-typescript url shortener,merged,2022-04-20T07:48:24Z,2022-09-23T09:57:22Z,Sarthak160,https://github.com/keploy/samples-typescript/pull/1
3,samples-typescript,"revert: Revert ""Keploy integeration""",merged,2022-09-23T09:58:30Z,2022-09-23T09:59:01Z,slayerjain,https://github.com/keploy/samples-typescript/pull/3
133,go-sdk,adds support for test-export,merged,2022-09-21T12:50:47Z,2022-09-26T08:48:20Z,re-Tick,https://github.com/keploy/go-sdk/pull/133
134,go-sdk,docs(readme): refactor docs on mock export,merged,2022-09-26T09:56:08Z,2022-09-26T09:56:17Z,slayerjain,https://github.com/keploy/go-sdk/pull/134
135,go-sdk,docs(readme): remove usecase section,merged,2022-09-26T09:57:23Z,2022-09-26T09:57:28Z,slayerjain,https://github.com/keploy/go-sdk/pull/135
30,docs,Added more topics in Sidebar,merged,2022-09-06T09:02:37Z,2022-09-26T12:01:12Z,littleironical,https://github.com/keploy/docs/pull/30
44,docs,Sidebar update & Bug fixes,merged,2022-09-24T10:16:41Z,2022-09-26T12:26:21Z,littleironical,https://github.com/keploy/docs/pull/44
7,.github,GitHub Actions : Plugin ReadMe,merged,2022-09-20T05:41:31Z,2022-09-26T15:11:42Z,Sonichigo,https://github.com/keploy/.github/pull/7
57,docs,Updated the image in How Keploy Works Page,merged,2022-10-01T18:22:47Z,2022-10-02T16:47:17Z,prayatharth,https://github.com/keploy/docs/pull/57
58,docs,Closes #49 - firefox operating guide bullets and text alignment fix,merged,2022-10-01T21:25:26Z,2022-10-02T17:01:43Z,titusjoyson,https://github.com/keploy/docs/pull/58
48,docs,Added doc for Keploy Browser Extension,merged,2022-09-26T19:22:16Z,2022-10-03T03:14:45Z,littleironical,https://github.com/keploy/docs/pull/48
2,devrel-program,adding devrel program website ui,merged,2022-09-06T22:49:45Z,2022-10-03T03:29:00Z,Nishant2907,https://github.com/keploy/devrel-program/pull/2
182,keploy,ci: temp fix the greetings action,merged,2022-10-02T16:50:28Z,2022-10-03T03:34:13Z,slayerjain,https://github.com/keploy/keploy/pull/182
130,go-sdk,feat: add redis integration,merged,2022-09-14T12:37:08Z,2022-10-03T07:24:50Z,iamskp99,https://github.com/keploy/go-sdk/pull/130
179,keploy,refactor: add mock in testcase and some fields httpresponse,merged,2022-09-21T06:15:34Z,2022-10-03T09:03:15Z,Sarthak160,https://github.com/keploy/keploy/pull/179
183,keploy,build: add support for macos notarization,merged,2022-10-03T08:11:28Z,2022-10-03T09:50:29Z,slayerjain,https://github.com/keploy/keploy/pull/183
185,keploy,ci: fix syntax error in github pipeline,merged,2022-10-03T10:07:13Z,2022-10-03T10:08:02Z,slayerjain,https://github.com/keploy/keploy/pull/185
186,keploy,ci: decouple release pipeline and set dependencies,merged,2022-10-03T10:18:52Z,2022-10-03T10:20:42Z,slayerjain,https://github.com/keploy/keploy/pull/186
187,keploy,ci: fix release pipeline git checkout,merged,2022-10-03T10:25:58Z,2022-10-03T10:26:33Z,slayerjain,https://github.com/keploy/keploy/pull/187
188,keploy,ci: fix identation in goreleaser.yaml,merged,2022-10-03T10:49:53Z,2022-10-03T10:51:15Z,slayerjain,https://github.com/keploy/keploy/pull/188
189,keploy,ci: fix main file path in goreleaser.yaml,merged,2022-10-03T11:14:21Z,2022-10-03T11:16:08Z,slayerjain,https://github.com/keploy/keploy/pull/189
190,keploy,ci: fix go binary path in gon.json,merged,2022-10-03T11:41:03Z,2022-10-03T11:44:31Z,slayerjain,https://github.com/keploy/keploy/pull/190
191,keploy,ci: fix apple account password variables,merged,2022-10-03T12:11:18Z,2022-10-03T12:14:29Z,slayerjain,https://github.com/keploy/keploy/pull/191
19,samples-go,feat: add put and delete route support,merged,2022-10-03T12:27:50Z,2022-10-03T12:33:48Z,slayerjain,https://github.com/keploy/samples-go/pull/19
192,keploy,ci: use mac universal binaries and hooks,merged,2022-10-03T17:25:10Z,2022-10-03T17:29:08Z,slayerjain,https://github.com/keploy/keploy/pull/192
193,keploy,"ci: enable back ui, linux and windows builds",merged,2022-10-03T17:40:54Z,2022-10-03T17:44:17Z,slayerjain,https://github.com/keploy/keploy/pull/193
61,docs,Decreased animation speed of the gif,merged,2022-10-03T17:12:37Z,2022-10-03T17:46:24Z,nakul010,https://github.com/keploy/docs/pull/61
194,keploy,"ci: enable back ui, linux and windows builds",merged,2022-10-03T17:50:46Z,2022-10-03T18:01:24Z,slayerjain,https://github.com/keploy/keploy/pull/194
195,keploy,ci: remove version from keploy binary archive name,merged,2022-10-03T18:31:11Z,2022-10-03T18:31:54Z,slayerjain,https://github.com/keploy/keploy/pull/195
52,java-sdk,feat: add support for OkHttpClient for dependency mocking.,merged,2022-10-03T13:23:03Z,2022-10-04T09:03:46Z,gouravkrosx,https://github.com/keploy/java-sdk/pull/52
63,docs,Fix broken links,merged,2022-10-03T18:51:32Z,2022-10-04T10:40:39Z,techsnap,https://github.com/keploy/docs/pull/63
67,docs,Change numbers on installation doc,merged,2022-10-04T03:49:38Z,2022-10-04T12:08:31Z,Ritesh-Dabral,https://github.com/keploy/docs/pull/67
180,keploy,feat(keploy):adding support for custom port,merged,2022-09-27T10:36:05Z,2022-10-04T12:12:33Z,Pradhyuman-sharma,https://github.com/keploy/keploy/pull/180
136,go-sdk,refactor: change the default keploy server port to 6789,merged,2022-10-04T12:21:53Z,2022-10-04T12:23:54Z,slayerjain,https://github.com/keploy/go-sdk/pull/136
138,go-sdk,refactor: change default KEPLOY_MODE to OFF,merged,2022-10-04T13:31:00Z,2022-10-04T13:31:08Z,slayerjain,https://github.com/keploy/go-sdk/pull/138
62,docs,docs : Add Typescript SDK documentation,merged,2022-10-03T17:41:48Z,2022-10-04T14:01:32Z,iamskp99,https://github.com/keploy/docs/pull/62
20,samples-go,refactor: add support for keploy v6.2 and test export,merged,2022-10-04T14:19:30Z,2022-10-04T14:19:49Z,slayerjain,https://github.com/keploy/samples-go/pull/20
31,typescript-sdk,feat : add feature to add custom mock export and test export path,merged,2022-10-04T13:31:36Z,2022-10-04T14:27:25Z,iamskp99,https://github.com/keploy/typescript-sdk/pull/31
199,keploy,refactor: update readme for code export and minor refactoring,merged,2022-10-04T17:25:19Z,2022-10-04T18:16:56Z,slayerjain,https://github.com/keploy/keploy/pull/199
200,keploy,re-issue-#64-solved,merged,2022-10-04T19:42:21Z,2022-10-05T06:20:33Z,ayushmaanshrotriya,https://github.com/keploy/keploy/pull/200
68,docs,"Removed background from images, closes #32",merged,2022-10-04T15:50:53Z,2022-10-05T19:27:15Z,Guillergood,https://github.com/keploy/docs/pull/68
69,docs,Temporary greeting pipeline fix,merged,2022-10-04T19:51:29Z,2022-10-05T19:29:13Z,indevi,https://github.com/keploy/docs/pull/69
32,typescript-sdk,fix: remove redundant comments from example codes,merged,2022-10-04T19:13:21Z,2022-10-05T19:34:35Z,iamskp99,https://github.com/keploy/typescript-sdk/pull/32
3,test-data,Latest dump added,merged,2022-10-04T09:44:20Z,2022-10-05T19:40:41Z,littleironical,https://github.com/keploy/test-data/pull/3
53,java-sdk,build(deps): bump protobuf-java from 3.21.5 to 3.21.7 in /api,merged,2022-10-04T23:30:30Z,2022-10-06T06:23:39Z,dependabot[bot],https://github.com/keploy/java-sdk/pull/53
55,java-sdk,build(deps): bump protobuf-java from 3.21.5 to 3.21.7 in /integration,merged,2022-10-04T23:31:44Z,2022-10-06T06:25:05Z,dependabot[bot],https://github.com/keploy/java-sdk/pull/55
54,java-sdk,build(deps): bump protobuf-java from 3.21.5 to 3.21.7 in /keploy-sdk,merged,2022-10-04T23:30:38Z,2022-10-06T06:26:14Z,dependabot[bot],https://github.com/keploy/java-sdk/pull/54
140,go-sdk,fix: update echo router to fix critical security vulnerability,merged,2022-10-06T07:44:50Z,2022-10-06T07:46:23Z,slayerjain,https://github.com/keploy/go-sdk/pull/140
74,docs,append forward slash,merged,2022-10-06T08:51:50Z,2022-10-06T09:38:44Z,dinesh-07,https://github.com/keploy/docs/pull/74
201,keploy,fix: updates decode-encode methods of grpc mock,merged,2022-10-06T07:55:24Z,2022-10-06T10:50:51Z,re-Tick,https://github.com/keploy/keploy/pull/201
78,docs,Fix : alignment of keploy logo in nav bar,merged,2022-10-07T06:05:48Z,2022-10-07T06:35:00Z,Manoj0Marmat,https://github.com/keploy/docs/pull/78
81,docs,Fix element style,merged,2022-10-07T13:59:06Z,2022-10-07T14:28:23Z,Manoj0Marmat,https://github.com/keploy/docs/pull/81
76,docs,Update Keploy twitter card image,merged,2022-10-06T20:48:32Z,2022-10-07T14:29:40Z,jayeshchoudhary,https://github.com/keploy/docs/pull/76
83,docs,Remove SDK Modes content from Go-SDK Integration Page,merged,2022-10-08T06:06:13Z,2022-10-08T10:19:13Z,Manoj0Marmat,https://github.com/keploy/docs/pull/83
84,docs,Improvements in Java SDK Doc,merged,2022-10-08T20:14:23Z,2022-10-09T06:52:27Z,Manoj0Marmat,https://github.com/keploy/docs/pull/84
84,ui,docs(readme): update keploy port from 8081 to 6789,merged,2022-10-09T16:39:03Z,2022-10-09T16:42:00Z,slayerjain,https://github.com/keploy/ui/pull/84
211,keploy,docs(readme): update installation instructions,merged,2022-10-10T10:27:17Z,2022-10-10T14:10:56Z,slayerjain,https://github.com/keploy/keploy/pull/211
83,ui,fixed spelling typo and corrected the link issue #81,merged,2022-10-09T09:23:53Z,2022-10-11T04:58:01Z,ompiepy,https://github.com/keploy/ui/pull/83
85,docs,Reduce the content in Gin-Mongo Smaple Doc,merged,2022-10-09T10:27:24Z,2022-10-11T11:09:54Z,Manoj0Marmat,https://github.com/keploy/docs/pull/85
64,docs,added user profile readme file,merged,2022-10-03T19:09:25Z,2022-10-11T11:25:40Z,SakshamShandilya,https://github.com/keploy/docs/pull/64
31,docs,docs(readme): add example for elastic-search and redis integration with keploy,merged,2022-09-06T15:24:43Z,2022-10-11T13:09:40Z,iamskp99,https://github.com/keploy/docs/pull/31
88,ui,update keploy logo,merged,2022-10-13T05:57:04Z,2022-10-13T06:22:43Z,murugesanp,https://github.com/keploy/ui/pull/88
22,samples-go,feature: changed default port to 6789,merged,2022-10-13T19:16:54Z,2022-10-14T02:08:23Z,MagnaibayarMN,https://github.com/keploy/samples-go/pull/22
36,typescript-sdk,feat: changed default port (8081 to 6789),merged,2022-10-13T19:07:45Z,2022-10-14T02:10:16Z,MagnaibayarMN,https://github.com/keploy/typescript-sdk/pull/36
56,java-sdk,feat: changed default port to 6789,merged,2022-10-13T19:14:32Z,2022-10-14T02:11:54Z,MagnaibayarMN,https://github.com/keploy/java-sdk/pull/56
89,docs,Updated transparency,merged,2022-10-14T17:16:34Z,2022-10-14T19:23:02Z,Guillergood,https://github.com/keploy/docs/pull/89
60,docs,Update README.md,merged,2022-10-03T03:18:24Z,2022-10-16T14:15:23Z,helloausrine,https://github.com/keploy/docs/pull/60
93,docs,HacktoberFest : Docs Frontpage,merged,2022-10-16T12:03:06Z,2022-10-16T17:30:43Z,Sonichigo,https://github.com/keploy/docs/pull/93
23,samples-go,docs(readme): update linux download url,merged,2022-10-16T18:26:45Z,2022-10-16T18:26:58Z,slayerjain,https://github.com/keploy/samples-go/pull/23
94,docs,feat: update new methods of installing keploy,merged,2022-10-16T18:46:16Z,2022-10-16T18:46:41Z,nehagup,https://github.com/keploy/docs/pull/94
95,docs,fix: Quickstart links,merged,2022-10-16T19:02:27Z,2022-10-16T19:02:39Z,nehagup,https://github.com/keploy/docs/pull/95
219,keploy,Fix README Test Example,merged,2022-10-16T19:33:55Z,2022-10-17T12:55:08Z,CypherpunkSamurai,https://github.com/keploy/keploy/pull/219
137,go-sdk,docs : update documentation of elastic-search support for go-sdk,merged,2022-10-04T13:07:44Z,2022-10-18T08:29:16Z,iamskp99,https://github.com/keploy/go-sdk/pull/137
9,react-diff-viewer,feat: adding react 17 support,merged,2022-10-17T11:08:57Z,2022-10-18T17:03:38Z,Pradhyuman-sharma,https://github.com/keploy/react-diff-viewer/pull/9
57,java-sdk,feat:make java-sdk spring independent,merged,2022-10-18T17:08:45Z,2022-10-18T17:43:04Z,gouravkrosx,https://github.com/keploy/java-sdk/pull/57
91,ui,feat: support for node 17.x.x.,merged,2022-10-18T19:07:01Z,2022-10-18T19:12:21Z,nehagup,https://github.com/keploy/ui/pull/91
92,ui,fix: nodejs ci workflow,merged,2022-10-18T19:21:25Z,2022-10-18T19:21:34Z,nehagup,https://github.com/keploy/ui/pull/92
93,ui,fix: breaking dependencies,merged,2022-10-18T19:31:41Z,2022-10-18T19:31:49Z,nehagup,https://github.com/keploy/ui/pull/93
217,keploy,Create FUNDING.yml for pizza parties,merged,2022-10-16T16:09:59Z,2022-10-19T08:01:11Z,nehagup,https://github.com/keploy/keploy/pull/217
94,ui,feat:adding support for node 18,merged,2022-10-19T07:31:07Z,2022-10-19T08:12:06Z,Pradhyuman-sharma,https://github.com/keploy/ui/pull/94
58,java-sdk,fix(utils-api-core): add function to assert overall testresult of keploy test,merged,2022-10-19T11:28:01Z,2022-10-19T11:29:27Z,Sarthak160,https://github.com/keploy/java-sdk/pull/58
87,ui,add prefix path,merged,2022-10-12T08:13:58Z,2022-10-19T11:35:01Z,sreekesh93,https://github.com/keploy/ui/pull/87
215,keploy,Issue-196 | add path prefix,merged,2022-10-12T07:30:59Z,2022-10-19T11:40:48Z,sreekesh93,https://github.com/keploy/keploy/pull/215
59,java-sdk,fix:unable to use custom test & mock paths,merged,2022-10-20T06:40:56Z,2022-10-20T06:44:59Z,gouravkrosx,https://github.com/keploy/java-sdk/pull/59
60,java-sdk,refactor:update readme and rename custom test & mock path,merged,2022-10-20T07:26:11Z,2022-10-20T07:28:49Z,gouravkrosx,https://github.com/keploy/java-sdk/pull/60
96,docs,"changed port number (8080 , 8081) to 6789",merged,2022-10-18T12:33:11Z,2022-10-20T09:22:37Z,RJ025,https://github.com/keploy/docs/pull/96
37,typescript-sdk,feat: addds hook for exported app in octokit package,merged,2022-10-20T06:39:32Z,2022-10-20T10:50:57Z,re-Tick,https://github.com/keploy/typescript-sdk/pull/37
61,java-sdk,fix:add log42j configuration to fix logging,merged,2022-10-20T18:33:17Z,2022-10-21T05:20:30Z,gouravkrosx,https://github.com/keploy/java-sdk/pull/61
214,keploy,feat: adds read-write methods for test-reports,merged,2022-10-11T16:36:09Z,2022-10-21T12:01:56Z,re-Tick,https://github.com/keploy/keploy/pull/214
98,ui,Updates broken docker-compose links in documentation,merged,2022-10-21T15:51:03Z,2022-10-22T18:11:12Z,RommelTJ,https://github.com/keploy/ui/pull/98
99,ui,fix: preview workflow and readme,merged,2022-10-22T18:15:26Z,2022-10-22T18:15:38Z,nehagup,https://github.com/keploy/ui/pull/99
144,go-sdk,fix: fix infinite loop while paginating tests,merged,2022-10-25T12:26:28Z,2022-10-25T12:26:34Z,slayerjain,https://github.com/keploy/go-sdk/pull/144
27,samples-go,chore: update keploy go sdk to v0.6.5,merged,2022-10-25T12:30:33Z,2022-10-25T12:30:40Z,slayerjain,https://github.com/keploy/samples-go/pull/27
224,keploy,fix: update the eof header to true in test-export,merged,2022-10-27T06:57:05Z,2022-10-27T12:08:36Z,re-Tick,https://github.com/keploy/keploy/pull/224
100,ui,[feature]: Improve messaging in Keploy console #78,merged,2022-10-25T03:06:35Z,2022-10-29T18:41:53Z,valasubramanian-tw,https://github.com/keploy/ui/pull/100
8,.github,remove contrib section,merged,2022-10-29T18:47:05Z,2022-10-29T18:47:12Z,nehagup,https://github.com/keploy/.github/pull/8
98,docs,add gif for record and generate test case,merged,2022-10-30T08:19:16Z,2022-10-30T08:19:28Z,nehagup,https://github.com/keploy/docs/pull/98
227,keploy,fix: fix error when body is not json,merged,2022-10-31T11:39:14Z,2022-10-31T11:44:46Z,slayerjain,https://github.com/keploy/keploy/pull/227
28,samples-go,docs(echo-sql): update echo-sql sample,merged,2022-11-01T12:34:07Z,2022-11-01T12:38:02Z,slayerjain,https://github.com/keploy/samples-go/pull/28
62,java-sdk,fix: memory leak due to not clean up of ThreadLocalMap,merged,2022-11-02T18:03:14Z,2022-11-02T18:39:39Z,gouravkrosx,https://github.com/keploy/java-sdk/pull/62
209,keploy,feat: mock data compress-decompress,merged,2022-10-09T15:38:14Z,2022-11-03T07:21:56Z,Shivansh-yadav13,https://github.com/keploy/keploy/pull/209
216,keploy,Keploy server version,merged,2022-10-16T14:39:06Z,2022-11-03T09:10:52Z,PankhudiB,https://github.com/keploy/keploy/pull/216
229,keploy,feat: add more information during startup,merged,2022-11-03T10:09:27Z,2022-11-03T10:11:10Z,slayerjain,https://github.com/keploy/keploy/pull/229
230,keploy,refactor: change log level to info in readtcs,merged,2022-11-03T10:10:40Z,2022-11-03T12:15:28Z,gouravkrosx,https://github.com/keploy/keploy/pull/230
1,website-archive,ci: add pipeline to deploy to aws s3,merged,2022-11-03T12:35:23Z,2022-11-03T12:35:45Z,slayerjain,https://github.com/keploy/website-archive/pull/1
2,website-archive,ci: add checkout step in pipeline,merged,2022-11-03T12:48:34Z,2022-11-03T12:48:41Z,slayerjain,https://github.com/keploy/website-archive/pull/2
3,website-archive,ci: change hosting folder to root,merged,2022-11-03T12:52:33Z,2022-11-03T12:52:48Z,slayerjain,https://github.com/keploy/website-archive/pull/3
63,java-sdk,refactor(api): change log level to info when no tests directory found,merged,2022-11-03T11:57:54Z,2022-11-03T13:33:00Z,gouravkrosx,https://github.com/keploy/java-sdk/pull/63
231,keploy,docs(readme): remove mongo from readme,merged,2022-11-03T10:43:38Z,2022-11-04T07:45:07Z,slayerjain,https://github.com/keploy/keploy/pull/231
4,devrel-program,links and program details for the Website,merged,2022-11-04T12:29:54Z,2022-11-05T18:06:35Z,indevi,https://github.com/keploy/devrel-program/pull/4
5,devrel-program,ci:add github action to publish website,merged,2022-11-06T11:05:51Z,2022-11-07T07:26:04Z,gouravkrosx,https://github.com/keploy/devrel-program/pull/5
7,website-archive,feat: seo optimisations,merged,2022-11-08T07:36:20Z,2022-11-08T07:36:38Z,nehagup,https://github.com/keploy/website-archive/pull/7
234,keploy,fix: make multivalue headers separated by comma delimiter,merged,2022-11-07T18:04:18Z,2022-11-08T08:22:47Z,gouravkrosx,https://github.com/keploy/keploy/pull/234
239,keploy,feat: autodetect time as noisy field,merged,2022-11-08T08:23:04Z,2022-11-08T08:26:01Z,slayerjain,https://github.com/keploy/keploy/pull/239
65,java-sdk,fix: add option to configure app delay during test mode for slow apps,merged,2022-11-08T09:36:46Z,2022-11-08T09:38:14Z,Sarthak160,https://github.com/keploy/java-sdk/pull/65
66,java-sdk,docs: add application delay env variable for slow apps,merged,2022-11-08T11:13:38Z,2022-11-08T14:01:31Z,Sarthak160,https://github.com/keploy/java-sdk/pull/66
7,devrel-program,Title change,merged,2022-11-08T12:54:46Z,2022-11-08T17:18:14Z,AnkitKumarvaid,https://github.com/keploy/devrel-program/pull/7
240,keploy,fix: detect schema changes for noisy jsons,merged,2022-11-09T10:33:51Z,2022-11-09T11:13:55Z,slayerjain,https://github.com/keploy/keploy/pull/240
235,keploy,Readme updated,merged,2022-11-08T03:33:44Z,2022-11-09T13:42:02Z,Sonichigo,https://github.com/keploy/keploy/pull/235
29,samples-go,ReadMe Updated,merged,2022-11-08T02:49:56Z,2022-11-09T15:05:54Z,Sonichigo,https://github.com/keploy/samples-go/pull/29
15,samples-go,feat: add gin-elastic sample app,merged,2022-09-06T15:08:43Z,2022-11-15T06:19:46Z,iamskp99,https://github.com/keploy/samples-go/pull/15
150,go-sdk,feat(utils): add sql spec changes for mocks in go sdk,merged,2022-12-07T12:09:40Z,2022-12-07T13:29:02Z,Sarthak160,https://github.com/keploy/go-sdk/pull/150
9,website-archive,1.2 K stars added,merged,2022-11-09T23:26:42Z,2022-12-08T10:21:53Z,indevi,https://github.com/keploy/website-archive/pull/9
246,keploy,feat(mock): add sql spec changes for test export,merged,2022-12-07T13:52:03Z,2022-12-08T11:58:05Z,Sarthak160,https://github.com/keploy/keploy/pull/246
101,docs,Hacktoberfest Section Removed,merged,2022-12-09T02:26:47Z,2022-12-16T15:13:17Z,Sonichigo,https://github.com/keploy/docs/pull/101
73,java-sdk,feat: add support for mocking feature of apache http client,merged,2022-12-18T08:20:45Z,2022-12-18T08:55:33Z,gouravkrosx,https://github.com/keploy/java-sdk/pull/73
74,java-sdk,build(deps): bump httpclient from 4.5.6 to 4.5.13 in /integration,merged,2022-12-18T08:55:51Z,2022-12-18T08:56:59Z,dependabot[bot],https://github.com/keploy/java-sdk/pull/74
102,docs,fix: remove Hacktoberfest broken link,merged,2022-12-18T12:16:47Z,2022-12-18T12:19:32Z,nehagup,https://github.com/keploy/docs/pull/102
75,java-sdk,docs: rename env variables of test path and mock path,merged,2022-12-18T14:28:32Z,2022-12-18T16:02:03Z,gouravkrosx,https://github.com/keploy/java-sdk/pull/75
100,docs,Updated the Echo-Sql and Users-Profile applications with latest Keploy,merged,2022-11-09T22:13:55Z,2022-12-18T17:42:19Z,littleironical,https://github.com/keploy/docs/pull/100
97,docs,update:adding extra information regarding commits and test-export,merged,2022-10-20T14:54:48Z,2022-12-18T17:42:53Z,Pradhyuman-sharma,https://github.com/keploy/docs/pull/97
76,java-sdk,feat: add ksql driver intergration for mocking jdbc queries,merged,2022-12-18T18:23:33Z,2022-12-18T22:31:06Z,Sarthak160,https://github.com/keploy/java-sdk/pull/76
77,java-sdk,build(deps): bump postgresql from 42.5.0 to 42.5.1 in /integration,merged,2022-12-18T22:31:24Z,2022-12-19T06:21:06Z,dependabot[bot],https://github.com/keploy/java-sdk/pull/77
78,java-sdk,fix: intialize databasemeta data in advice,merged,2022-12-19T07:49:36Z,2022-12-19T07:50:49Z,gouravkrosx,https://github.com/keploy/java-sdk/pull/78
103,docs,ci: update gha pipeline to node 18,merged,2022-12-20T08:52:55Z,2022-12-20T08:53:20Z,slayerjain,https://github.com/keploy/docs/pull/103
80,java-sdk,fix: test case generation in test mode,merged,2022-12-20T17:51:29Z,2022-12-20T18:38:13Z,gouravkrosx,https://github.com/keploy/java-sdk/pull/80
82,java-sdk,feat(mock): add mocks for h2 requests made during API calls,merged,2022-12-21T08:01:49Z,2022-12-21T08:09:00Z,Sarthak160,https://github.com/keploy/java-sdk/pull/82
83,java-sdk,feat: add support for mocking feature of google maps services,merged,2022-12-21T08:16:19Z,2022-12-21T08:17:50Z,gouravkrosx,https://github.com/keploy/java-sdk/pull/83
5,website-archive,Adding Color Palette,merged,2022-11-06T06:25:58Z,2022-12-22T10:19:45Z,indevi,https://github.com/keploy/website-archive/pull/5
84,java-sdk,feat(mock): add mocks for h2 requests made during API calls,merged,2022-12-23T06:00:12Z,2022-12-23T06:02:44Z,Sarthak160,https://github.com/keploy/java-sdk/pull/84
85,java-sdk,fix: handle condition for different okhttp version,merged,2022-12-23T06:41:33Z,2022-12-23T07:15:44Z,gouravkrosx,https://github.com/keploy/java-sdk/pull/85
86,java-sdk,refactor: add dialect for oracle driver in advice,merged,2022-12-23T08:25:10Z,2022-12-23T08:25:56Z,Sarthak160,https://github.com/keploy/java-sdk/pull/86
252,keploy,added SDK link towards top of readme,merged,2022-12-22T17:24:02Z,2022-12-25T18:31:28Z,SanskritiHarmukh,https://github.com/keploy/keploy/pull/252
30,samples-go,updated README for user-profile,merged,2022-11-09T10:49:26Z,2022-12-25T18:34:11Z,Nishant2907,https://github.com/keploy/samples-go/pull/30
87,java-sdk,refacor: remove ksql dependency from mockito during test mode,merged,2022-12-26T10:35:22Z,2022-12-27T06:33:20Z,Sarthak160,https://github.com/keploy/java-sdk/pull/87
253,keploy,chore: rename codegen tools to keploy_codegen_tools,merged,2022-12-27T09:37:33Z,2022-12-27T11:15:13Z,slayerjain,https://github.com/keploy/keploy/pull/253
105,docs,Breaking Images Fixed,merged,2022-12-26T19:03:09Z,2022-12-28T07:44:31Z,littleironical,https://github.com/keploy/docs/pull/105
107,docs,Docs update: New Keploy working & Broken Link Fix,merged,2022-12-27T07:02:48Z,2022-12-28T09:53:57Z,Sonichigo,https://github.com/keploy/docs/pull/107
255,keploy,ci: fix npm install failure in dockerfile,merged,2022-12-28T10:06:52Z,2022-12-28T10:09:50Z,slayerjain,https://github.com/keploy/keploy/pull/255
241,keploy,feat: dependabot workflow automation for updating dependency,merged,2022-11-16T14:58:30Z,2022-12-29T11:13:01Z,rajpratik71,https://github.com/keploy/keploy/pull/241
256,keploy,Adds Sql spec for mocks,merged,2022-12-29T05:38:44Z,2022-12-31T12:25:28Z,re-Tick,https://github.com/keploy/keploy/pull/256
88,java-sdk,feat: add support for multipart requests and binary response,merged,2023-01-02T08:28:16Z,2023-01-02T09:00:08Z,gouravkrosx,https://github.com/keploy/java-sdk/pull/88
151,go-sdk,refactor(mode): update keploy server version to latest,merged,2023-01-03T06:16:25Z,2023-01-03T06:18:21Z,Sarthak160,https://github.com/keploy/go-sdk/pull/151
269,keploy,feat: add support for multipart request and binary response,merged,2023-01-02T11:12:14Z,2023-01-03T06:53:57Z,gouravkrosx,https://github.com/keploy/keploy/pull/269
89,java-sdk,feat(KResultSet): add parser for multiple time and date formats,merged,2023-01-02T13:26:45Z,2023-01-03T06:55:49Z,Sarthak160,https://github.com/keploy/java-sdk/pull/89
271,keploy,ci: remove ld flags from goreleaser,merged,2023-01-03T07:02:02Z,2023-01-03T07:12:32Z,slayerjain,https://github.com/keploy/keploy/pull/271
272,keploy,refactor(go-mod): update keploy go-sdk version to latest,merged,2023-01-03T07:20:03Z,2023-01-03T07:24:36Z,Sarthak160,https://github.com/keploy/keploy/pull/272
90,java-sdk,fix: folder was not being created in get request,merged,2023-01-03T07:36:06Z,2023-01-03T07:37:58Z,gouravkrosx,https://github.com/keploy/java-sdk/pull/90
110,docs,Java Docs Updates,merged,2023-01-02T13:17:10Z,2023-01-03T09:22:10Z,Sonichigo,https://github.com/keploy/docs/pull/110
268,keploy,fix: adds tcs count to insert testcase yaml with different sequence_number,merged,2023-01-02T10:54:58Z,2023-01-03T13:21:46Z,re-Tick,https://github.com/keploy/keploy/pull/268
273,keploy,fix: updates the lastIndex for yaml,merged,2023-01-03T14:07:37Z,2023-01-03T14:34:38Z,re-Tick,https://github.com/keploy/keploy/pull/273
91,java-sdk,refactor: update file saving to use actual name instead of 'asset',merged,2023-01-04T09:46:10Z,2023-01-04T09:49:03Z,gouravkrosx,https://github.com/keploy/java-sdk/pull/91
17,samples-java,readme file updated,merged,2022-12-28T09:32:52Z,2023-01-04T11:54:24Z,Sonichigo,https://github.com/keploy/samples-java/pull/17
154,go-sdk,Add sql spec for mock yaml test-export,merged,2023-01-03T19:17:46Z,2023-01-04T12:53:45Z,re-Tick,https://github.com/keploy/go-sdk/pull/154
92,java-sdk,refactor: downgrade okhttp version in integration module,merged,2023-01-04T18:57:27Z,2023-01-04T19:32:22Z,gouravkrosx,https://github.com/keploy/java-sdk/pull/92
93,java-sdk,refactor(logging): add some logging and checks in ksql,merged,2023-01-04T19:54:50Z,2023-01-04T19:56:38Z,Sarthak160,https://github.com/keploy/java-sdk/pull/93
14,website-archive,Added the links of Slack and Twitter handles,merged,2023-01-02T17:18:11Z,2023-01-05T07:21:10Z,ItsRoy69,https://github.com/keploy/website-archive/pull/14
109,docs,fixed some errors in the quickstart guide,merged,2023-01-02T10:08:04Z,2023-01-05T07:22:33Z,PranshuSrivastava,https://github.com/keploy/docs/pull/109
108,docs,changed top bar color,merged,2022-12-28T10:50:42Z,2023-01-05T07:23:30Z,developer-diganta,https://github.com/keploy/docs/pull/108
18,samples-java,feat: keploy integrate and add mocks,merged,2023-01-05T07:54:31Z,2023-01-05T07:55:45Z,Sarthak160,https://github.com/keploy/samples-java/pull/18
157,go-sdk,Only reset http request body if it not a `NoBody`,merged,2023-01-05T15:58:40Z,2023-01-05T16:10:59Z,thunderboltsid,https://github.com/keploy/go-sdk/pull/157
94,java-sdk,fix(dbmeta): wrap some methods to avoid actual calls during test,merged,2023-01-06T08:24:11Z,2023-01-06T08:29:27Z,Sarthak160,https://github.com/keploy/java-sdk/pull/94
275,keploy,fix: updates request-response body type to binary array,merged,2023-01-04T12:57:52Z,2023-01-06T12:00:32Z,re-Tick,https://github.com/keploy/keploy/pull/275
160,go-sdk,fix: sends http request and response as binary to record mocks,merged,2023-01-06T12:53:19Z,2023-01-06T13:14:14Z,re-Tick,https://github.com/keploy/go-sdk/pull/160
159,go-sdk,changed the file structure made by the go sdk,merged,2023-01-06T12:52:49Z,2023-01-06T13:26:40Z,PranshuSrivastava,https://github.com/keploy/go-sdk/pull/159
156,go-sdk,Fixed recording in test mode,merged,2023-01-05T12:07:03Z,2023-01-06T13:31:22Z,PranshuSrivastava,https://github.com/keploy/go-sdk/pull/156
95,java-sdk,refactor(api): changed HTTP client from OkHttp to java native client,merged,2023-01-06T13:18:37Z,2023-01-06T15:07:47Z,gouravkrosx,https://github.com/keploy/java-sdk/pull/95
96,java-sdk,feat: add support for handling query calls during test when ctx is null,merged,2023-01-09T08:10:59Z,2023-01-09T08:15:33Z,Sarthak160,https://github.com/keploy/java-sdk/pull/96
97,java-sdk,refactor: add fat jar in keploy-sdk module,merged,2023-01-09T09:07:42Z,2023-01-09T09:08:49Z,Sarthak160,https://github.com/keploy/java-sdk/pull/97
98,java-sdk,refactor: make some null checks for timestamp in KResultSet,merged,2023-01-09T09:29:44Z,2023-01-09T09:30:45Z,Sarthak160,https://github.com/keploy/java-sdk/pull/98
267,keploy,Windows Installation ReadMe Update,merged,2022-12-30T06:28:34Z,2023-01-09T11:54:15Z,Sonichigo,https://github.com/keploy/keploy/pull/267
161,go-sdk,fix: passes default mockpath to generate context in keploy initialisation,merged,2023-01-09T11:41:07Z,2023-01-09T12:06:51Z,re-Tick,https://github.com/keploy/go-sdk/pull/161
279,keploy,fix: prevents error thrown for tcs with no mocks,merged,2023-01-09T12:56:47Z,2023-01-09T13:21:48Z,re-Tick,https://github.com/keploy/keploy/pull/279
99,java-sdk,refactor: some refactor of dependency and classes,merged,2023-01-09T13:46:34Z,2023-01-09T13:47:49Z,gouravkrosx,https://github.com/keploy/java-sdk/pull/99
162,go-sdk,Ensure interceptor-level keploy context is honored,merged,2023-01-09T20:34:18Z,2023-01-10T09:16:29Z,thunderboltsid,https://github.com/keploy/go-sdk/pull/162
280,keploy,Fixed Minor Bug,merged,2023-01-10T06:07:30Z,2023-01-10T12:28:59Z,PranshuSrivastava,https://github.com/keploy/keploy/pull/280
111,docs,docs: updated gifs of record replay and how keploy works,merged,2023-01-10T13:15:57Z,2023-01-10T13:16:07Z,nehagup,https://github.com/keploy/docs/pull/111
281,keploy,"docs: updated readme with new gifs, messaging",merged,2023-01-10T14:11:35Z,2023-01-10T14:14:20Z,nehagup,https://github.com/keploy/keploy/pull/281
100,java-sdk,refactor: add remaining null checks and logs in ksql,merged,2023-01-12T07:38:11Z,2023-01-12T08:13:35Z,Sarthak160,https://github.com/keploy/java-sdk/pull/100
101,java-sdk,refactor: wrap getStatement in KResultSet,merged,2023-01-12T09:43:17Z,2023-01-12T09:43:48Z,Sarthak160,https://github.com/keploy/java-sdk/pull/101
284,keploy,Add default version to server,merged,2023-01-12T07:27:50Z,2023-01-12T11:14:48Z,PranshuSrivastava,https://github.com/keploy/keploy/pull/284
274,keploy,changed the name of the mock files,merged,2023-01-04T10:36:37Z,2023-01-12T11:32:24Z,PranshuSrivastava,https://github.com/keploy/keploy/pull/274
164,go-sdk,feat(httpclient): checks for closest matched request during test,merged,2023-01-12T13:50:37Z,2023-01-12T13:57:02Z,re-Tick,https://github.com/keploy/go-sdk/pull/164
102,java-sdk,refactor: change extract meta from KResultSet to KPreparedStatement,merged,2023-01-13T08:00:49Z,2023-01-13T08:04:02Z,Sarthak160,https://github.com/keploy/java-sdk/pull/102
165,go-sdk,fix(httpclient): checks for url path to match request,merged,2023-01-13T09:12:52Z,2023-01-13T12:46:08Z,re-Tick,https://github.com/keploy/go-sdk/pull/165
163,go-sdk,Added a new library called Kserver for starting Keploy from the Go-SDK,merged,2023-01-11T13:28:08Z,2023-01-13T12:50:08Z,PranshuSrivastava,https://github.com/keploy/go-sdk/pull/163
283,keploy,"fix: creates new tcs yaml with (test-""<last_seq>+1"") as name",merged,2023-01-11T08:59:52Z,2023-01-13T13:14:03Z,re-Tick,https://github.com/keploy/keploy/pull/283
285,keploy,Update FUNDING.yml,merged,2023-01-14T09:06:43Z,2023-01-14T09:24:22Z,nehagup,https://github.com/keploy/keploy/pull/285
35,typescript-sdk,feat: adds hook for node-fetch,merged,2022-10-07T19:38:36Z,2023-01-16T07:19:46Z,iamskp99,https://github.com/keploy/typescript-sdk/pull/35
103,java-sdk,refactor: add support for getColumnLabel in KResultSetMetaData,merged,2023-01-16T08:54:37Z,2023-01-16T08:54:44Z,Sarthak160,https://github.com/keploy/java-sdk/pull/103
4,samples-typescript,feat: add sample application for node-fetch,merged,2022-10-09T15:18:51Z,2023-01-16T09:23:05Z,iamskp99,https://github.com/keploy/samples-typescript/pull/4
104,java-sdk,refactor: add support for getColumnClassName in KResultSetMetaData,merged,2023-01-16T09:23:16Z,2023-01-16T09:25:29Z,Sarthak160,https://github.com/keploy/java-sdk/pull/104
105,java-sdk,Refactor code 11,merged,2023-01-16T09:41:38Z,2023-01-16T09:41:46Z,Sarthak160,https://github.com/keploy/java-sdk/pull/105
106,java-sdk,Refactor code 12,merged,2023-01-16T09:54:10Z,2023-01-16T09:54:17Z,Sarthak160,https://github.com/keploy/java-sdk/pull/106
107,java-sdk,fix: add apache response headers during test mode,merged,2023-01-16T18:29:20Z,2023-01-17T08:25:19Z,gouravkrosx,https://github.com/keploy/java-sdk/pull/107
108,java-sdk,fix(integration): remove checksum headers of apache response in test mode,merged,2023-01-17T16:47:37Z,2023-01-18T07:08:03Z,gouravkrosx,https://github.com/keploy/java-sdk/pull/108
18,website-archive,Updated star count in the website,merged,2023-01-18T09:10:35Z,2023-01-18T09:29:55Z,SanskritiHarmukh,https://github.com/keploy/website-archive/pull/18
115,docs,docs(gin-mongo-sample): fix docs of starting the mongodb server,merged,2023-01-18T13:00:36Z,2023-01-18T16:55:34Z,PranshuSrivastava,https://github.com/keploy/docs/pull/115
31,samples-go,fix: Readme update of Echo-SQL & Gin-mongo,merged,2022-11-21T14:49:52Z,2023-01-18T17:02:02Z,Sonichigo,https://github.com/keploy/samples-go/pull/31
290,keploy,fix(grpc): comma separated date headers should be a single element,merged,2023-01-18T19:08:39Z,2023-01-18T19:11:48Z,gouravkrosx,https://github.com/keploy/keploy/pull/290
109,java-sdk,refactor: wrapped some method and fix wasnull error,merged,2023-01-18T20:12:52Z,2023-01-18T20:13:58Z,Sarthak160,https://github.com/keploy/java-sdk/pull/109
110,java-sdk,fix(ksql): return value of precision in test mode,merged,2023-01-20T14:39:38Z,2023-01-24T04:57:23Z,gouravkrosx,https://github.com/keploy/java-sdk/pull/110
291,keploy,fix: add length check condition for mocks array,merged,2023-01-24T12:46:44Z,2023-01-24T13:08:14Z,gouravkrosx,https://github.com/keploy/keploy/pull/291
32,samples-go,Gitpod configuration updated,merged,2023-01-04T13:51:19Z,2023-01-24T19:36:24Z,littleironical,https://github.com/keploy/samples-go/pull/32
117,docs,[Docs Update]: Helm-Chart Discontinued,merged,2023-01-28T13:34:37Z,2023-01-29T18:04:31Z,Sonichigo,https://github.com/keploy/docs/pull/117
242,keploy,feat: add grpc-server support for record and replay,merged,2022-11-16T16:30:21Z,2023-02-01T06:20:35Z,iamskp99,https://github.com/keploy/keploy/pull/242
295,keploy,updates the test job of main.yml in ci,merged,2023-02-01T07:36:48Z,2023-02-01T08:32:54Z,re-Tick,https://github.com/keploy/keploy/pull/295
148,go-sdk,feat : add grpc-server support for record and replay,merged,2022-11-07T05:55:15Z,2023-02-01T11:39:21Z,iamskp99,https://github.com/keploy/go-sdk/pull/148
20,samples-java,pictures in readme.md updated,merged,2023-02-01T09:19:56Z,2023-02-01T12:03:08Z,AnkitKumarvaid,https://github.com/keploy/samples-java/pull/20
298,keploy,updates to latest go-sdk version,merged,2023-02-01T11:44:14Z,2023-02-01T12:27:03Z,re-Tick,https://github.com/keploy/keploy/pull/298
169,go-sdk,Fix gosdk version,merged,2023-02-01T12:39:21Z,2023-02-01T12:42:01Z,re-Tick,https://github.com/keploy/go-sdk/pull/169
34,samples-go,fix: updates the go-sdk version to latest,merged,2023-02-01T13:12:53Z,2023-02-01T13:17:07Z,re-Tick,https://github.com/keploy/samples-go/pull/34
35,samples-go,Update README.md for echo-sql,merged,2023-02-02T06:13:53Z,2023-02-02T06:16:34Z,re-Tick,https://github.com/keploy/samples-go/pull/35
36,samples-go,chore: adds docker-compose file for mongoDB in gin-mongo,merged,2023-02-02T07:19:37Z,2023-02-02T07:19:47Z,re-Tick,https://github.com/keploy/samples-go/pull/36
171,go-sdk,refactor: change internal package to pkg,merged,2023-02-02T13:23:15Z,2023-02-02T13:51:48Z,slayerjain,https://github.com/keploy/go-sdk/pull/171
168,go-sdk,fix(mock-library): this fixes the race condition in the mock library,merged,2023-01-31T18:46:56Z,2023-02-03T04:52:55Z,PranshuSrivastava,https://github.com/keploy/go-sdk/pull/168
300,keploy,docs: updated readme,merged,2023-02-03T09:28:24Z,2023-02-03T09:41:37Z,nehagup,https://github.com/keploy/keploy/pull/300
299,keploy,runs the latest keploy binary in test job for testing,merged,2023-02-02T13:10:43Z,2023-02-03T09:42:10Z,re-Tick,https://github.com/keploy/keploy/pull/299
301,keploy,docs: removed caching on badge,merged,2023-02-03T10:06:02Z,2023-02-03T10:07:15Z,nehagup,https://github.com/keploy/keploy/pull/301
2,gsoc,docs: adding more description to the tasks,merged,2023-02-06T09:22:39Z,2023-02-06T13:48:27Z,gouravkrosx,https://github.com/keploy/gsoc/pull/2
3,gsoc,docs: adding time simulation task for gsoc,merged,2023-02-06T18:40:44Z,2023-02-07T06:16:17Z,Sarthak160,https://github.com/keploy/gsoc/pull/3
113,java-sdk,fix: add changes in grpc proto to compliance with go server,merged,2023-02-02T02:26:03Z,2023-02-07T06:50:00Z,Sarthak160,https://github.com/keploy/java-sdk/pull/113
17,website-archive,Worked on #15 issue,merged,2023-01-09T18:18:42Z,2023-02-08T10:53:10Z,ItsRoy69,https://github.com/keploy/website-archive/pull/17
289,keploy,feat(entire-app): This change allows the users to select the headers that they do not want Keploy to record,merged,2023-01-16T12:50:18Z,2023-02-08T12:19:30Z,PranshuSrivastava,https://github.com/keploy/keploy/pull/289
119,docs,Corrected the error,merged,2023-02-07T15:04:12Z,2023-02-08T12:29:37Z,ItsRoy69,https://github.com/keploy/docs/pull/119
166,go-sdk,feat(entire-app): This change allows the user to select the headers that he does not want Keploy to record,merged,2023-01-16T12:24:19Z,2023-02-08T13:07:04Z,PranshuSrivastava,https://github.com/keploy/go-sdk/pull/166
20,website-archive,feat: added frameworks and video,merged,2023-02-08T18:04:59Z,2023-02-08T18:05:07Z,nehagup,https://github.com/keploy/website-archive/pull/20
307,keploy,Updating Contribution Guide,merged,2023-02-09T05:49:45Z,2023-02-09T06:51:09Z,Sonichigo,https://github.com/keploy/keploy/pull/307
173,go-sdk,docs(mock): adds docs for mocking with unit-tests,merged,2023-02-09T09:17:47Z,2023-02-09T10:57:20Z,re-Tick,https://github.com/keploy/go-sdk/pull/173
115,java-sdk,Updated the agent jar version,merged,2023-02-09T16:48:01Z,2023-02-09T16:57:05Z,SanskritiHarmukh,https://github.com/keploy/java-sdk/pull/115
22,samples-java,Refactoring the readme for java sample app,merged,2023-02-06T13:03:27Z,2023-02-10T07:35:39Z,SanskritiHarmukh,https://github.com/keploy/samples-java/pull/22
112,java-sdk,feat: add mock library to generate mocks for unit tests,merged,2023-01-26T09:54:05Z,2023-02-11T11:08:37Z,Sarthak160,https://github.com/keploy/java-sdk/pull/112
116,java-sdk,"fix(models,api): refactor proto file to ensure SDK compliance with Server",merged,2023-02-11T12:30:19Z,2023-02-11T12:31:36Z,gouravkrosx,https://github.com/keploy/java-sdk/pull/116
40,typescript-sdk,fix(express): updates the contrnt-length header for req.body,merged,2023-02-12T19:08:17Z,2023-02-12T19:10:02Z,re-Tick,https://github.com/keploy/typescript-sdk/pull/40
8,samples-typescript,Fix req headers,merged,2023-02-12T19:44:16Z,2023-02-12T19:44:50Z,re-Tick,https://github.com/keploy/samples-typescript/pull/8
174,go-sdk,chore: removes debug logs,merged,2023-02-13T10:25:57Z,2023-02-13T10:27:27Z,re-Tick,https://github.com/keploy/go-sdk/pull/174
119,java-sdk,redis support for java sdk,merged,2023-02-14T05:42:15Z,2023-02-14T06:53:51Z,charankamarapu,https://github.com/keploy/java-sdk/pull/119
113,docs,updated redirection link and removed WIP,merged,2023-01-12T04:56:57Z,2023-02-14T07:03:24Z,anvbey,https://github.com/keploy/docs/pull/113
120,docs,Updated CODE_OF_CONDUCT.md,merged,2023-02-08T14:36:40Z,2023-02-14T07:05:48Z,ItsRoy69,https://github.com/keploy/docs/pull/120
89,ui,Add. Appswitcher hamburger menu in test cases page,merged,2022-10-18T11:49:06Z,2023-02-14T07:26:19Z,titanventura,https://github.com/keploy/ui/pull/89
22,website-archive,Star correction,merged,2023-02-14T11:23:36Z,2023-02-14T11:23:45Z,nehagup,https://github.com/keploy/website-archive/pull/22
120,java-sdk,build(deps): bump gson from 2.8.5 to 2.8.9 in /integration,merged,2023-02-14T06:54:14Z,2023-02-14T11:50:42Z,dependabot[bot],https://github.com/keploy/java-sdk/pull/120
41,typescript-sdk,fix: stores correct http response for unique test-ids,merged,2023-02-14T12:26:58Z,2023-02-14T12:28:03Z,re-Tick,https://github.com/keploy/typescript-sdk/pull/41
121,docs,refactor(docs): refactor sidebar and rename quickstarts,merged,2023-02-15T07:40:27Z,2023-02-15T07:42:39Z,nehagup,https://github.com/keploy/docs/pull/121
122,docs,refactor(docs/go): changed sidebar and golang docs structure,merged,2023-02-15T12:38:41Z,2023-02-15T12:39:36Z,nehagup,https://github.com/keploy/docs/pull/122
121,java-sdk,Adding PULL_REQUEST_TEMPLATE,merged,2023-02-16T08:29:43Z,2023-02-16T09:45:19Z,charankamarapu,https://github.com/keploy/java-sdk/pull/121
125,docs,re-structuring Go docs and sidebars,merged,2023-02-16T15:00:10Z,2023-02-16T15:00:38Z,nehagup,https://github.com/keploy/docs/pull/125
126,docs,restructure java docs,merged,2023-02-16T18:22:22Z,2023-02-16T18:22:46Z,nehagup,https://github.com/keploy/docs/pull/126
127,docs,reaf: restructuing java docs,merged,2023-02-16T18:38:33Z,2023-02-16T18:38:40Z,nehagup,https://github.com/keploy/docs/pull/127
4,gsoc,[feat]:Mentor-Guide added,merged,2023-02-17T04:30:46Z,2023-02-17T06:32:08Z,Sonichigo,https://github.com/keploy/gsoc/pull/4
123,java-sdk,refactor: remove some commented code,merged,2023-02-22T07:38:53Z,2023-02-22T07:44:35Z,gouravkrosx,https://github.com/keploy/java-sdk/pull/123
9,samples-typescript,rectified the entry point in package.json,merged,2023-02-14T16:33:28Z,2023-02-23T07:02:39Z,KrishnenduDG,https://github.com/keploy/samples-typescript/pull/9
23,samples-java,refactor: update keploy-sdk version,merged,2023-02-23T11:13:50Z,2023-02-23T11:17:44Z,Sarthak160,https://github.com/keploy/samples-java/pull/23
24,samples-java,docs(readme): update keploy sdk version to latest,merged,2023-02-23T11:17:13Z,2023-02-23T11:18:09Z,Sarthak160,https://github.com/keploy/samples-java/pull/24
125,java-sdk,fixed spring dependency problem in redis,merged,2023-02-23T11:50:39Z,2023-02-23T11:53:13Z,charankamarapu,https://github.com/keploy/java-sdk/pull/125
126,java-sdk,refactor: remove unused test-module in java-sdk,merged,2023-02-23T12:00:55Z,2023-02-23T12:03:24Z,gouravkrosx,https://github.com/keploy/java-sdk/pull/126
313,keploy,[Update] : Readme UI Link Removed,merged,2023-02-20T04:31:10Z,2023-02-24T05:04:06Z,Sonichigo,https://github.com/keploy/keploy/pull/313
6,gsoc,Adding mentors for Keploy CLI Refactoring Project,merged,2023-02-23T11:17:04Z,2023-02-24T05:05:11Z,SanskritiHarmukh,https://github.com/keploy/gsoc/pull/6
7,gsoc,Adding mentors for Keploy Autogenerate testcase Project,merged,2023-02-23T11:28:50Z,2023-02-24T05:05:33Z,ItsRoy69,https://github.com/keploy/gsoc/pull/7
8,gsoc,Adding mentors for Keploy Typescript/Javascript SDK Project,merged,2023-02-23T12:27:12Z,2023-02-24T05:06:18Z,developer-diganta,https://github.com/keploy/gsoc/pull/8
9,gsoc,Adding mentors for Time Simulation in Java SDK,merged,2023-02-24T04:47:55Z,2023-02-24T05:07:08Z,Sonichigo,https://github.com/keploy/gsoc/pull/9
123,docs,added docs contributing guidelines to website,merged,2023-02-15T19:21:17Z,2023-02-24T05:18:43Z,developer-diganta,https://github.com/keploy/docs/pull/123
9,.github,funding.yml file added,merged,2023-02-19T08:12:15Z,2023-02-24T05:24:47Z,AnkitKumarvaid,https://github.com/keploy/.github/pull/9
128,java-sdk,docs: update command to run application using agent,merged,2023-02-24T08:42:56Z,2023-02-24T08:51:35Z,gouravkrosx,https://github.com/keploy/java-sdk/pull/128
29,samples-java,change build command for github action,merged,2023-02-24T11:04:05Z,2023-02-24T11:08:06Z,charankamarapu,https://github.com/keploy/samples-java/pull/29
32,samples-java,corrected spelling mistake,merged,2023-02-26T17:30:26Z,2023-02-27T05:42:35Z,Kshitiz-Mhto,https://github.com/keploy/samples-java/pull/32
31,samples-java,Update jar link and version,merged,2023-02-24T11:26:28Z,2023-02-27T08:22:48Z,reem-atalah,https://github.com/keploy/samples-java/pull/31
134,docs,fix(sidebar): Java SDK installation link,merged,2023-02-24T14:29:01Z,2023-02-28T15:22:25Z,iyear,https://github.com/keploy/docs/pull/134
139,docs,Fixed broken link to Go SDK in the docs,merged,2023-02-25T13:52:39Z,2023-02-28T15:24:00Z,MukulKolpe,https://github.com/keploy/docs/pull/139
137,docs,fix : Typescript SDK's redirection link updated,merged,2023-02-24T20:04:43Z,2023-02-28T15:26:23Z,KrishChopra22,https://github.com/keploy/docs/pull/137
135,docs,fixes issue #319,merged,2023-02-24T14:38:00Z,2023-02-28T15:36:03Z,SayantaniDeb,https://github.com/keploy/docs/pull/135
23,website-archive,"Updated Contributing.md, readme.md, codeofconduct.md",merged,2023-02-14T16:46:25Z,2023-02-28T15:51:54Z,ItsRoy69,https://github.com/keploy/website-archive/pull/23
38,samples-go,feat: add gorilla/mux and redis based contact keeper app example,merged,2023-02-10T08:13:17Z,2023-02-28T15:53:07Z,developer-diganta,https://github.com/keploy/samples-go/pull/38
15,gsoc,Updated mentors list for gsoc2023,merged,2023-02-26T07:35:57Z,2023-02-28T17:01:38Z,PranshuSrivastava,https://github.com/keploy/gsoc/pull/15
37,samples-java,docs: update instructions to use java-sdk with sample application,merged,2023-03-01T17:44:37Z,2023-03-01T17:46:01Z,gouravkrosx,https://github.com/keploy/samples-java/pull/37
138,java-sdk,fix(mocklib): fixed false positive file existence checks for mocks,merged,2023-03-01T18:52:15Z,2023-03-01T18:56:06Z,gouravkrosx,https://github.com/keploy/java-sdk/pull/138
315,keploy,Added telemetry events at service level,merged,2023-02-20T11:49:50Z,2023-03-01T21:36:37Z,charankamarapu,https://github.com/keploy/keploy/pull/315
17,gsoc,Updating Task List & Project Ideas,merged,2023-02-28T07:00:14Z,2023-03-02T00:29:26Z,Sonichigo,https://github.com/keploy/gsoc/pull/17
16,gsoc,Add java-sdk mentor name for GSOC,merged,2023-02-26T11:36:39Z,2023-03-02T00:29:57Z,barkatul,https://github.com/keploy/gsoc/pull/16
18,gsoc,2023 Task list updated,merged,2023-03-02T11:53:39Z,2023-03-02T11:57:07Z,Sonichigo,https://github.com/keploy/gsoc/pull/18
19,gsoc,Add task issue for CLI Refactoring- Get TC,merged,2023-03-02T14:01:39Z,2023-03-02T14:31:10Z,SanskritiHarmukh,https://github.com/keploy/gsoc/pull/19
330,keploy,Adding details of the only unit test case file needed.,merged,2023-02-28T19:40:08Z,2023-03-03T02:06:00Z,Hermione2408,https://github.com/keploy/keploy/pull/330
336,keploy,Predefining Installation_id in telemetry-check,merged,2023-03-02T11:35:16Z,2023-03-03T06:13:18Z,charankamarapu,https://github.com/keploy/keploy/pull/336
339,keploy,Adding permissions to telemetry-check,merged,2023-03-03T06:46:39Z,2023-03-03T06:54:11Z,charankamarapu,https://github.com/keploy/keploy/pull/339
341,keploy,Correcting telemetry-check github action,merged,2023-03-03T07:19:49Z,2023-03-03T07:36:35Z,charankamarapu,https://github.com/keploy/keploy/pull/341
137,java-sdk,Conditional mocking of dependencies issue,merged,2023-03-01T13:45:24Z,2023-03-03T09:10:09Z,reem-atalah,https://github.com/keploy/java-sdk/pull/137
145,docs,Logo overlapping and typo in contributing.md fix,merged,2023-03-04T05:23:00Z,2023-03-04T08:20:15Z,anuragts,https://github.com/keploy/docs/pull/145
27,website-archive,fix keploy/keploy#326: hide repeated integrations,merged,2023-02-26T13:52:31Z,2023-03-04T11:32:12Z,Ramanjs,https://github.com/keploy/website-archive/pull/27
140,docs,adding description to quickstart sample apps,merged,2023-02-26T06:37:10Z,2023-03-04T11:40:48Z,SanskritiHarmukh,https://github.com/keploy/docs/pull/140
24,gsoc,Link for timeline has been updated and more events have been added.,merged,2023-03-04T06:31:19Z,2023-03-04T11:47:42Z,Arpcoder,https://github.com/keploy/gsoc/pull/24
39,samples-go,Gin-Mongo & Mux-SQL,merged,2023-02-17T12:07:13Z,2023-03-04T11:52:06Z,Sonichigo,https://github.com/keploy/samples-go/pull/39
146,go-sdk,fix: change default test client host to localhost,merged,2022-10-31T12:14:47Z,2023-03-04T11:55:20Z,slayerjain,https://github.com/keploy/go-sdk/pull/146
364,keploy,fix: typo in ReadMe,merged,2023-03-03T11:38:57Z,2023-03-04T12:15:34Z,Ananya2001-an,https://github.com/keploy/keploy/pull/364
25,gsoc,Added Repositories for autogenerate-test-cases,merged,2023-03-04T12:17:19Z,2023-03-04T13:31:20Z,ItsRoy69,https://github.com/keploy/gsoc/pull/25
28,gsoc,docs: add tasks list for autogenerate test cases,merged,2023-03-04T15:53:10Z,2023-03-04T16:19:48Z,slayerjain,https://github.com/keploy/gsoc/pull/28
27,gsoc,docs : update readme [typescript-sdk/pull/47],merged,2023-03-04T14:30:11Z,2023-03-05T05:23:47Z,shreyanshshah27,https://github.com/keploy/gsoc/pull/27
22,gsoc,Adding changes to README,merged,2023-03-03T19:03:33Z,2023-03-05T05:32:17Z,Hermione2408,https://github.com/keploy/gsoc/pull/22
26,gsoc,docs : update readme [typescript-sdk/pull/46],merged,2023-03-04T13:55:50Z,2023-03-05T05:36:17Z,shreyanshshah27,https://github.com/keploy/gsoc/pull/26
147,docs,Rectified Employee-Manager(Spring-SQL) app documentation,merged,2023-03-04T21:10:36Z,2023-03-05T13:03:17Z,SanskritiHarmukh,https://github.com/keploy/docs/pull/147
150,docs,Fixing home icon alignment-added padding on top and margin on bottom,merged,2023-03-05T10:50:21Z,2023-03-05T14:50:57Z,jeromtom,https://github.com/keploy/docs/pull/150
30,gsoc,docs: add details about the ebpf gsoc task,merged,2023-03-05T18:09:29Z,2023-03-05T18:18:32Z,slayerjain,https://github.com/keploy/gsoc/pull/30
308,keploy,Updated Code of Conduct & Contributing.md,merged,2023-02-10T03:03:27Z,2023-03-06T05:05:05Z,ItsRoy69,https://github.com/keploy/keploy/pull/308
130,java-sdk,Feature/67/filtering captured testcases,merged,2023-02-27T15:43:28Z,2023-03-06T09:34:48Z,We2Am-BaSsem,https://github.com/keploy/java-sdk/pull/130
31,gsoc,Correct links PR to Autogenerate test cases,merged,2023-03-06T12:52:15Z,2023-03-06T13:05:46Z,ItsRoy69,https://github.com/keploy/gsoc/pull/31
440,keploy,chore: update installation link in README,merged,2023-03-05T22:33:09Z,2023-03-06T18:50:02Z,ADV1K,https://github.com/keploy/keploy/pull/440
152,docs,Updated Images and logs of java sample app,merged,2023-03-06T19:12:49Z,2023-03-07T12:56:13Z,SanskritiHarmukh,https://github.com/keploy/docs/pull/152
151,docs,added gsoc guide,merged,2023-03-05T15:30:02Z,2023-03-07T13:03:12Z,developer-diganta,https://github.com/keploy/docs/pull/151
29,website-archive,Update copyright year in the footer,merged,2023-03-07T11:29:09Z,2023-03-07T13:12:30Z,SainiAditya1,https://github.com/keploy/website-archive/pull/29
32,gsoc,docs: add dsl generation gsoc task,merged,2023-03-06T13:22:15Z,2023-03-07T13:26:36Z,slayerjain,https://github.com/keploy/gsoc/pull/32
459,keploy,Changed trigger for RecordedTest and RecordedMock events,merged,2023-03-09T05:47:25Z,2023-03-09T05:56:56Z,charankamarapu,https://github.com/keploy/keploy/pull/459
143,java-sdk,Adding Java docs to the code base,merged,2023-03-07T18:11:35Z,2023-03-09T06:55:53Z,charankamarapu,https://github.com/keploy/java-sdk/pull/143
34,gsoc,docs update,merged,2023-03-09T14:38:19Z,2023-03-09T17:41:38Z,G0maa,https://github.com/keploy/gsoc/pull/34
153,docs,Add JS or Go based DSL for Keploy project to gsoc guide,merged,2023-03-09T06:29:54Z,2023-03-10T08:16:23Z,developer-diganta,https://github.com/keploy/docs/pull/153
393,keploy,refactor: add field in testcase in proto,merged,2023-03-03T12:00:08Z,2023-03-10T09:51:25Z,re-Tick,https://github.com/keploy/keploy/pull/393
144,java-sdk,"fix(api,servlet): unable to record testcases when empty filter regex",merged,2023-03-10T12:33:05Z,2023-03-10T12:39:27Z,gouravkrosx,https://github.com/keploy/java-sdk/pull/144
36,gsoc,docs: fix issues links for ebpf task,merged,2023-03-10T10:01:58Z,2023-03-10T16:12:49Z,slayerjain,https://github.com/keploy/gsoc/pull/36
29,gsoc,update Repo in keploy java-sdk list,merged,2023-03-04T17:07:00Z,2023-03-10T16:15:35Z,reem-atalah,https://github.com/keploy/gsoc/pull/29
37,gsoc,updated issue link for DSL project,merged,2023-03-10T19:05:30Z,2023-03-11T13:43:17Z,SanskritiHarmukh,https://github.com/keploy/gsoc/pull/37
462,keploy,Update README.md,merged,2023-03-11T15:56:53Z,2023-03-11T18:15:33Z,himanshu1221,https://github.com/keploy/keploy/pull/462
30,website-archive,[FEAT] : added student blogs link to footer of keploy website,merged,2023-03-12T15:52:18Z,2023-03-13T02:53:42Z,Suman373,https://github.com/keploy/website-archive/pull/30
41,gsoc,Update Typescript table structure,merged,2023-03-13T07:24:43Z,2023-03-14T06:09:20Z,developer-diganta,https://github.com/keploy/gsoc/pull/41
55,typescript-sdk,feat(mongoose): adds hooks for stubbing/mocking mongoose methods,merged,2023-03-02T13:19:12Z,2023-03-14T06:27:21Z,re-Tick,https://github.com/keploy/typescript-sdk/pull/55
154,docs,Fix Keploy Server Installation Guide,merged,2023-03-10T22:02:52Z,2023-03-14T06:36:11Z,frey0-0,https://github.com/keploy/docs/pull/154
65,typescript-sdk,fix(express): checks for the valid resp in send,merged,2023-03-14T10:32:12Z,2023-03-15T09:01:27Z,re-Tick,https://github.com/keploy/typescript-sdk/pull/65
473,keploy,Added more info to telemetry events,merged,2023-03-15T06:26:16Z,2023-03-15T09:06:28Z,charankamarapu,https://github.com/keploy/keploy/pull/473
43,gsoc,Added PR link for CLI Refactoring,merged,2023-03-14T15:24:55Z,2023-03-15T10:36:34Z,SanskritiHarmukh,https://github.com/keploy/gsoc/pull/43
16,student-program,Updated the Keploy API Fellowship Design,merged,2023-03-15T12:17:45Z,2023-03-15T14:43:06Z,ItsRoy69,https://github.com/keploy/student-program/pull/16
40,gsoc,docs(ts-samples): add mocks task PR link,merged,2023-03-13T05:52:44Z,2023-03-15T14:46:26Z,G0maa,https://github.com/keploy/gsoc/pull/40
44,gsoc,Updating README.md,merged,2023-03-15T19:50:00Z,2023-03-16T06:24:52Z,Hermione2408,https://github.com/keploy/gsoc/pull/44
69,typescript-sdk,fix(src/utils): adds ctx parameter in processDep,merged,2023-03-18T08:53:37Z,2023-03-18T08:55:05Z,re-Tick,https://github.com/keploy/typescript-sdk/pull/69
33,website-archive,Add sharable link for integrations,merged,2023-03-20T09:17:57Z,2023-03-20T09:18:06Z,nehagup,https://github.com/keploy/website-archive/pull/33
156,docs,chore: corrected explanations docs,merged,2023-03-20T09:50:57Z,2023-03-20T09:51:05Z,nehagup,https://github.com/keploy/docs/pull/156
43,samples-java,Rectified readme by updating logs and apt images,merged,2023-03-11T15:19:05Z,2023-03-20T16:49:50Z,SanskritiHarmukh,https://github.com/keploy/samples-java/pull/43
45,gsoc,Changes in README.md to add PR link,merged,2023-03-20T09:53:53Z,2023-03-21T07:22:50Z,frey0-0,https://github.com/keploy/gsoc/pull/45
42,gsoc,Added GSoD 2023 propsal,merged,2023-03-13T08:02:46Z,2023-03-21T10:01:42Z,developer-diganta,https://github.com/keploy/gsoc/pull/42
488,keploy,fix: sets http as default type for tcs,merged,2023-03-20T13:57:45Z,2023-03-21T12:04:36Z,re-Tick,https://github.com/keploy/keploy/pull/488
177,go-sdk,fix: fetches tcs of an app without any filter,merged,2023-03-21T12:15:35Z,2023-03-21T13:05:47Z,re-Tick,https://github.com/keploy/go-sdk/pull/177
155,docs,added HLD to java docs,merged,2023-03-16T11:30:35Z,2023-03-22T06:34:54Z,developer-diganta,https://github.com/keploy/docs/pull/155
157,docs,Added contrib guide,merged,2023-03-22T06:44:24Z,2023-03-22T06:44:45Z,nehagup,https://github.com/keploy/docs/pull/157
46,gsoc,update docs of ts-sdk,merged,2023-03-20T14:16:57Z,2023-03-22T06:47:35Z,G0maa,https://github.com/keploy/gsoc/pull/46
158,docs,updated gsoc banner,merged,2023-03-22T07:31:08Z,2023-03-22T08:52:58Z,developer-diganta,https://github.com/keploy/docs/pull/158
487,keploy,"feat: Add keploy version, os in telemetry events",merged,2023-03-20T11:54:03Z,2023-03-23T07:31:42Z,charankamarapu,https://github.com/keploy/keploy/pull/487
476,keploy,[feat]: Updated Issue_Templates,merged,2023-03-15T12:47:02Z,2023-03-23T09:52:17Z,Sonichigo,https://github.com/keploy/keploy/pull/476
44,samples-go,Bump go module version for SDKs to prevent test failures,merged,2023-03-23T12:54:52Z,2023-03-23T13:06:54Z,aerowisca,https://github.com/keploy/samples-go/pull/44
48,gsoc,Added GSoD projects,merged,2023-03-22T11:34:28Z,2023-03-24T07:07:59Z,developer-diganta,https://github.com/keploy/gsoc/pull/48
49,gsoc,Updated Propsal,merged,2023-03-24T10:40:37Z,2023-03-24T11:00:25Z,developer-diganta,https://github.com/keploy/gsoc/pull/49
181,go-sdk,fix(integration): fasthttp mock generation,merged,2023-03-24T15:58:26Z,2023-03-25T06:50:41Z,jammutkarsh,https://github.com/keploy/go-sdk/pull/181
504,keploy,refactor(http): moves http json structs to models,merged,2023-03-24T10:52:29Z,2023-03-25T10:53:43Z,re-Tick,https://github.com/keploy/keploy/pull/504
182,go-sdk,perf(keploy): removes dependency on http package of keploy API server,merged,2023-03-25T11:00:45Z,2023-03-25T11:25:35Z,re-Tick,https://github.com/keploy/go-sdk/pull/182
506,keploy,docs(http/regression): adds deprecated tag in go-docs in request.go,merged,2023-03-25T11:33:53Z,2023-03-25T11:51:20Z,re-Tick,https://github.com/keploy/keploy/pull/506
159,docs,updated GSoC poster,merged,2023-03-25T06:13:36Z,2023-03-25T12:18:29Z,developer-diganta,https://github.com/keploy/docs/pull/159
50,gsoc,[feat] : Added new Project and Proposal Guide,merged,2023-03-24T15:31:11Z,2023-03-25T12:22:09Z,Sonichigo,https://github.com/keploy/gsoc/pull/50
51,gsoc,update budget for GSoD,merged,2023-03-26T08:02:03Z,2023-03-26T08:12:34Z,developer-diganta,https://github.com/keploy/gsoc/pull/51
508,keploy,docs: Update new download method updated in README.md,merged,2023-03-25T16:57:02Z,2023-03-26T08:15:56Z,AnkitKumarvaid,https://github.com/keploy/keploy/pull/508
14,samples-typescript,path change for node-fetch directory,merged,2023-03-22T21:07:34Z,2023-03-26T17:13:19Z,KrishnenduDG,https://github.com/keploy/samples-typescript/pull/14
73,typescript-sdk,docs: updated the broken link and highlighted few text,merged,2023-03-22T12:20:31Z,2023-03-26T17:26:46Z,AnkitKumarvaid,https://github.com/keploy/typescript-sdk/pull/73
52,gsoc,Corrected a grammatical error in README.md,merged,2023-03-26T10:11:35Z,2023-03-27T04:29:32Z,mukul314,https://github.com/keploy/gsoc/pull/52
47,samples-go,Update README.md for Gin-Elastic Sample App #414,merged,2023-03-26T16:43:05Z,2023-03-27T04:31:45Z,YashSarnobat,https://github.com/keploy/samples-go/pull/47
44,samples-java,docs: Update new download method updated in README.md,merged,2023-03-25T17:34:17Z,2023-03-27T06:03:41Z,AnkitKumarvaid,https://github.com/keploy/samples-java/pull/44
505,keploy,feat: New Update Templates,merged,2023-03-24T13:09:20Z,2023-03-27T06:17:09Z,Sonichigo,https://github.com/keploy/keploy/pull/505
499,keploy,fix: return latest version than random version in main.go,merged,2023-03-23T08:51:56Z,2023-03-27T07:39:33Z,charankamarapu,https://github.com/keploy/keploy/pull/499
35,samples-java,Restructured the installation method,merged,2023-02-28T11:18:15Z,2023-03-27T10:13:25Z,Kshitiz-Mhto,https://github.com/keploy/samples-java/pull/35
511,keploy,Fixed Typo in Bug-Report and Feature-Request Templates,merged,2023-03-27T09:52:54Z,2023-03-28T03:03:07Z,Sonichigo,https://github.com/keploy/keploy/pull/511
105,ui,feat: ReadMe Updated,merged,2023-03-28T03:05:48Z,2023-03-28T07:45:17Z,Sonichigo,https://github.com/keploy/ui/pull/105
503,keploy,Fix grpc,merged,2023-03-24T06:48:59Z,2023-03-29T09:54:31Z,re-Tick,https://github.com/keploy/keploy/pull/503
53,gsoc,docs: add updated project idea list for GSoD,merged,2023-03-29T21:06:32Z,2023-03-30T06:47:23Z,developer-diganta,https://github.com/keploy/gsoc/pull/53
47,gsoc,Update README.md,merged,2023-03-21T13:28:12Z,2023-03-30T08:42:41Z,cassiozareck,https://github.com/keploy/gsoc/pull/47
518,keploy,refactor(web): deprecate ui and change workflow for the same,merged,2023-03-30T12:07:20Z,2023-03-30T12:23:38Z,nehagup,https://github.com/keploy/keploy/pull/518
519,keploy,fix: remove build ui in workflow,merged,2023-03-30T12:29:40Z,2023-03-30T12:30:08Z,nehagup,https://github.com/keploy/keploy/pull/519
55,gsoc,docs: update GSoD Readme,merged,2023-03-30T15:04:16Z,2023-03-31T06:15:23Z,developer-diganta,https://github.com/keploy/gsoc/pull/55
520,keploy,fix: Rename workflow,merged,2023-03-31T06:11:44Z,2023-03-31T06:31:48Z,charankamarapu,https://github.com/keploy/keploy/pull/520
48,samples-go,feat: Issue Creation Note added,merged,2023-03-28T10:52:08Z,2023-03-31T06:35:53Z,Sonichigo,https://github.com/keploy/samples-go/pull/48
18,samples-typescript,feat: Readme Updated,merged,2023-03-28T10:51:02Z,2023-03-31T06:36:33Z,Sonichigo,https://github.com/keploy/samples-typescript/pull/18
47,samples-java,feat: Readme Updated,merged,2023-03-28T10:51:40Z,2023-03-31T06:38:01Z,Sonichigo,https://github.com/keploy/samples-java/pull/47
81,typescript-sdk,Issue Submission Link Added,merged,2023-03-28T11:05:48Z,2023-03-31T06:38:31Z,Sonichigo,https://github.com/keploy/typescript-sdk/pull/81
160,docs,feat: Issue Creation Note added,merged,2023-03-28T10:52:31Z,2023-03-31T06:40:47Z,Sonichigo,https://github.com/keploy/docs/pull/160
183,go-sdk,fix: updates the test logic for close of QueryContext,merged,2023-04-02T03:55:47Z,2023-04-02T03:57:53Z,re-Tick,https://github.com/keploy/go-sdk/pull/183
57,gsoc,Add PR links for GSoC,merged,2023-04-02T19:02:24Z,2023-04-03T07:26:29Z,aerowisca,https://github.com/keploy/gsoc/pull/57
54,gsoc,docs: add github action for java-sdk linting PR link,merged,2023-03-30T03:00:46Z,2023-04-03T07:33:29Z,We2Am-BaSsem,https://github.com/keploy/gsoc/pull/54
19,samples-typescript,Corrected Markdown in README.md,merged,2023-03-29T10:20:59Z,2023-04-03T09:50:52Z,mukul314,https://github.com/keploy/samples-typescript/pull/19
18,student-program,Added a link to the student program github in the footer,merged,2023-03-31T16:48:28Z,2023-04-03T10:30:12Z,mukul314,https://github.com/keploy/student-program/pull/18
8,devrel-program,revamped devrel cohort website,merged,2023-04-05T10:06:18Z,2023-04-06T06:20:16Z,developer-diganta,https://github.com/keploy/devrel-program/pull/8
58,gsoc,docs: updating task list,merged,2023-04-04T19:47:17Z,2023-04-06T09:00:45Z,Sekhar-Kumar-Dash,https://github.com/keploy/gsoc/pull/58
9,devrel-program,changed deploy.yml to skip npm build,merged,2023-04-06T06:52:25Z,2023-04-06T09:17:09Z,developer-diganta,https://github.com/keploy/devrel-program/pull/9
17,student-program,Edited deploy.yml as there is facing issues in AWS deploy.yml,merged,2023-03-15T18:26:45Z,2023-04-06T09:25:40Z,ItsRoy69,https://github.com/keploy/student-program/pull/17
10,devrel-program,fix: corrected breaking images and footer icon border,merged,2023-04-06T10:41:45Z,2023-04-06T11:49:13Z,developer-diganta,https://github.com/keploy/devrel-program/pull/10
19,student-program,fixed the errors from button and gave a background hex,merged,2023-04-06T11:41:23Z,2023-04-06T11:50:26Z,ItsRoy69,https://github.com/keploy/student-program/pull/19
184,go-sdk,feat: add support for net http server in keploy,merged,2023-04-06T13:15:59Z,2023-04-06T13:21:56Z,Sarthak160,https://github.com/keploy/go-sdk/pull/184
46,samples-java,Improved explanation for passing sample test cases,merged,2023-03-27T14:30:01Z,2023-04-06T17:21:38Z,Arpcoder,https://github.com/keploy/samples-java/pull/46
185,go-sdk,fix: downgrade dependencies to support go 1.16,merged,2023-04-08T15:37:13Z,2023-04-08T15:37:23Z,slayerjain,https://github.com/keploy/go-sdk/pull/185
528,keploy,fix: downgrade dependencies to support go 1.16,merged,2023-04-08T14:44:36Z,2023-04-08T15:50:52Z,slayerjain,https://github.com/keploy/keploy/pull/528
186,go-sdk,chore: vendor dependencies to improve compatibility,merged,2023-04-08T16:07:49Z,2023-04-08T16:07:57Z,slayerjain,https://github.com/keploy/go-sdk/pull/186
187,go-sdk,ci: set go build version as 1.16,merged,2023-04-08T16:19:04Z,2023-04-08T16:19:08Z,slayerjain,https://github.com/keploy/go-sdk/pull/187
167,docs,docs : update the instructions for frameworks,merged,2023-04-07T10:44:54Z,2023-04-10T11:38:27Z,AnkitKumarvaid,https://github.com/keploy/docs/pull/167
165,docs,docs: added sample gorillamux-redis app,merged,2023-04-04T15:08:49Z,2023-04-10T11:45:34Z,developer-diganta,https://github.com/keploy/docs/pull/165
161,docs,"fix(.github): adds github workflows for CLA Assistant,Building & Linting",merged,2023-03-28T14:49:12Z,2023-04-10T11:49:39Z,ItsRoy69,https://github.com/keploy/docs/pull/161
38,website-archive,Updated star count,merged,2023-04-06T13:46:44Z,2023-04-12T07:28:11Z,SanskritiHarmukh,https://github.com/keploy/website-archive/pull/38
169,docs,feat: adding docker file,merged,2023-04-12T09:46:41Z,2023-04-14T09:06:31Z,SanjaySinghRajpoot,https://github.com/keploy/docs/pull/169
524,keploy,fix: labels issue resolved,merged,2023-04-03T02:45:25Z,2023-04-17T13:04:29Z,Sonichigo,https://github.com/keploy/keploy/pull/524
13,devrel-program,feat: added cohort banner and updated links and time,merged,2023-04-18T07:39:21Z,2023-04-18T09:18:29Z,developer-diganta,https://github.com/keploy/devrel-program/pull/13
148,java-sdk,doc: update the link for keploy agent download,merged,2023-04-18T11:33:00Z,2023-04-18T11:34:32Z,Sarthak160,https://github.com/keploy/java-sdk/pull/148
11,devrel-program,"fix(.github): adds github workflows for CLA Assistant, Greetings & Linting",merged,2023-04-14T03:08:57Z,2023-04-18T15:53:35Z,ItsRoy69,https://github.com/keploy/devrel-program/pull/11
149,java-sdk,feat(GrpcService): add app name field in proto to configure histCfg,merged,2023-04-22T12:40:01Z,2023-04-23T18:34:44Z,Sarthak160,https://github.com/keploy/java-sdk/pull/149
189,go-sdk,docs: add warning about concurrent safety in http example,merged,2023-04-25T10:51:25Z,2023-04-25T10:53:15Z,slayerjain,https://github.com/keploy/go-sdk/pull/189
39,website-archive,feat: added privacy policy to homepage,merged,2023-04-27T12:11:19Z,2023-04-28T12:47:39Z,Sonichigo,https://github.com/keploy/website-archive/pull/39
40,website-archive,fix: update the privacy policy url,merged,2023-04-28T12:50:18Z,2023-04-28T12:50:34Z,slayerjain,https://github.com/keploy/website-archive/pull/40
190,go-sdk,fix: use jsonpb.Marshaler instead of json.Marshal,merged,2023-04-28T07:20:36Z,2023-04-29T12:34:42Z,slayerjain,https://github.com/keploy/go-sdk/pull/190
533,keploy,feat: add config file export functionality for keploy test history,merged,2023-04-12T12:42:44Z,2023-04-30T15:29:52Z,Sarthak160,https://github.com/keploy/keploy/pull/533
41,website-archive,chore: open waitlist,merged,2023-05-09T11:20:27Z,2023-05-09T11:20:32Z,nehagup,https://github.com/keploy/website-archive/pull/41
59,samples-go,[fix]: update readme.md to reflect the correct coverage percentage,merged,2023-05-14T17:45:17Z,2023-05-18T08:04:18Z,gauriimaheshwarii,https://github.com/keploy/samples-go/pull/59
171,docs,[docs] removed the extra image of Keploy console,merged,2023-05-14T15:29:37Z,2023-05-18T08:10:16Z,KashishLakhara04,https://github.com/keploy/docs/pull/171
16,samples-typescript,Add sample APIs for express mongoose app,merged,2023-03-24T14:23:15Z,2023-05-18T08:15:55Z,frey0-0,https://github.com/keploy/samples-typescript/pull/16
57,samples-go,Corrected typos in readme,merged,2023-04-25T08:26:52Z,2023-05-19T10:08:29Z,mukul314,https://github.com/keploy/samples-go/pull/57
42,website-archive,[fix]: update CSS link in README.md file for the website,merged,2023-05-18T10:34:28Z,2023-05-20T19:04:16Z,gauriimaheshwarii,https://github.com/keploy/website-archive/pull/42
173,docs,UI: remove extra footer divider & Docs Issue Tracker Broken Link,merged,2023-05-18T13:50:47Z,2023-05-23T14:18:38Z,kartikmehta8,https://github.com/keploy/docs/pull/173
175,docs,bug: redundant footer,merged,2023-05-23T16:43:15Z,2023-05-24T06:58:19Z,kartikmehta8,https://github.com/keploy/docs/pull/175
60,typescript-sdk,fix(node-fetch): empty response,merged,2023-03-09T04:39:16Z,2023-05-24T10:27:19Z,G0maa,https://github.com/keploy/typescript-sdk/pull/60
142,java-sdk,Feature/356/add checkstyle GitHub action to Java-SDK pipeline,merged,2023-03-06T01:28:11Z,2023-05-24T12:00:16Z,We2Am-BaSsem,https://github.com/keploy/java-sdk/pull/142
177,docs,fix: cla issue,merged,2023-05-24T11:37:04Z,2023-05-24T12:00:38Z,Sonichigo,https://github.com/keploy/docs/pull/177
176,docs,fix: duplicate footer & footer margin,merged,2023-05-24T03:30:34Z,2023-05-25T05:09:03Z,Sonichigo,https://github.com/keploy/docs/pull/176
178,docs,"Seo: add robots txt, migrate docusaurus to v2",merged,2023-06-06T09:10:07Z,2023-06-06T09:10:32Z,nehagup,https://github.com/keploy/docs/pull/178
179,docs,fix: broken links,merged,2023-06-06T10:06:06Z,2023-06-06T10:06:12Z,nehagup,https://github.com/keploy/docs/pull/179
43,website-archive,fix: broken links and add pageimprove,merged,2023-06-06T10:14:02Z,2023-06-06T10:14:17Z,nehagup,https://github.com/keploy/website-archive/pull/43
14,devrel-program,chore: adding htacess for seo,merged,2023-06-06T10:41:34Z,2023-06-06T10:41:45Z,nehagup,https://github.com/keploy/devrel-program/pull/14
15,devrel-program,fix: updated image urls,merged,2023-06-08T18:10:08Z,2023-06-09T07:26:06Z,developer-diganta,https://github.com/keploy/devrel-program/pull/15
16,devrel-program,fix: remove broken link to bootstrap,merged,2023-06-11T11:37:00Z,2023-06-12T07:46:36Z,developer-diganta,https://github.com/keploy/devrel-program/pull/16
492,keploy,Beautiful diff output,merged,2023-03-22T16:55:12Z,2023-06-12T09:21:44Z,cassiozareck,https://github.com/keploy/keploy/pull/492
180,docs,feat: metadata for the docs pages updated,merged,2023-06-12T12:12:32Z,2023-06-12T12:15:57Z,Sonichigo,https://github.com/keploy/docs/pull/180
44,website-archive,build: use webpack to minify resources,merged,2023-06-08T13:27:10Z,2023-06-15T07:26:04Z,slayerjain,https://github.com/keploy/website-archive/pull/44
21,student-program,fix: url of broken images,merged,2023-06-15T16:00:01Z,2023-06-15T17:04:16Z,developer-diganta,https://github.com/keploy/student-program/pull/21
17,devrel-program,fix: broken keploy logo,merged,2023-06-15T19:22:36Z,2023-06-16T02:38:12Z,developer-diganta,https://github.com/keploy/devrel-program/pull/17
181,docs,fix: metadata description duplication corrected,merged,2023-06-19T06:03:01Z,2023-06-19T06:18:09Z,Sonichigo,https://github.com/keploy/docs/pull/181
22,student-program,fix: metadata description duplication corrected,merged,2023-06-19T05:52:50Z,2023-06-19T06:18:40Z,Sonichigo,https://github.com/keploy/student-program/pull/22
18,devrel-program,fix: metadata description duplication corrected,merged,2023-06-19T05:48:09Z,2023-06-19T06:18:59Z,Sonichigo,https://github.com/keploy/devrel-program/pull/18
601,keploy,chore(dependabot): Disable update policies,merged,2023-06-19T10:18:33Z,2023-06-21T18:56:58Z,nehagup,https://github.com/keploy/keploy/pull/601
606,keploy,feat: adds structured logs for json diff,merged,2023-06-22T16:20:32Z,2023-06-22T18:23:44Z,re-Tick,https://github.com/keploy/keploy/pull/606
191,go-sdk,fix : ignore request simulation for mocks captured from non http requests,merged,2023-06-29T18:25:08Z,2023-07-03T07:14:38Z,deepto98,https://github.com/keploy/go-sdk/pull/191
182,docs,Add glossary,merged,2023-06-29T10:13:15Z,2023-07-10T11:23:27Z,developer-diganta,https://github.com/keploy/docs/pull/182
61,samples-go,feat: add sample of using Keploy with go-fuzzing,merged,2023-07-09T07:11:36Z,2023-07-11T07:51:40Z,tanghaowillow,https://github.com/keploy/samples-go/pull/61
153,java-sdk,fix:implement getDatabaseProductName() method of KDatabaseMetaData,merged,2023-07-14T06:32:40Z,2023-07-14T06:57:00Z,gouravkrosx,https://github.com/keploy/java-sdk/pull/153
625,keploy,feat: add functional components of keploy v2,merged,2023-07-14T10:35:10Z,2023-07-14T10:39:33Z,gouravkrosx,https://github.com/keploy/keploy/pull/625
627,keploy,fix: removes filterPid flag to capture network calls without delay,merged,2023-07-19T11:14:02Z,2023-07-19T13:04:15Z,re-Tick,https://github.com/keploy/keploy/pull/627
633,keploy,fix:adding host header in capturing,merged,2023-07-25T13:19:01Z,2023-07-25T13:42:26Z,shivamsouravjha,https://github.com/keploy/keploy/pull/633
635,keploy,updating variable and corresponding function name,merged,2023-07-25T20:44:16Z,2023-07-27T06:21:54Z,shivamsouravjha,https://github.com/keploy/keploy/pull/635
636,keploy,fix:add timeout when Connection:keep-alive is enabled in request,merged,2023-07-27T11:11:51Z,2023-07-27T11:29:03Z,gouravkrosx,https://github.com/keploy/keploy/pull/636
637,keploy,fix:failed to load ebpf program in arm64,merged,2023-07-28T07:16:29Z,2023-07-28T07:18:18Z,gouravkrosx,https://github.com/keploy/keploy/pull/637
639,keploy,fix: updates the network filter and mongo parser,merged,2023-07-28T09:49:25Z,2023-07-28T10:01:13Z,re-Tick,https://github.com/keploy/keploy/pull/639
626,keploy,chore: pkg imported more than once,merged,2023-07-17T01:27:17Z,2023-08-01T10:36:49Z,testwill,https://github.com/keploy/keploy/pull/626
641,keploy,feat: merge keploy v2 dev branch,merged,2023-07-28T11:37:52Z,2023-08-07T15:03:47Z,slayerjain,https://github.com/keploy/keploy/pull/641
658,keploy,docs: fix corrupted readme,merged,2023-08-07T15:48:23Z,2023-08-07T15:48:37Z,gouravkrosx,https://github.com/keploy/keploy/pull/658
657,keploy,ci: upgrade go version to 1.20,merged,2023-08-07T15:39:09Z,2023-08-07T16:46:56Z,gouravkrosx,https://github.com/keploy/keploy/pull/657
659,keploy,fix: failed to get docker network using app cmd,merged,2023-08-07T17:36:14Z,2023-08-07T17:48:02Z,gouravkrosx,https://github.com/keploy/keploy/pull/659
642,keploy,refactor: cleaning up app pid cases,merged,2023-07-31T11:37:26Z,2023-08-08T08:35:31Z,shivamsouravjha,https://github.com/keploy/keploy/pull/642
661,keploy,features: pipeline to run arm64 build,merged,2023-08-08T10:06:02Z,2023-08-08T12:00:34Z,shivamsouravjha,https://github.com/keploy/keploy/pull/661
663,keploy,fix: use io.MultiReader to read tls sockets,merged,2023-08-08T11:41:51Z,2023-08-08T12:04:10Z,slayerjain,https://github.com/keploy/keploy/pull/663
664,keploy,refactor: add keploy identifier in some logs,merged,2023-08-08T13:45:32Z,2023-08-08T13:47:52Z,gouravkrosx,https://github.com/keploy/keploy/pull/664
666,keploy,fix: fails to create mongo db mocks,merged,2023-08-09T09:05:42Z,2023-08-09T09:08:23Z,gouravkrosx,https://github.com/keploy/keploy/pull/666
667,keploy,feat: Added support for Python applications in keploy-v2,merged,2023-08-09T10:13:02Z,2023-08-09T10:56:55Z,PranshuSrivastava,https://github.com/keploy/keploy/pull/667
646,keploy,Adding support of npm for keploy,merged,2023-08-07T11:21:02Z,2023-08-09T11:25:57Z,shivamsouravjha,https://github.com/keploy/keploy/pull/646
669,keploy,fix: add generic flow to unsupported dependencies,merged,2023-08-09T18:26:53Z,2023-08-10T06:20:08Z,charankamarapu,https://github.com/keploy/keploy/pull/669
673,keploy,fix: adds the shorthand for the cli cmd flags,merged,2023-08-10T08:44:56Z,2023-08-10T08:49:41Z,re-Tick,https://github.com/keploy/keploy/pull/673
671,keploy,[fix]:removing resp channel,merged,2023-08-10T07:14:50Z,2023-08-10T12:49:39Z,shivamsouravjha,https://github.com/keploy/keploy/pull/671
45,website-archive,Update README.md,merged,2023-08-11T11:22:56Z,2023-08-11T11:23:04Z,nehagup,https://github.com/keploy/website-archive/pull/45
677,keploy,fix: unable to use user-defined test path,merged,2023-08-11T11:06:40Z,2023-08-13T13:11:18Z,gouravkrosx,https://github.com/keploy/keploy/pull/677
681,keploy,ci: update dockefile and gha for keploy v2,merged,2023-08-14T07:44:25Z,2023-08-14T07:49:11Z,slayerjain,https://github.com/keploy/keploy/pull/681
682,keploy,ci: fix yaml bug in release pipeline,merged,2023-08-14T07:59:03Z,2023-08-14T07:59:28Z,slayerjain,https://github.com/keploy/keploy/pull/682
684,keploy,ci: add sudo package to the dockerfile,merged,2023-08-14T10:30:09Z,2023-08-14T10:30:16Z,slayerjain,https://github.com/keploy/keploy/pull/684
685,keploy,chore: add keploy logo and version during init,merged,2023-08-14T11:42:51Z,2023-08-14T11:44:52Z,slayerjain,https://github.com/keploy/keploy/pull/685
20,devrel-program,fix: loader removed,merged,2023-08-12T06:12:16Z,2023-08-14T12:44:25Z,Shashwat79802,https://github.com/keploy/devrel-program/pull/20
686,keploy,ci: remove dependabot,merged,2023-08-14T12:53:30Z,2023-08-14T13:04:31Z,nehagup,https://github.com/keploy/keploy/pull/686
690,keploy,fix: unable to use docker compose file to record/test via keploy,merged,2023-08-15T12:31:53Z,2023-08-15T12:45:15Z,gouravkrosx,https://github.com/keploy/keploy/pull/690
687,keploy,fix: remove noise assertion during test and fix json diff error,merged,2023-08-14T13:32:01Z,2023-08-16T09:59:53Z,Sarthak160,https://github.com/keploy/keploy/pull/687
697,keploy,fix: returns the response for approximate matched config request,merged,2023-08-16T11:40:18Z,2023-08-16T11:55:25Z,re-Tick,https://github.com/keploy/keploy/pull/697
693,keploy,V2 readme,merged,2023-08-16T05:47:49Z,2023-08-16T13:04:55Z,Sonichigo,https://github.com/keploy/keploy/pull/693
21,devrel-program,"fix: loader removed, sitemap added, links updates, testimonials updat…",merged,2023-08-16T13:59:07Z,2023-08-17T07:20:46Z,Sonichigo,https://github.com/keploy/devrel-program/pull/21
55,samples-go,added object template,merged,2023-04-03T14:48:46Z,2023-08-17T07:25:50Z,Sekhar-Kumar-Dash,https://github.com/keploy/samples-go/pull/55
701,keploy,chore: export fields and methods to improve extensibility,merged,2023-08-17T06:32:24Z,2023-08-17T11:37:03Z,PranshuSrivastava,https://github.com/keploy/keploy/pull/701
25,devrel-program,New Color Pallet Applied,merged,2023-08-17T13:00:09Z,2023-08-17T13:47:35Z,Shashwat79802,https://github.com/keploy/devrel-program/pull/25
26,devrel-program,"fix: cohort stats fixed, scroll bar color updated",merged,2023-08-17T19:30:17Z,2023-08-18T06:52:59Z,Shashwat79802,https://github.com/keploy/devrel-program/pull/26
706,keploy,feat: added the workflow and fixed the binary installation method,merged,2023-08-17T11:12:32Z,2023-08-18T07:59:53Z,Sonichigo,https://github.com/keploy/keploy/pull/706
711,keploy,feat: add support for java ca stores,merged,2023-08-18T07:53:28Z,2023-08-18T08:00:30Z,slayerjain,https://github.com/keploy/keploy/pull/711
699,keploy,feat: revamp cli user experience and add examples,merged,2023-08-17T05:19:09Z,2023-08-18T09:12:04Z,shivamsouravjha,https://github.com/keploy/keploy/pull/699
712,keploy,refactor variables renames and conditions updated,merged,2023-08-18T11:07:18Z,2023-08-18T12:12:10Z,shivamsouravjha,https://github.com/keploy/keploy/pull/712
688,keploy,Add docker internal client to extract network from container,merged,2023-08-14T18:13:13Z,2023-08-19T11:00:34Z,aerowisca,https://github.com/keploy/keploy/pull/688
716,keploy,docs: remove explicit docker network from readme,merged,2023-08-20T17:54:53Z,2023-08-20T17:55:28Z,slayerjain,https://github.com/keploy/keploy/pull/716
721,keploy,"Revert ""docs: remove explicit docker network from readme (#716)""",merged,2023-08-21T11:40:37Z,2023-08-21T13:43:41Z,Sonichigo,https://github.com/keploy/keploy/pull/721
723,keploy,refactor: debug flag anywhere in cmd,merged,2023-08-21T11:53:58Z,2023-08-22T06:43:45Z,shivamsouravjha,https://github.com/keploy/keploy/pull/723
718,keploy,fix: handled chunked responses in http parser,merged,2023-08-21T08:04:25Z,2023-08-22T11:56:53Z,PranshuSrivastava,https://github.com/keploy/keploy/pull/718
731,keploy,feat: add support for postgres wire protocol parser,merged,2023-08-22T12:51:43Z,2023-08-22T13:31:36Z,Sarthak160,https://github.com/keploy/keploy/pull/731
732,keploy,Update Readme,merged,2023-08-22T14:48:17Z,2023-08-22T15:31:22Z,nehagup,https://github.com/keploy/keploy/pull/732
734,keploy,feat: add support for streaming in postgres wire parser,merged,2023-08-23T09:44:59Z,2023-08-24T08:08:25Z,Sarthak160,https://github.com/keploy/keploy/pull/734
735,keploy,fix: fix the content-length header of http response,merged,2023-08-24T09:30:56Z,2023-08-27T23:28:38Z,re-Tick,https://github.com/keploy/keploy/pull/735
736,keploy,Pass the requests/responses in test mode for unrecorded,merged,2023-08-24T09:48:58Z,2023-08-28T00:38:22Z,re-Tick,https://github.com/keploy/keploy/pull/736
741,keploy,fix: adds a check for the kind of mock before accessing the fields,merged,2023-08-28T07:40:26Z,2023-08-28T07:53:56Z,re-Tick,https://github.com/keploy/keploy/pull/741
744,keploy,refactor: configure zap logger to prepend keploy Emoji,merged,2023-08-29T08:48:12Z,2023-08-29T09:03:50Z,gouravkrosx,https://github.com/keploy/keploy/pull/744
747,keploy,fix: added support for the expect header in Keploy,merged,2023-08-30T17:14:23Z,2023-08-31T04:28:26Z,PranshuSrivastava,https://github.com/keploy/keploy/pull/747
749,keploy,fix: import ca in case of different java version,merged,2023-09-01T12:13:14Z,2023-09-01T12:20:50Z,gouravkrosx,https://github.com/keploy/keploy/pull/749
67,samples-go,feat: update the app and readme for gin-mongo,merged,2023-08-29T06:54:36Z,2023-09-01T12:24:14Z,Sonichigo,https://github.com/keploy/samples-go/pull/67
751,keploy,fix: added support for expect header in the test mode,merged,2023-09-02T18:10:25Z,2023-09-04T05:44:02Z,PranshuSrivastava,https://github.com/keploy/keploy/pull/751
745,keploy,Add support for invoking commands via docker-compose,merged,2023-08-29T08:58:15Z,2023-09-04T07:16:42Z,aerowisca,https://github.com/keploy/keploy/pull/745
154,java-sdk,feat: add support to run keploy v2 with unit tests,merged,2023-08-19T12:25:01Z,2023-09-04T07:32:28Z,gouravkrosx,https://github.com/keploy/java-sdk/pull/154
755,keploy,style: added debug logs to the chunking logic,merged,2023-09-04T07:40:39Z,2023-09-04T07:48:44Z,PranshuSrivastava,https://github.com/keploy/keploy/pull/755
717,keploy,feat: add support for running keploy tests along with unit tests,merged,2023-08-20T21:43:49Z,2023-09-04T09:48:06Z,gouravkrosx,https://github.com/keploy/keploy/pull/717
740,keploy,feat: Add support for unary rpc as mocked dependencies,merged,2023-08-27T18:19:45Z,2023-09-04T15:30:49Z,aerowisca,https://github.com/keploy/keploy/pull/740
155,java-sdk,fix: update KeployCLI.java to add language flag,merged,2023-09-05T11:32:40Z,2023-09-05T11:42:13Z,gouravkrosx,https://github.com/keploy/java-sdk/pull/155
775,keploy,fix: fetch java_home from proc file system,merged,2023-09-05T11:28:20Z,2023-09-05T11:43:22Z,gouravkrosx,https://github.com/keploy/keploy/pull/775
192,go-sdk,feat: add mockLib feature for keploy-v2,merged,2023-08-21T20:41:02Z,2023-09-05T12:06:56Z,charankamarapu,https://github.com/keploy/go-sdk/pull/192
86,typescript-sdk,fixing: ts-sdk records keploy-testcase even on test mode,merged,2023-03-31T13:24:30Z,2023-09-05T14:52:06Z,Sekhar-Kumar-Dash,https://github.com/keploy/typescript-sdk/pull/86
759,keploy,feat: change scram-sha-256 to md5 auth type in test mode,merged,2023-09-04T09:10:05Z,2023-09-06T05:00:09Z,Sarthak160,https://github.com/keploy/keploy/pull/759
769,keploy,fix: updated chunking mechanism and handled  expectation header issues,merged,2023-09-05T06:13:56Z,2023-09-06T08:55:01Z,PranshuSrivastava,https://github.com/keploy/keploy/pull/769
778,keploy,feat: add a ports flag to ignore the outgoing calls in record/test,merged,2023-09-07T06:37:48Z,2023-09-07T08:06:34Z,re-Tick,https://github.com/keploy/keploy/pull/778
193,go-sdk,feat: upgrade to v2,merged,2023-09-06T17:14:58Z,2023-09-07T09:48:59Z,charankamarapu,https://github.com/keploy/go-sdk/pull/193
779,keploy,debug: adds connection ip address and id fields in zap,merged,2023-09-07T09:28:03Z,2023-09-07T10:26:29Z,re-Tick,https://github.com/keploy/keploy/pull/779
789,keploy,added feature self-update keploy docker image,merged,2023-09-09T17:13:45Z,2023-09-11T10:15:13Z,SaumyaBhushan,https://github.com/keploy/keploy/pull/789
795,keploy,fix: set cfssl log level to error,merged,2023-09-11T12:34:03Z,2023-09-11T12:35:39Z,slayerjain,https://github.com/keploy/keploy/pull/795
194,go-sdk,Refactor v2,merged,2023-09-07T18:13:45Z,2023-09-12T06:36:54Z,charankamarapu,https://github.com/keploy/go-sdk/pull/194
787,keploy,fix: recovers from panic and stops the user app,merged,2023-09-08T16:14:21Z,2023-09-12T09:10:55Z,re-Tick,https://github.com/keploy/keploy/pull/787
797,keploy,refactor: Improved error handling for parsed response body,merged,2023-09-11T12:56:36Z,2023-09-12T09:38:56Z,PranshuSrivastava,https://github.com/keploy/keploy/pull/797
802,keploy,refactor: commands for keployCLI,merged,2023-09-12T09:00:50Z,2023-09-12T11:05:20Z,shivamsouravjha,https://github.com/keploy/keploy/pull/802
806,keploy,chore: fix spelling errors in logs,merged,2023-09-12T11:44:17Z,2023-09-12T11:45:32Z,slayerjain,https://github.com/keploy/keploy/pull/806
805,keploy,fix: fixed parsing error in chunked responses,merged,2023-09-12T11:41:12Z,2023-09-12T11:46:12Z,PranshuSrivastava,https://github.com/keploy/keploy/pull/805
189,docs,[docs]: Documentation Update for Keploy v2,merged,2023-09-08T12:19:21Z,2023-09-12T12:04:02Z,Sonichigo,https://github.com/keploy/docs/pull/189
191,docs,fix: broken images,merged,2023-09-12T12:39:39Z,2023-09-12T12:40:29Z,Sonichigo,https://github.com/keploy/docs/pull/191
192,docs,fix: images name updated to fix the broken images link,merged,2023-09-12T13:05:12Z,2023-09-12T13:07:04Z,Sonichigo,https://github.com/keploy/docs/pull/192
808,keploy,refactor: remove log panic and shift from log to logger,merged,2023-09-12T13:16:05Z,2023-09-12T13:22:23Z,shivamsouravjha,https://github.com/keploy/keploy/pull/808
193,docs,feat: clarity code,merged,2023-09-12T13:40:46Z,2023-09-12T13:40:57Z,nehagup,https://github.com/keploy/docs/pull/193
800,keploy,fix: cleanup all the child processes started by app,merged,2023-09-12T07:28:55Z,2023-09-13T07:22:53Z,shivamsouravjha,https://github.com/keploy/keploy/pull/800
814,keploy,fix: make connection ids autoincrement,merged,2023-09-13T08:49:57Z,2023-09-13T08:50:15Z,slayerjain,https://github.com/keploy/keploy/pull/814
788,keploy,feat: add dynamic network injection to keploy container,merged,2023-09-08T20:51:08Z,2023-09-13T11:22:47Z,gouravkrosx,https://github.com/keploy/keploy/pull/788
195,docs,feat: samples-gin installation and running method updated,merged,2023-09-13T07:49:16Z,2023-09-13T12:21:20Z,Sonichigo,https://github.com/keploy/docs/pull/195
818,keploy,fix: handle eof in grpc parser,merged,2023-09-13T12:53:59Z,2023-09-13T12:54:48Z,slayerjain,https://github.com/keploy/keploy/pull/818
10,.github,feat: updated the organization profile,merged,2023-09-13T09:24:31Z,2023-09-14T08:03:45Z,Sonichigo,https://github.com/keploy/.github/pull/10
820,keploy,fix: adds a check before comparing mongoRequests,merged,2023-09-14T09:09:04Z,2023-09-14T09:18:52Z,re-Tick,https://github.com/keploy/keploy/pull/820
823,keploy,fix: temp ca for outgoing http calls for node,merged,2023-09-14T11:12:16Z,2023-09-14T11:24:32Z,shivamsouravjha,https://github.com/keploy/keploy/pull/823
12,.github,fix: github-metric not rendering,merged,2023-09-14T12:18:31Z,2023-09-14T12:19:20Z,Sonichigo,https://github.com/keploy/.github/pull/12
826,keploy,refactor: replacing fatal with logger,merged,2023-09-14T12:42:54Z,2023-09-14T13:02:19Z,shivamsouravjha,https://github.com/keploy/keploy/pull/826
828,keploy,docs: move the binary section to the top,merged,2023-09-14T14:39:33Z,2023-09-14T14:42:53Z,slayerjain,https://github.com/keploy/keploy/pull/828
830,keploy,fix: ca.crt permissions set to 666,merged,2023-09-14T17:04:40Z,2023-09-14T17:05:14Z,slayerjain,https://github.com/keploy/keploy/pull/830
196,docs,Fix typo,merged,2023-09-14T19:08:37Z,2023-09-15T07:28:54Z,AkashKumar7902,https://github.com/keploy/docs/pull/196
816,keploy,fix: adding timeout to handle http timeout,merged,2023-09-13T10:45:32Z,2023-09-15T08:12:20Z,shivamsouravjha,https://github.com/keploy/keploy/pull/816
727,keploy,Add support for recording stubs in unit tests,merged,2023-08-21T20:24:29Z,2023-09-15T09:38:59Z,charankamarapu,https://github.com/keploy/keploy/pull/727
195,go-sdk,fix: change EnbaleKeployLogs to MuteKeployLogs,merged,2023-09-12T17:32:46Z,2023-09-15T09:40:20Z,charankamarapu,https://github.com/keploy/go-sdk/pull/195
819,keploy,fix: last Mock object was not captured resulting in failing testrun,merged,2023-09-14T07:35:35Z,2023-09-15T13:13:40Z,Sarthak160,https://github.com/keploy/keploy/pull/819
199,docs,home page revamp,merged,2023-09-15T13:57:00Z,2023-09-15T13:57:15Z,nehagup,https://github.com/keploy/docs/pull/199
200,docs,remove deprecated docs template files,merged,2023-09-15T14:21:08Z,2023-09-15T14:22:01Z,nehagup,https://github.com/keploy/docs/pull/200
837,keploy,fix: wrong new proxy port sent to kernel,merged,2023-09-16T07:53:34Z,2023-09-16T07:58:03Z,gouravkrosx,https://github.com/keploy/keploy/pull/837
198,docs,fix: bug (keploy#834),merged,2023-09-15T11:31:16Z,2023-09-16T08:07:53Z,AkashKumar7902,https://github.com/keploy/docs/pull/198
202,docs,832 Fix same page linked to the next button of pagination navbar,merged,2023-09-15T17:22:02Z,2023-09-16T08:17:54Z,AkashKumar7902,https://github.com/keploy/docs/pull/202
842,keploy,fix: adds profiler in debug mode and allocates memory dynamically for ingress tracker,merged,2023-09-18T08:57:56Z,2023-09-18T10:02:17Z,re-Tick,https://github.com/keploy/keploy/pull/842
205,docs,fix: hamburger drawer too close on small screens,merged,2023-09-17T13:31:01Z,2023-09-18T10:09:14Z,AkashKumar7902,https://github.com/keploy/docs/pull/205
207,docs,fix ci pipeline for PR build and check,merged,2023-09-18T10:14:10Z,2023-09-18T10:15:24Z,nehagup,https://github.com/keploy/docs/pull/207
204,docs,fix: navigation issue,merged,2023-09-16T13:25:59Z,2023-09-18T10:56:39Z,AkashKumar7902,https://github.com/keploy/docs/pull/204
203,docs,added json-ld data and preconnect link,merged,2023-09-16T08:59:57Z,2023-09-18T10:59:29Z,ganeshrevadi,https://github.com/keploy/docs/pull/203
208,docs,chore: site metadata update,merged,2023-09-18T11:12:51Z,2023-09-18T11:13:00Z,nehagup,https://github.com/keploy/docs/pull/208
206,docs,ci: add prettify code ci workflow,merged,2023-09-18T03:40:16Z,2023-09-18T13:09:05Z,AkashKumar7902,https://github.com/keploy/docs/pull/206
845,keploy,"fix: updates the user permissions of generated ""keploy"" testcases",merged,2023-09-18T11:35:30Z,2023-09-19T05:56:10Z,re-Tick,https://github.com/keploy/keploy/pull/845
70,samples-go,feat: updated gin-mongo readme,merged,2023-09-15T12:24:46Z,2023-09-19T07:33:22Z,Sonichigo,https://github.com/keploy/samples-go/pull/70
827,keploy,[bug]: Fixed retry and body parsing issues,merged,2023-09-14T12:53:50Z,2023-09-19T09:52:50Z,PranshuSrivastava,https://github.com/keploy/keploy/pull/827
847,keploy,fix: update the exit loggs to ignore unwanted errors,merged,2023-09-19T08:37:55Z,2023-09-19T11:32:43Z,re-Tick,https://github.com/keploy/keploy/pull/847
849,keploy,fix: updates the read deadline for generic/postgres in test,merged,2023-09-19T11:42:20Z,2023-09-19T12:00:22Z,re-Tick,https://github.com/keploy/keploy/pull/849
850,keploy,docs: change messaging on readme and add wsl pre-requisite,merged,2023-09-19T12:33:12Z,2023-09-19T12:34:00Z,nehagup,https://github.com/keploy/keploy/pull/850
211,docs,docs: change intro page keploy and it's features,merged,2023-09-19T16:49:46Z,2023-09-19T16:50:32Z,nehagup,https://github.com/keploy/docs/pull/211
214,docs,docs: change why keploy and FAQ page,merged,2023-09-20T10:26:46Z,2023-09-20T10:27:18Z,nehagup,https://github.com/keploy/docs/pull/214
213,docs,Added Dev Guide,merged,2023-09-20T10:19:12Z,2023-09-20T12:41:13Z,tomargovind,https://github.com/keploy/docs/pull/213
210,docs,fix: change arm to amd in linux and windows installation,merged,2023-09-19T13:51:29Z,2023-09-20T12:42:28Z,officialasishkumar,https://github.com/keploy/docs/pull/210
209,docs,811 navigation not working in docs website,merged,2023-09-19T10:27:43Z,2023-09-20T12:42:44Z,AkashKumar7902,https://github.com/keploy/docs/pull/209
215,docs,chore: change sidebars and navbar,merged,2023-09-20T13:27:36Z,2023-09-20T13:27:42Z,nehagup,https://github.com/keploy/docs/pull/215
854,keploy,fix: updates the message length for ingress calls,merged,2023-09-20T12:50:00Z,2023-09-21T02:31:28Z,re-Tick,https://github.com/keploy/keploy/pull/854
212,docs,feat: added wsl installation methods and fixed the docs,merged,2023-09-20T06:29:28Z,2023-09-21T07:29:07Z,Sonichigo,https://github.com/keploy/docs/pull/212
218,docs,feat: add chat-live,merged,2023-09-21T09:49:24Z,2023-09-21T09:49:30Z,nehagup,https://github.com/keploy/docs/pull/218
71,samples-go,feat: updated echo-sql & mux-sql for v2,merged,2023-09-21T09:10:02Z,2023-09-21T12:13:16Z,Sonichigo,https://github.com/keploy/samples-go/pull/71
216,docs,fix: docs title and description changed,merged,2023-09-21T06:02:56Z,2023-09-21T15:55:42Z,Shashwat79802,https://github.com/keploy/docs/pull/216
865,keploy,fix: Checking for parent distro in case of failure,merged,2023-09-22T11:28:06Z,2023-09-22T14:17:33Z,PranshuSrivastava,https://github.com/keploy/keploy/pull/865
217,docs,feat: added new sample-apps documentation/guide,merged,2023-09-21T09:23:17Z,2023-09-22T15:51:55Z,Sonichigo,https://github.com/keploy/docs/pull/217
219,docs,fix: fixed dev-guide,merged,2023-09-21T13:44:50Z,2023-09-22T16:02:03Z,tomargovind,https://github.com/keploy/docs/pull/219
862,keploy,feat: add support for connection:keep-alive,merged,2023-09-21T16:52:47Z,2023-09-24T09:36:31Z,gouravkrosx,https://github.com/keploy/keploy/pull/862
868,keploy,fix: updated the ca store update mechanism,merged,2023-09-23T16:50:31Z,2023-09-25T07:04:55Z,PranshuSrivastava,https://github.com/keploy/keploy/pull/868
860,keploy,update: generating new arm file,merged,2023-09-21T09:37:20Z,2023-09-25T12:55:55Z,shivamsouravjha,https://github.com/keploy/keploy/pull/860
876,keploy,docs: remove docker network flag,merged,2023-09-25T13:19:47Z,2023-09-25T13:26:09Z,nehagup,https://github.com/keploy/keploy/pull/876
197,go-sdk,fix: kill process with SIGTERM,merged,2023-09-25T20:29:43Z,2023-09-26T07:11:49Z,charankamarapu,https://github.com/keploy/go-sdk/pull/197
879,keploy,fix: catch signal and exit gracefully,merged,2023-09-25T20:34:04Z,2023-09-26T07:12:13Z,charankamarapu,https://github.com/keploy/keploy/pull/879
866,keploy,fix: log errors and stop user app,merged,2023-09-22T13:38:10Z,2023-09-26T11:11:00Z,charankamarapu,https://github.com/keploy/keploy/pull/866
890,keploy,fix: empty testname when capturing the testcase,merged,2023-09-26T15:13:57Z,2023-09-26T15:51:04Z,AkashKumar7902,https://github.com/keploy/keploy/pull/890
883,keploy,fix: writing ca certificate to temp file,merged,2023-09-26T07:11:25Z,2023-09-26T15:58:49Z,shivamsouravjha,https://github.com/keploy/keploy/pull/883
852,keploy,fix: run application as user not sudo,merged,2023-09-19T19:42:21Z,2023-09-26T16:46:30Z,charankamarapu,https://github.com/keploy/keploy/pull/852
72,samples-go,fix(docs): Update the test command in sample gin-mongo application documentation,merged,2023-09-26T17:49:10Z,2023-09-26T17:59:46Z,SamantaTarun,https://github.com/keploy/samples-go/pull/72
196,go-sdk,feat: add support for go test to run keploy tests,merged,2023-09-25T08:03:56Z,2023-09-27T10:29:21Z,re-Tick,https://github.com/keploy/go-sdk/pull/196
904,keploy,fix: stop keploy while test,merged,2023-09-27T12:40:45Z,2023-09-27T12:44:56Z,charankamarapu,https://github.com/keploy/keploy/pull/904
22,samples-typescript,feat: updated bun-mongoose readme && added new sample-app,merged,2023-09-27T10:15:38Z,2023-09-27T17:33:57Z,Sonichigo,https://github.com/keploy/samples-typescript/pull/22
222,docs,docs: update the test command,merged,2023-09-27T13:22:32Z,2023-09-27T17:36:04Z,AkashKumar7902,https://github.com/keploy/docs/pull/222
902,keploy,update:header set for outoging http call,merged,2023-09-27T11:25:38Z,2023-09-27T18:00:25Z,shivamsouravjha,https://github.com/keploy/keploy/pull/902
4,samples-python,feat: adding django-postgres sample application,merged,2023-09-27T21:40:26Z,2023-09-28T03:10:55Z,Shashwat79802,https://github.com/keploy/samples-python/pull/4
907,keploy,Implement stopper in service layer,merged,2023-09-27T20:41:12Z,2023-09-28T07:28:49Z,charankamarapu,https://github.com/keploy/keploy/pull/907
73,samples-go,update: modify dependencies from v1 to v2,merged,2023-09-28T07:18:16Z,2023-09-28T07:56:58Z,shivamsouravjha,https://github.com/keploy/samples-go/pull/73
156,java-sdk,fix: keploy fails to stop when tests end,merged,2023-09-28T11:25:55Z,2023-09-28T11:28:40Z,gouravkrosx,https://github.com/keploy/java-sdk/pull/156
874,keploy,stop and remove docker container,merged,2023-09-25T12:47:27Z,2023-09-28T11:38:15Z,tomargovind,https://github.com/keploy/keploy/pull/874
225,docs,docs: add arm section in linux installation,merged,2023-09-28T09:15:12Z,2023-09-28T16:36:05Z,AkashKumar7902,https://github.com/keploy/docs/pull/225
920,keploy,feat: updated vaunt badges for community rewards,merged,2023-09-28T10:51:44Z,2023-09-28T16:36:12Z,Sonichigo,https://github.com/keploy/keploy/pull/920
224,docs,feat: added bun-mongo and express-mongo,merged,2023-09-28T07:56:05Z,2023-09-28T16:40:34Z,Sonichigo,https://github.com/keploy/docs/pull/224
23,samples-typescript,feat: express-mongoose app added,merged,2023-09-28T07:42:18Z,2023-09-28T16:47:16Z,Sonichigo,https://github.com/keploy/samples-typescript/pull/23
227,docs,feat: added hacktoberfest section,merged,2023-09-29T02:32:49Z,2023-09-29T04:17:28Z,Sonichigo,https://github.com/keploy/docs/pull/227
928,keploy,fix: yaml error and condition typo in vaunt.config,merged,2023-09-29T21:01:05Z,2023-09-30T04:14:11Z,jeff1010322,https://github.com/keploy/keploy/pull/928
919,keploy,fix: adds delay for the second test-set in serve cmd,merged,2023-09-28T10:44:12Z,2023-09-30T20:12:13Z,re-Tick,https://github.com/keploy/keploy/pull/919
1,pgproto3,Postgres readable,merged,2023-10-02T14:15:48Z,2023-10-02T14:16:29Z,Sarthak160,https://github.com/keploy/pgproto3/pull/1
929,keploy,feat: add curl command in yaml,merged,2023-09-30T09:28:26Z,2023-10-03T19:16:51Z,AkashKumar7902,https://github.com/keploy/keploy/pull/929
943,keploy,fix: wrong test-case-path in report file,merged,2023-10-03T19:06:03Z,2023-10-04T07:00:21Z,AkashKumar7902,https://github.com/keploy/keploy/pull/943
945,keploy,removed --rm flag from record and test cmd,merged,2023-10-04T06:05:21Z,2023-10-04T07:18:11Z,tomargovind,https://github.com/keploy/keploy/pull/945
944,keploy,fix: remove stopper from hooks,merged,2023-10-03T19:07:41Z,2023-10-04T07:46:59Z,charankamarapu,https://github.com/keploy/keploy/pull/944
953,keploy,fix: remove channel from stopper,merged,2023-10-04T09:51:18Z,2023-10-04T09:54:25Z,charankamarapu,https://github.com/keploy/keploy/pull/953
226,docs,added contribution guidelines as a seperate page,merged,2023-09-29T02:29:43Z,2023-10-04T15:35:01Z,sambhavgupta0705,https://github.com/keploy/docs/pull/226
228,docs,docs: replace image with local image links,merged,2023-09-29T10:19:21Z,2023-10-04T15:35:29Z,AkashKumar7902,https://github.com/keploy/docs/pull/228
951,keploy,feat: readable mocks,merged,2023-10-04T07:59:48Z,2023-10-05T09:46:12Z,shivamsouravjha,https://github.com/keploy/keploy/pull/951
949,keploy,fix: vaunt workflow not getting triggered,merged,2023-10-04T07:26:24Z,2023-10-05T18:29:18Z,Sonichigo,https://github.com/keploy/keploy/pull/949
230,docs,restructure sample gin-mongo app,merged,2023-10-05T20:23:03Z,2023-10-05T20:24:01Z,nehagup,https://github.com/keploy/docs/pull/230
903,keploy,feat: option to name test cases,merged,2023-09-27T11:36:41Z,2023-10-06T09:06:19Z,AkashKumar7902,https://github.com/keploy/keploy/pull/903
234,docs,ci: add docs subdirectory to the s3 folder,merged,2023-10-06T13:07:22Z,2023-10-06T13:07:31Z,slayerjain,https://github.com/keploy/docs/pull/234
963,keploy,fix the channels communication between go routine in starting app via docker,merged,2023-10-05T19:48:33Z,2023-10-07T19:17:59Z,charankamarapu,https://github.com/keploy/keploy/pull/963
24,samples-typescript,fix(docs): updated README of express-mongoose,merged,2023-10-07T20:15:46Z,2023-10-07T20:30:11Z,PranshuSrivastava,https://github.com/keploy/samples-typescript/pull/24
891,keploy,refactor: removed commented code,merged,2023-09-26T17:51:24Z,2023-10-08T06:54:02Z,yashSingh97,https://github.com/keploy/keploy/pull/891
961,keploy,fix: empty curl field in mock yaml,merged,2023-10-05T17:50:39Z,2023-10-08T07:00:55Z,AkashKumar7902,https://github.com/keploy/keploy/pull/961
971,keploy,Update README.md,merged,2023-10-06T09:57:49Z,2023-10-09T10:53:44Z,Krishnakalani111,https://github.com/keploy/keploy/pull/971
931,keploy,fix: https mock for node v18.x.x not generating,merged,2023-09-30T21:06:54Z,2023-10-09T11:05:17Z,gouravkrosx,https://github.com/keploy/keploy/pull/931
985,keploy,Remove self-hosted GitHub actions,merged,2023-10-09T12:29:37Z,2023-10-09T12:53:30Z,charankamarapu,https://github.com/keploy/keploy/pull/985
229,docs,dev-guide changes DONE,merged,2023-10-05T10:02:55Z,2023-10-10T05:41:34Z,Jaideep1702,https://github.com/keploy/docs/pull/229
238,docs,removed --rm flag for record and test cmd,merged,2023-10-07T11:52:30Z,2023-10-10T05:42:06Z,swatichauhan814,https://github.com/keploy/docs/pull/238
975,keploy,fix: docker network injection not working properly,merged,2023-10-06T13:52:04Z,2023-10-10T06:19:12Z,gouravkrosx,https://github.com/keploy/keploy/pull/975
956,keploy,feat: support for running a given test-sets,merged,2023-10-04T16:47:36Z,2023-10-10T06:29:56Z,AkashKumar7902,https://github.com/keploy/keploy/pull/956
77,samples-go,removed --rm flag from the record and test-mode in the samples-go,merged,2023-10-10T13:06:03Z,2023-10-10T14:57:32Z,VividhPandey003,https://github.com/keploy/samples-go/pull/77
237,docs,fix: broken link,merged,2023-10-07T11:04:56Z,2023-10-10T18:10:28Z,AkashKumar7902,https://github.com/keploy/docs/pull/237
988,keploy,Fix: check build for arm architecture,merged,2023-10-09T15:58:19Z,2023-10-12T07:11:42Z,AkashKumar7902,https://github.com/keploy/keploy/pull/988
935,keploy,feat: Added support for sentry and improved the logging,merged,2023-10-02T18:34:07Z,2023-10-12T10:54:28Z,PranshuSrivastava,https://github.com/keploy/keploy/pull/935
241,docs,(fix):Typo in Sample node.js Application setup,merged,2023-10-11T14:36:21Z,2023-10-12T11:22:38Z,Arindam200,https://github.com/keploy/docs/pull/241
995,keploy,feat:one touch install,merged,2023-10-10T17:03:00Z,2023-10-14T08:20:00Z,shivamsouravjha,https://github.com/keploy/keploy/pull/995
240,docs,(fix):Update Folder Path in Setup application,merged,2023-10-11T14:01:32Z,2023-10-14T08:26:07Z,Arindam200,https://github.com/keploy/docs/pull/240
1007,keploy,update:download link,merged,2023-10-14T08:26:42Z,2023-10-14T08:30:49Z,shivamsouravjha,https://github.com/keploy/keploy/pull/1007
1008,keploy,Shivam/linkfix,merged,2023-10-14T10:37:53Z,2023-10-14T10:43:09Z,shivamsouravjha,https://github.com/keploy/keploy/pull/1008
1010,keploy,update: ending if quotes,merged,2023-10-14T10:52:37Z,2023-10-14T10:54:07Z,shivamsouravjha,https://github.com/keploy/keploy/pull/1010
1011,keploy,fix: docker installation for macos in installation script,merged,2023-10-14T11:54:58Z,2023-10-14T11:57:27Z,gouravkrosx,https://github.com/keploy/keploy/pull/1011
242,docs,docs: add docs for renaming testcase feature,merged,2023-10-11T17:24:35Z,2023-10-14T13:13:58Z,AkashKumar7902,https://github.com/keploy/docs/pull/242
1020,keploy,fix: add userApplication error logs,merged,2023-10-16T17:05:44Z,2023-10-16T18:03:16Z,charankamarapu,https://github.com/keploy/keploy/pull/1020
1006,keploy,added port proxy as a flag,merged,2023-10-13T13:42:00Z,2023-10-16T18:32:19Z,EraKin575,https://github.com/keploy/keploy/pull/1006
983,keploy,fix: header diffs sometimes misses keys,merged,2023-10-07T15:08:21Z,2023-10-17T05:38:25Z,AkashKumar7902,https://github.com/keploy/keploy/pull/983
1022,keploy,fixed matching algorithm,merged,2023-10-17T07:58:20Z,2023-10-17T08:25:23Z,EraKin575,https://github.com/keploy/keploy/pull/1022
954,keploy,feat: add link to test-reports and test summary,merged,2023-10-04T11:11:44Z,2023-10-17T19:56:35Z,AkashKumar7902,https://github.com/keploy/keploy/pull/954
239,docs,feat: updated docs of mux-sql,merged,2023-10-09T07:09:15Z,2023-10-17T22:56:25Z,Sonichigo,https://github.com/keploy/docs/pull/239
993,keploy,Adding spanish readme,merged,2023-10-10T15:55:22Z,2023-10-17T23:05:52Z,AJSanchez8,https://github.com/keploy/keploy/pull/993
1015,keploy,Update README.md,merged,2023-10-15T14:14:49Z,2023-10-18T06:15:50Z,fahurox,https://github.com/keploy/keploy/pull/1015
1018,keploy,feat: add support for readable mocks for postgres,merged,2023-10-16T06:51:25Z,2023-10-18T11:54:10Z,Sarthak160,https://github.com/keploy/keploy/pull/1018
1030,keploy,Add version in binary and docker,merged,2023-10-19T06:22:12Z,2023-10-19T09:14:23Z,charankamarapu,https://github.com/keploy/keploy/pull/1030
5,samples-python,fix: removed the docker part from readme,merged,2023-10-16T13:32:46Z,2023-10-19T17:50:02Z,Shashwat79802,https://github.com/keploy/samples-python/pull/5
1023,keploy,added timestamp support for test mode,merged,2023-10-17T10:11:29Z,2023-10-23T11:05:45Z,tomargovind,https://github.com/keploy/keploy/pull/1023
7,samples-python,feat: adding new sample app for python,merged,2023-10-19T20:47:37Z,2023-10-24T02:27:45Z,Shashwat79802,https://github.com/keploy/samples-python/pull/7
1035,keploy,removed repititve function definitions,merged,2023-10-20T16:03:32Z,2023-10-24T08:47:00Z,EraKin575,https://github.com/keploy/keploy/pull/1035
78,samples-go,feat: updated main readme and user-profile readme,merged,2023-10-16T07:01:32Z,2023-10-25T05:38:45Z,Sonichigo,https://github.com/keploy/samples-go/pull/78
26,samples-typescript,feat: updated masted readme,merged,2023-10-25T06:36:20Z,2023-10-25T08:01:08Z,Sonichigo,https://github.com/keploy/samples-typescript/pull/26
236,docs,Fixes faulty URLs,merged,2023-10-07T06:15:59Z,2023-10-25T08:54:01Z,jailbreakerVC,https://github.com/keploy/docs/pull/236
998,keploy,feat: logger with different color for each level,merged,2023-10-11T17:38:17Z,2023-10-25T09:00:11Z,AkashKumar7902,https://github.com/keploy/keploy/pull/998
220,docs,feat: added samples-django documentation,merged,2023-09-25T14:26:08Z,2023-10-25T09:43:25Z,Shashwat79802,https://github.com/keploy/docs/pull/220
982,keploy,feat: create a keploy config file,merged,2023-10-07T10:52:42Z,2023-10-26T06:05:20Z,AkashKumar7902,https://github.com/keploy/keploy/pull/982
246,docs,fix: broken images links fixed in sample-mux app,merged,2023-10-26T06:35:51Z,2023-10-26T17:29:08Z,Sonichigo,https://github.com/keploy/docs/pull/246
3,awesome-testing,feat: adding awesome testing tools,merged,2023-10-26T19:22:19Z,2023-10-27T04:54:52Z,Shashwat79802,https://github.com/keploy/awesome-testing/pull/3
6,samples-python,fix: master readme updated.,merged,2023-10-18T06:03:03Z,2023-10-28T02:18:44Z,Shashwat79802,https://github.com/keploy/samples-python/pull/6
244,docs,[docs]: Fixed typo in generate keploy binary command,merged,2023-10-19T10:49:39Z,2023-10-29T08:49:06Z,Praashh,https://github.com/keploy/docs/pull/244
1025,keploy,feat: mySql parser with record and test functionality,merged,2023-10-17T19:12:00Z,2023-10-30T09:52:34Z,Hermione2408,https://github.com/keploy/keploy/pull/1025
92,typescript-sdk,feat: adding v2 for TS sdk,merged,2023-09-06T12:13:00Z,2023-10-30T10:58:01Z,shivamsouravjha,https://github.com/keploy/typescript-sdk/pull/92
1050,keploy,fix: Removed unneccessary logs and updated the version for sentry,merged,2023-10-30T08:58:55Z,2023-10-31T07:42:18Z,PranshuSrivastava,https://github.com/keploy/keploy/pull/1050
80,samples-go,add:redis sample app,merged,2023-10-30T07:39:17Z,2023-10-31T12:55:47Z,shivamsouravjha,https://github.com/keploy/samples-go/pull/80
991,keploy,fix: https mock not generating in docker,merged,2023-10-10T11:13:17Z,2023-10-31T17:53:10Z,gouravkrosx,https://github.com/keploy/keploy/pull/991
93,typescript-sdk,update:binary,merged,2023-10-31T08:05:16Z,2023-11-01T06:44:26Z,shivamsouravjha,https://github.com/keploy/typescript-sdk/pull/93
248,docs,add:one click install,merged,2023-10-30T10:35:56Z,2023-11-01T11:09:59Z,shivamsouravjha,https://github.com/keploy/docs/pull/248
1053,keploy,add:one click install example,merged,2023-11-01T09:41:27Z,2023-11-01T13:09:03Z,shivamsouravjha,https://github.com/keploy/keploy/pull/1053
1058,keploy,fix: updates the decode function for OpMsg section,merged,2023-11-02T06:33:24Z,2023-11-02T08:20:57Z,re-Tick,https://github.com/keploy/keploy/pull/1058
1060,keploy,ci: update cosign in docker ci,merged,2023-11-02T10:56:36Z,2023-11-02T10:56:58Z,slayerjain,https://github.com/keploy/keploy/pull/1060
1061,keploy,ci: disable interactive prompt in cosign,merged,2023-11-02T11:11:41Z,2023-11-02T11:12:17Z,slayerjain,https://github.com/keploy/keploy/pull/1061
2,pgproto3,feat: make unreadable data base64 in datarow,merged,2023-11-02T10:22:37Z,2023-11-02T11:50:10Z,Sarthak160,https://github.com/keploy/pgproto3/pull/2
1047,keploy,refactor: save encoded string in case of large buffer data incompatible to decode,merged,2023-10-30T06:32:45Z,2023-11-02T11:58:05Z,Sarthak160,https://github.com/keploy/keploy/pull/1047
1014,keploy,Modified Installation guide link in the readme,merged,2023-10-14T20:51:51Z,2023-11-02T13:52:27Z,Adi9235,https://github.com/keploy/keploy/pull/1014
1063,keploy,fix: i/o timeout while reading http response,merged,2023-11-02T19:12:53Z,2023-11-03T05:43:49Z,gouravkrosx,https://github.com/keploy/keploy/pull/1063
198,go-sdk,fix: updates the path to keploy binary in serve cmd,merged,2023-11-03T07:39:42Z,2023-11-03T07:40:05Z,re-Tick,https://github.com/keploy/go-sdk/pull/198
1067,keploy,fix: api request time for mock filtering,merged,2023-11-03T09:31:54Z,2023-11-03T11:09:15Z,gouravkrosx,https://github.com/keploy/keploy/pull/1067
1072,keploy,refactor: upgrade pg-version in ps packet for django-client compatibi…,merged,2023-11-04T13:25:49Z,2023-11-04T13:27:16Z,Sarthak160,https://github.com/keploy/keploy/pull/1072
94,typescript-sdk,refactor:start and stop user application,merged,2023-11-04T11:17:07Z,2023-11-04T14:08:05Z,shivamsouravjha,https://github.com/keploy/typescript-sdk/pull/94
1071,keploy,update:serve with app command,merged,2023-11-04T12:36:17Z,2023-11-04T14:27:28Z,shivamsouravjha,https://github.com/keploy/keploy/pull/1071
1073,keploy,added flag for req timestamp,merged,2023-11-04T14:46:27Z,2023-11-04T15:12:12Z,tomargovind,https://github.com/keploy/keploy/pull/1073
1075,keploy,fix: adds the ismaster query call of mongo in the config calls to resolve conflct in matching,merged,2023-11-05T07:18:29Z,2023-11-05T07:40:37Z,re-Tick,https://github.com/keploy/keploy/pull/1075
1077,keploy,remove: unused flag of one click install,merged,2023-11-05T17:09:53Z,2023-11-05T18:10:13Z,shivamsouravjha,https://github.com/keploy/keploy/pull/1077
251,docs,refactor:one click install update,merged,2023-11-01T12:40:59Z,2023-11-07T04:54:58Z,shivamsouravjha,https://github.com/keploy/docs/pull/251
247,docs,fix: mux-sql docs typo,merged,2023-10-30T05:52:42Z,2023-11-07T06:09:54Z,Sonichigo,https://github.com/keploy/docs/pull/247
1089,keploy,feat: add support for SCRAM authentication in mongo/DocumentDB,merged,2023-11-07T08:50:34Z,2023-11-07T09:22:41Z,re-Tick,https://github.com/keploy/keploy/pull/1089
252,docs,feat: adding gin-redis sample app documentation,merged,2023-11-02T17:36:00Z,2023-11-08T07:56:03Z,Shashwat79802,https://github.com/keploy/docs/pull/252
254,docs,feat: added more sample-apps to the app list in sidebar,merged,2023-11-08T08:06:44Z,2023-11-08T08:12:24Z,Sonichigo,https://github.com/keploy/docs/pull/254
253,docs,fix: updated the django-postgres docs,merged,2023-11-05T10:19:48Z,2023-11-09T05:36:52Z,Shashwat79802,https://github.com/keploy/docs/pull/253
1093,keploy,fix: adds a check before accessing the buffer index,merged,2023-11-07T12:33:50Z,2023-11-09T05:46:55Z,re-Tick,https://github.com/keploy/keploy/pull/1093
1102,keploy,fix: updates the auth calls to config for mongo,merged,2023-11-10T06:09:47Z,2023-11-10T06:44:01Z,re-Tick,https://github.com/keploy/keploy/pull/1102
1066,keploy,added automatic portChange feature if current port is busy,merged,2023-11-03T08:51:59Z,2023-11-10T10:33:25Z,EraKin575,https://github.com/keploy/keploy/pull/1066
1024,keploy,feat: add generate-config command and add support for adding noisy field (global and local) in config file,merged,2023-10-17T16:57:55Z,2023-11-10T18:30:20Z,AkashKumar7902,https://github.com/keploy/keploy/pull/1024
1106,keploy,refactor: remove keploy-v2 binary file,merged,2023-11-11T09:06:19Z,2023-11-11T10:06:15Z,Sarthak160,https://github.com/keploy/keploy/pull/1106
1111,keploy,fix: tls connection in python,merged,2023-11-14T07:57:08Z,2023-11-14T08:13:13Z,gouravkrosx,https://github.com/keploy/keploy/pull/1111
1078,keploy,refactor: Refactored the code to make it more modular,merged,2023-11-05T22:41:22Z,2023-11-14T08:52:05Z,PranshuSrivastava,https://github.com/keploy/keploy/pull/1078
1110,keploy,fix:  test cases not running,merged,2023-11-14T04:49:57Z,2023-11-14T17:14:16Z,AkashKumar7902,https://github.com/keploy/keploy/pull/1110
1112,keploy,style: removed incorrect log,merged,2023-11-14T14:11:55Z,2023-11-14T23:26:17Z,PranshuSrivastava,https://github.com/keploy/keploy/pull/1112
250,docs,feat: added fastapi-postgres docs,merged,2023-11-01T09:50:21Z,2023-11-16T03:39:36Z,Shashwat79802,https://github.com/keploy/docs/pull/250
256,docs,fix: app executions commands fixed,merged,2023-11-10T13:20:24Z,2023-11-16T05:48:18Z,Shashwat79802,https://github.com/keploy/docs/pull/256
8,samples-python,feat: adding new python sample app,merged,2023-11-14T10:03:16Z,2023-11-16T06:40:17Z,Shashwat79802,https://github.com/keploy/samples-python/pull/8
199,go-sdk,Remove unwanted unit test,merged,2023-11-16T08:20:47Z,2023-11-16T08:45:43Z,charankamarapu,https://github.com/keploy/go-sdk/pull/199
258,docs,feat: added docs of fastapi-twilio and flask-mongo sample application,merged,2023-11-16T07:45:17Z,2023-11-17T05:29:23Z,Shashwat79802,https://github.com/keploy/docs/pull/258
259,docs,chore: hacktoberfest banners removed,merged,2023-11-17T08:51:48Z,2023-11-18T02:51:15Z,Shashwat79802,https://github.com/keploy/docs/pull/259
81,samples-go,Create go-fibre and s3 app,merged,2023-11-12T15:18:13Z,2023-11-20T05:32:21Z,rohitkbc,https://github.com/keploy/samples-go/pull/81
27,samples-typescript,feat:jest support,merged,2023-11-04T12:52:34Z,2023-11-20T07:53:57Z,shivamsouravjha,https://github.com/keploy/samples-typescript/pull/27
1115,keploy,Adding option to configure recording of test cases,merged,2023-11-20T18:08:26Z,2023-11-21T12:11:36Z,Hermione2408,https://github.com/keploy/keploy/pull/1115
261,docs,fix: shortened the app names and group frameworks in sidebar,merged,2023-11-20T12:02:20Z,2023-11-21T15:02:08Z,Shashwat79802,https://github.com/keploy/docs/pull/261
1117,keploy,fix(cmd): disable cobra default completion cmd,merged,2023-11-20T19:50:24Z,2023-11-23T18:53:50Z,dreamjz,https://github.com/keploy/keploy/pull/1117
1122,keploy,solved halting execution due to keploy config error,merged,2023-11-23T05:34:22Z,2023-11-23T19:16:55Z,EraKin575,https://github.com/keploy/keploy/pull/1122
1119,keploy,fix: removed noise logic,merged,2023-11-22T10:30:35Z,2023-11-24T09:00:23Z,AkashKumar7902,https://github.com/keploy/keploy/pull/1119
1128,keploy,fix: fail to replace url host to containerIp on test-mode,merged,2023-11-24T12:47:44Z,2023-11-25T08:00:31Z,Sarthak160,https://github.com/keploy/keploy/pull/1128
1131,keploy,fix: remove timeout from chunking,merged,2023-11-25T07:02:52Z,2023-11-25T08:00:49Z,charankamarapu,https://github.com/keploy/keploy/pull/1131
262,docs,chore: adding examples of flags,merged,2023-11-25T09:14:15Z,2023-11-25T15:52:04Z,Shashwat79802,https://github.com/keploy/docs/pull/262
257,docs,docs: config file,merged,2023-11-11T08:35:00Z,2023-11-27T09:19:58Z,AkashKumar7902,https://github.com/keploy/docs/pull/257
1130,keploy,fix: sets the auth password for mongo to handle scram authentication,merged,2023-11-24T20:44:22Z,2023-11-28T06:26:01Z,re-Tick,https://github.com/keploy/keploy/pull/1130
1138,keploy,feat: add support to filter some ports from intercepting,merged,2023-11-27T10:05:11Z,2023-11-28T06:37:40Z,gouravkrosx,https://github.com/keploy/keploy/pull/1138
265,docs,docs: sidebar updated,merged,2023-11-28T07:50:05Z,2023-11-28T08:21:37Z,Shashwat79802,https://github.com/keploy/docs/pull/265
1141,keploy,refactor: error handling when running keploy serve,merged,2023-11-28T10:42:06Z,2023-11-28T10:51:18Z,gouravkrosx,https://github.com/keploy/keploy/pull/1141
2,writers-program,feat: adding the website,merged,2023-11-27T07:09:52Z,2023-11-28T11:19:48Z,Shashwat79802,https://github.com/keploy/writers-program/pull/2
245,docs,docs: add pull flag to macos installation,merged,2023-10-22T07:42:37Z,2023-11-28T11:40:12Z,0xVikasRushi,https://github.com/keploy/docs/pull/245
54,samples-java,Update build.yml,merged,2023-11-29T06:34:45Z,2023-11-29T08:33:29Z,Sonichigo,https://github.com/keploy/samples-java/pull/54
263,docs,Fix: Typo in command for capturing test cases in sample bun.js documentation,merged,2023-11-27T09:44:46Z,2023-11-29T08:52:45Z,OlibhiaGhosh,https://github.com/keploy/docs/pull/263
51,samples-java,feat: integration with keployV2,merged,2023-11-01T11:12:15Z,2023-11-29T11:14:18Z,Sonichigo,https://github.com/keploy/samples-java/pull/51
264,docs,docs: added definition for Deduplication Algorithm,merged,2023-11-27T10:47:59Z,2023-11-29T11:45:10Z,aarishshahmohsin,https://github.com/keploy/docs/pull/264
3,writers-program,"feat: added github workflows for build checks, deployment and more",merged,2023-11-29T12:51:50Z,2023-11-29T12:59:09Z,Shashwat79802,https://github.com/keploy/writers-program/pull/3
267,docs,Added the filter usage in docs,merged,2023-11-29T19:46:31Z,2023-11-30T02:26:03Z,Hermione2408,https://github.com/keploy/docs/pull/267
1146,keploy,fix: config perm,merged,2023-11-29T10:10:59Z,2023-11-30T06:39:19Z,AkashKumar7902,https://github.com/keploy/keploy/pull/1146
1155,keploy,fix: fixes the mongo decode section to extract the string,merged,2023-11-30T11:30:24Z,2023-11-30T11:34:58Z,re-Tick,https://github.com/keploy/keploy/pull/1155
1147,keploy,fix: added timeout on colima status check,merged,2023-11-29T12:45:50Z,2023-11-30T12:12:42Z,officialasishkumar,https://github.com/keploy/keploy/pull/1147
1132,keploy,feature: added catalogue for installation method,merged,2023-11-25T07:22:43Z,2023-11-30T12:16:31Z,officialasishkumar,https://github.com/keploy/keploy/pull/1132
1157,keploy,docs: change flow of readme,merged,2023-11-30T13:45:53Z,2023-11-30T13:49:52Z,nehagup,https://github.com/keploy/keploy/pull/1157
1151,keploy,refactor: made telemetry events async,merged,2023-11-29T19:21:52Z,2023-12-01T06:13:45Z,gouravkrosx,https://github.com/keploy/keploy/pull/1151
1162,keploy,"Revert ""feature: added catalogue for installation method""",merged,2023-12-01T11:17:28Z,2023-12-01T11:20:38Z,shivamsouravjha,https://github.com/keploy/keploy/pull/1162
1163,keploy,fix: payload issue for data row packet in postgres,merged,2023-12-01T11:30:20Z,2023-12-01T11:37:44Z,Sarthak160,https://github.com/keploy/keploy/pull/1163
1164,keploy,fix: removed for loop to avoid error,merged,2023-12-01T11:42:10Z,2023-12-01T11:57:19Z,AkashKumar7902,https://github.com/keploy/keploy/pull/1164
269,docs,fix: updated documentation for keploy-config file,merged,2023-12-01T11:51:41Z,2023-12-01T11:57:23Z,Shashwat79802,https://github.com/keploy/docs/pull/269
57,samples-java,update(employee-manager): keploy generated tests & mocks,merged,2023-12-04T09:40:49Z,2023-12-04T09:44:47Z,gouravkrosx,https://github.com/keploy/samples-java/pull/57
56,samples-java,feat: adding new spring-boot mongodb sample app,merged,2023-11-30T09:26:53Z,2023-12-04T09:45:37Z,Shashwat79802,https://github.com/keploy/samples-java/pull/56
4,writers-program,fix: updated the form link to submit blog draft,merged,2023-12-04T10:06:24Z,2023-12-04T15:50:20Z,Shashwat79802,https://github.com/keploy/writers-program/pull/4
84,samples-go,Updated Readme of echo-sql,merged,2023-12-02T13:04:28Z,2023-12-05T05:53:21Z,aswinbennyofficial,https://github.com/keploy/samples-go/pull/84
1159,keploy,Add filter when generating keploy-config,merged,2023-11-30T18:58:11Z,2023-12-05T05:57:56Z,Hermione2408,https://github.com/keploy/keploy/pull/1159
273,docs,fix: fixed typo in samples-bunjs,merged,2023-12-04T06:36:54Z,2023-12-05T06:06:53Z,officialasishkumar,https://github.com/keploy/docs/pull/273
55,samples-java,feat: add user-manager application which use springboot+mongodb,merged,2023-11-29T17:11:27Z,2023-12-05T06:10:33Z,IllTamer,https://github.com/keploy/samples-java/pull/55
1156,keploy,fix: updates the log for EOF error in generic to Debug level,merged,2023-11-30T12:39:38Z,2023-12-05T06:14:49Z,re-Tick,https://github.com/keploy/keploy/pull/1156
1171,keploy,feat: capture the code coverage of the go binaries in test,merged,2023-12-05T09:40:52Z,2023-12-05T09:56:16Z,re-Tick,https://github.com/keploy/keploy/pull/1171
5,writers-program,feat: added the writing instruction to the writing guidelines.,merged,2023-12-05T13:47:46Z,2023-12-05T15:21:44Z,Shashwat79802,https://github.com/keploy/writers-program/pull/5
160,java-sdk,feat: register mysql.jdbc.Driver class with Kdriver,merged,2023-12-06T05:46:48Z,2023-12-06T05:48:54Z,Sarthak160,https://github.com/keploy/java-sdk/pull/160
161,java-sdk,feat: add hibernate dialects for mysql if user has not set by default,merged,2023-12-06T05:59:14Z,2023-12-06T06:00:20Z,Sarthak160,https://github.com/keploy/java-sdk/pull/161
58,samples-java,feat: added new samples app called spring-petclinic,merged,2023-12-06T07:19:47Z,2023-12-06T11:25:53Z,PranshuSrivastava,https://github.com/keploy/samples-java/pull/58
1176,keploy,feat: Add ci tests to validate PR changes,merged,2023-12-05T12:59:09Z,2023-12-06T18:00:14Z,PranshuSrivastava,https://github.com/keploy/keploy/pull/1176
279,docs,Minor changes in Doc,merged,2023-12-06T20:21:10Z,2023-12-07T01:59:20Z,Hermione2408,https://github.com/keploy/docs/pull/279
274,docs,Added documentation for the `example` command,merged,2023-12-04T14:40:09Z,2023-12-07T05:02:45Z,jaimin001,https://github.com/keploy/docs/pull/274
28,samples-typescript,fix: express-mongoose readme with docker-compose up,merged,2023-12-06T09:15:14Z,2023-12-07T05:06:14Z,Sonichigo,https://github.com/keploy/samples-typescript/pull/28
200,go-sdk,feat: adds integration for the go-test coverage,merged,2023-12-08T07:15:25Z,2023-12-08T07:16:43Z,re-Tick,https://github.com/keploy/go-sdk/pull/200
159,java-sdk,refactor: Add new methods according to new approach of keploy serve,merged,2023-11-28T09:43:26Z,2023-12-08T08:22:54Z,gouravkrosx,https://github.com/keploy/java-sdk/pull/159
1165,keploy,Fix #915: add support for running particular test,merged,2023-12-01T18:32:12Z,2023-12-09T14:49:53Z,AkashKumar7902,https://github.com/keploy/keploy/pull/1165
276,docs,fix: fixed structure of samples-bunjs,merged,2023-12-05T15:53:48Z,2023-12-09T16:35:12Z,Arindam200,https://github.com/keploy/docs/pull/276
277,docs,fix: fixed structure of samples-echo,merged,2023-12-05T21:04:57Z,2023-12-09T16:35:37Z,Arindam200,https://github.com/keploy/docs/pull/277
280,docs,fix: add new keploy-config,merged,2023-12-07T13:00:49Z,2023-12-09T16:36:38Z,AkashKumar7902,https://github.com/keploy/docs/pull/280
7,writers-program,fix: updated page styles and animation speed,merged,2023-12-07T14:16:31Z,2023-12-09T16:37:32Z,Shashwat79802,https://github.com/keploy/writers-program/pull/7
270,docs,(docs): Updated the MongoDB support doc,merged,2023-12-01T13:40:25Z,2023-12-09T16:39:24Z,Swpn0neel,https://github.com/keploy/docs/pull/270
59,samples-java,feat: add petclinic app to the repo,merged,2023-12-09T07:49:09Z,2023-12-10T15:42:32Z,PranshuSrivastava,https://github.com/keploy/samples-java/pull/59
1166,keploy,feat: make docker compose startup time configurable,merged,2023-12-01T20:21:25Z,2023-12-10T17:42:59Z,IllTamer,https://github.com/keploy/keploy/pull/1166
1186,keploy,bug: added support for relative volume mounts in docker compose,merged,2023-12-11T05:53:47Z,2023-12-11T14:20:36Z,amoghumesh,https://github.com/keploy/keploy/pull/1186
9,samples-python,fix: configuration and requirements updated,merged,2023-12-12T10:38:14Z,2023-12-12T12:05:30Z,Shashwat79802,https://github.com/keploy/samples-python/pull/9
1192,keploy,fix: handle panic in logger,merged,2023-12-12T10:18:10Z,2023-12-12T12:11:01Z,gouravkrosx,https://github.com/keploy/keploy/pull/1192
1187,keploy,update:arm and amd generated code,merged,2023-12-11T12:53:13Z,2023-12-13T08:17:12Z,shivamsouravjha,https://github.com/keploy/keploy/pull/1187
1174,keploy,fix: modified return of nil response for HTTP Connection Error,merged,2023-12-05T11:25:46Z,2023-12-13T08:18:23Z,ChinmayaSharma-hue,https://github.com/keploy/keploy/pull/1174
82,samples-go,feat: change docker-compose according to v2 for echo-sql,merged,2023-11-23T16:26:23Z,2023-12-14T07:06:41Z,Sarthak160,https://github.com/keploy/samples-go/pull/82
85,samples-go,fix: docker-compose file and readme with buildDelay,merged,2023-12-13T05:46:42Z,2023-12-14T07:16:02Z,Sonichigo,https://github.com/keploy/samples-go/pull/85
1195,keploy,feature: passthrough for telemetry in record and test,merged,2023-12-13T10:25:07Z,2023-12-14T07:38:07Z,shivamsouravjha,https://github.com/keploy/keploy/pull/1195
1100,keploy,fix: the logic to compare two slices should be changed,merged,2023-11-09T18:06:10Z,2023-12-14T08:28:15Z,AkashKumar7902,https://github.com/keploy/keploy/pull/1100
1189,keploy,fix unable to record custom name test cases,merged,2023-12-11T14:45:59Z,2023-12-14T08:49:34Z,AkashKumar7902,https://github.com/keploy/keploy/pull/1189
1124,keploy,refactor:updating return type of report,merged,2023-11-23T11:10:36Z,2023-12-14T11:24:26Z,shivamsouravjha,https://github.com/keploy/keploy/pull/1124
1154,keploy,fix: generate config returns after logging error,merged,2023-11-30T10:49:42Z,2023-12-14T11:32:40Z,officialasishkumar,https://github.com/keploy/keploy/pull/1154
1207,keploy,refactor: keploy examples,merged,2023-12-14T17:55:31Z,2023-12-14T18:17:40Z,Shubhrant05,https://github.com/keploy/keploy/pull/1207
87,samples-go,bugs: fix hardcoded container name,merged,2023-12-15T03:56:11Z,2023-12-15T07:13:14Z,amoghumesh,https://github.com/keploy/samples-go/pull/87
1205,keploy,Removed unused directory,merged,2023-12-14T16:01:37Z,2023-12-15T09:35:24Z,officialasishkumar,https://github.com/keploy/keploy/pull/1205
1211,keploy,fix: The testing pipeline is failing due to new config changes,merged,2023-12-15T10:21:52Z,2023-12-15T10:28:31Z,AkashKumar7902,https://github.com/keploy/keploy/pull/1211
1204,keploy,feat: add serve command in workflow,merged,2023-12-14T15:50:29Z,2023-12-15T11:48:05Z,AkashKumar7902,https://github.com/keploy/keploy/pull/1204
1213,keploy,refactor:code indent,merged,2023-12-15T12:00:33Z,2023-12-18T06:40:19Z,shivamsouravjha,https://github.com/keploy/keploy/pull/1213
1217,keploy,Removed replay directory,merged,2023-12-18T07:51:32Z,2023-12-18T08:41:05Z,officialasishkumar,https://github.com/keploy/keploy/pull/1217
1220,keploy,add:workflow to test single test sets,merged,2023-12-18T09:05:16Z,2023-12-18T10:53:11Z,shivamsouravjha,https://github.com/keploy/keploy/pull/1220
1203,keploy,feat: Added extra fields for sentry,merged,2023-12-14T11:45:57Z,2023-12-18T12:48:16Z,PranshuSrivastava,https://github.com/keploy/keploy/pull/1203
1218,keploy,[refactor]: remove unused files,merged,2023-12-18T09:03:10Z,2023-12-19T12:58:36Z,shubham14bajpai,https://github.com/keploy/keploy/pull/1218
287,docs,chore:updated the alias,merged,2023-12-20T08:17:19Z,2023-12-20T09:52:57Z,PranshuSrivastava,https://github.com/keploy/docs/pull/287
1228,keploy,refactor: logs in record and test commands,merged,2023-12-20T15:59:29Z,2023-12-20T16:40:07Z,ananupam,https://github.com/keploy/keploy/pull/1228
1229,keploy,feat: add repo options in issue template,merged,2023-12-20T17:14:03Z,2023-12-21T08:56:32Z,officialasishkumar,https://github.com/keploy/keploy/pull/1229
1232,keploy,Update --feature-request.yaml,merged,2023-12-21T09:49:00Z,2023-12-21T09:51:23Z,Sonichigo,https://github.com/keploy/keploy/pull/1232
1226,keploy,feat: added pipeline tests for docker,merged,2023-12-20T06:45:54Z,2023-12-21T18:32:38Z,PranshuSrivastava,https://github.com/keploy/keploy/pull/1226
1242,keploy,fix: updated docker alias in keploy.sh,merged,2023-12-22T06:47:45Z,2023-12-26T06:35:32Z,PranshuSrivastava,https://github.com/keploy/keploy/pull/1242
283,docs,[docs]: fixing 404 urls,merged,2023-12-13T05:20:48Z,2023-12-26T11:31:01Z,Sonichigo,https://github.com/keploy/docs/pull/283
1248,keploy,refactor: concat strings in error logs,merged,2023-12-26T11:29:10Z,2023-12-26T11:35:38Z,shivamsouravjha,https://github.com/keploy/keploy/pull/1248
1,samples-rust,feat: created the master readme for the repo,merged,2023-12-08T07:39:23Z,2023-12-26T11:45:19Z,Shashwat79802,https://github.com/keploy/samples-rust/pull/1
1243,keploy,feat: Added writers-program option in Issue template.,merged,2023-12-23T17:48:47Z,2023-12-26T12:02:23Z,Arindam200,https://github.com/keploy/keploy/pull/1243
1249,keploy,refactor:add keploy generated tests in gitignore,merged,2023-12-26T12:01:43Z,2023-12-26T12:02:59Z,shivamsouravjha,https://github.com/keploy/keploy/pull/1249
1222,keploy,fix: mysql issues with java and .Net runtimes,merged,2023-12-18T14:03:33Z,2023-12-27T10:38:33Z,Hermione2408,https://github.com/keploy/keploy/pull/1222
1256,keploy,fix: prevent error logging of failed to read from client incase app exits,merged,2023-12-27T10:55:33Z,2023-12-27T11:20:53Z,Sarthak160,https://github.com/keploy/keploy/pull/1256
1231,keploy,feat: Docker support for Keploy installation on Darwin,merged,2023-12-21T09:47:34Z,2023-12-27T12:34:45Z,ananupam,https://github.com/keploy/keploy/pull/1231
288,docs,fix: removed duplicates from go-mux-sql.md,merged,2023-12-26T13:49:03Z,2023-12-28T06:19:34Z,officialasishkumar,https://github.com/keploy/docs/pull/288
88,samples-go,add graceful shutdown,merged,2023-12-28T04:10:53Z,2023-12-28T07:21:36Z,AkashKumar7902,https://github.com/keploy/samples-go/pull/88
286,docs,fix : added mongodb support images,merged,2023-12-18T15:24:42Z,2023-12-28T07:51:12Z,Swpn0neel,https://github.com/keploy/docs/pull/286
291,docs,Fixed typo of catalog,merged,2023-12-28T06:41:22Z,2023-12-28T07:54:57Z,officialasishkumar,https://github.com/keploy/docs/pull/291
1263,keploy,debug: adds debug logs for the filter test case mocks,merged,2023-12-28T11:04:16Z,2023-12-28T11:09:29Z,re-Tick,https://github.com/keploy/keploy/pull/1263
1264,keploy,feat: hide file details of keploy logger in binary,merged,2023-12-28T11:27:26Z,2023-12-28T11:37:10Z,ananupam,https://github.com/keploy/keploy/pull/1264
1149,keploy,feat: implemented pass through feature for postgres parser,merged,2023-11-29T15:29:32Z,2023-12-28T11:44:53Z,EraKin575,https://github.com/keploy/keploy/pull/1149
1273,keploy,fix: run cmd using the shell's -c flag,merged,2023-12-31T06:30:29Z,2024-01-01T09:21:15Z,re-Tick,https://github.com/keploy/keploy/pull/1273
95,typescript-sdk,feat:readme for keploy intergration with unit testcases,merged,2023-12-21T11:06:34Z,2024-01-03T06:15:28Z,shivamsouravjha,https://github.com/keploy/typescript-sdk/pull/95
1214,keploy,fix: Keploy unexpected behaviour with multiple dependencies,merged,2023-12-16T19:39:35Z,2024-01-03T10:44:39Z,charankamarapu,https://github.com/keploy/keploy/pull/1214
295,docs,removed table of content,merged,2023-12-29T15:50:35Z,2024-01-04T08:33:00Z,officialasishkumar,https://github.com/keploy/docs/pull/295
284,docs,feat: added samples-rust docs,merged,2023-12-13T07:23:02Z,2024-01-04T08:34:41Z,Arindam200,https://github.com/keploy/docs/pull/284
294,docs,Updated title in samples app,merged,2023-12-29T15:37:50Z,2024-01-04T08:50:33Z,officialasishkumar,https://github.com/keploy/docs/pull/294
278,docs,fix: removed keep alive header term from dev guide,merged,2023-12-06T15:30:52Z,2024-01-05T09:56:00Z,Arindam200,https://github.com/keploy/docs/pull/278
29,samples-typescript,[Sample] Added Node-Redis-Mongo-App,merged,2024-01-05T12:36:17Z,2024-01-06T14:39:41Z,Shubhrant05,https://github.com/keploy/samples-typescript/pull/29
1299,keploy,fix: fixed typo of word gracefully,merged,2024-01-06T15:04:33Z,2024-01-06T19:37:53Z,officialasishkumar,https://github.com/keploy/keploy/pull/1299
1297,keploy,fix: missing copy of slice,merged,2024-01-06T10:56:40Z,2024-01-07T17:16:09Z,charankamarapu,https://github.com/keploy/keploy/pull/1297
10,react-diff-viewer,fix: upgrades the react version to 18,merged,2024-01-01T10:54:09Z,2024-01-08T03:29:32Z,re-Tick,https://github.com/keploy/react-diff-viewer/pull/10
1300,keploy,feat: add coverage flag to implement serve within test itself,merged,2024-01-06T21:26:15Z,2024-01-08T07:08:21Z,EraKin575,https://github.com/keploy/keploy/pull/1300
1305,keploy,Fix merge,merged,2024-01-08T07:13:41Z,2024-01-08T07:16:43Z,re-Tick,https://github.com/keploy/keploy/pull/1305
11,react-diff-viewer,Update the peerDependency for the package,merged,2024-01-08T07:47:54Z,2024-01-08T07:48:36Z,re-Tick,https://github.com/keploy/react-diff-viewer/pull/11
1302,keploy,Fix mongo scram,merged,2024-01-07T12:35:14Z,2024-01-08T09:30:32Z,re-Tick,https://github.com/keploy/keploy/pull/1302
1295,keploy,refactor: provide some null checks in pg parser,merged,2024-01-05T12:52:16Z,2024-01-08T09:54:20Z,Sarthak160,https://github.com/keploy/keploy/pull/1295
296,docs,Fix `cd` destination and language of code blocks,merged,2023-12-31T09:24:08Z,2024-01-09T04:08:35Z,epli2,https://github.com/keploy/docs/pull/296
1319,keploy,"Revert "" feat: add coverage flag to implement serve within test itself""",merged,2024-01-09T06:21:44Z,2024-01-09T06:26:08Z,charankamarapu,https://github.com/keploy/keploy/pull/1319
1321,keploy,fix: mongo read function,merged,2024-01-09T07:10:29Z,2024-01-09T07:15:19Z,charankamarapu,https://github.com/keploy/keploy/pull/1321
302,docs,refactor:alias of keploy for docker-desktop,merged,2024-01-09T09:47:59Z,2024-01-09T09:57:46Z,shivamsouravjha,https://github.com/keploy/docs/pull/302
1,blog-website,Blog Website Header to Match Main Website,merged,2023-12-26T08:26:44Z,2024-01-09T18:17:59Z,sahadat-sk,https://github.com/keploy/blog-website/pull/1
1276,keploy,refactor: change binary lists in mysql mocks to base64 strings for readability,merged,2023-12-31T11:47:50Z,2024-01-10T12:06:59Z,Hermione2408,https://github.com/keploy/keploy/pull/1276
89,samples-go,refactor:readme update to add docker in macos,merged,2024-01-10T11:31:42Z,2024-01-10T15:42:33Z,shivamsouravjha,https://github.com/keploy/samples-go/pull/89
303,docs,refactor:macos colima doc update,merged,2024-01-10T11:43:09Z,2024-01-10T15:44:10Z,shivamsouravjha,https://github.com/keploy/docs/pull/303
1330,keploy,refactor:readme,merged,2024-01-10T11:26:08Z,2024-01-10T15:53:56Z,shivamsouravjha,https://github.com/keploy/keploy/pull/1330
33,samples-typescript,refactor:update macos doc for docker,merged,2024-01-10T11:45:08Z,2024-01-10T15:54:14Z,shivamsouravjha,https://github.com/keploy/samples-typescript/pull/33
162,java-sdk,Update KeployCLI.java,merged,2024-01-11T08:39:02Z,2024-01-11T08:49:39Z,charankamarapu,https://github.com/keploy/java-sdk/pull/162
1341,keploy,feat(pg-parser): ignore deletion of startup request mocks during match,merged,2024-01-11T09:23:42Z,2024-01-11T09:45:42Z,Sarthak160,https://github.com/keploy/keploy/pull/1341
1352,keploy,fix: sorting of config mocks acc to req timestamp,merged,2024-01-14T18:17:29Z,2024-01-14T19:33:59Z,Sarthak160,https://github.com/keploy/keploy/pull/1352
1357,keploy,fix: add support for v1beta2 and old postgres mocks,merged,2024-01-15T10:30:17Z,2024-01-15T10:37:05Z,slayerjain,https://github.com/keploy/keploy/pull/1357
1375,keploy,fix: handle errors in console diff library,merged,2024-01-16T03:49:34Z,2024-01-16T03:52:44Z,slayerjain,https://github.com/keploy/keploy/pull/1375
1373,keploy,feat: make priority based fuzzy match for config mocks,merged,2024-01-15T22:03:32Z,2024-01-16T06:31:55Z,Sarthak160,https://github.com/keploy/keploy/pull/1373
90,samples-go,linter checks,merged,2024-01-16T07:03:01Z,2024-01-16T07:03:09Z,shivamsouravjha,https://github.com/keploy/samples-go/pull/90
92,samples-go,"Revert ""linter checks""",merged,2024-01-16T07:13:23Z,2024-01-16T07:13:30Z,shivamsouravjha,https://github.com/keploy/samples-go/pull/92
1379,keploy,fix: generalize test-set name,merged,2024-01-16T12:36:02Z,2024-01-16T12:49:02Z,charankamarapu,https://github.com/keploy/keploy/pull/1379
1347,keploy,fix: HTTP handling for partial header reception,merged,2024-01-12T10:49:51Z,2024-01-17T11:30:23Z,gouravkrosx,https://github.com/keploy/keploy/pull/1347
62,samples-java,docs: Add readme for spring-petclinic,merged,2024-01-17T09:51:13Z,2024-01-17T13:25:04Z,PranshuSrivastava,https://github.com/keploy/samples-java/pull/62
307,docs,docs: fix java spring boot and postgres tutorial,merged,2024-01-17T17:44:51Z,2024-01-17T17:48:55Z,slayerjain,https://github.com/keploy/docs/pull/307
1308,keploy,chore: logging an example when generate-config fails,merged,2024-01-08T09:37:20Z,2024-01-18T06:21:07Z,PranshuSrivastava,https://github.com/keploy/keploy/pull/1308
63,samples-java,fix: add delay to test mode in readme,merged,2024-01-18T06:41:13Z,2024-01-18T06:57:53Z,PranshuSrivastava,https://github.com/keploy/samples-java/pull/63
1381,keploy,Mongo error,merged,2024-01-16T13:53:35Z,2024-01-18T09:04:34Z,charankamarapu,https://github.com/keploy/keploy/pull/1381
1380,keploy,fix: matching logic in generic,merged,2024-01-16T13:08:25Z,2024-01-19T10:46:19Z,charankamarapu,https://github.com/keploy/keploy/pull/1380
1403,keploy,fix: race conditions in tele methods,merged,2024-01-19T13:44:06Z,2024-01-19T13:45:50Z,slayerjain,https://github.com/keploy/keploy/pull/1403
94,samples-go,feat: reduce image size from 1GB to 29MB,merged,2024-01-16T17:14:25Z,2024-01-20T13:03:35Z,narharim,https://github.com/keploy/samples-go/pull/94
1405,keploy,fix: missing requests and their timestamps,merged,2024-01-20T13:36:11Z,2024-01-20T15:07:42Z,gouravkrosx,https://github.com/keploy/keploy/pull/1405
1407,keploy,fix: some http calls are not captured due to missing req data,merged,2024-01-20T15:12:34Z,2024-01-20T19:02:29Z,slayerjain,https://github.com/keploy/keploy/pull/1407
310,docs,Added missing prerequisites for Flask and pip installation,merged,2024-01-19T14:21:51Z,2024-01-22T12:07:02Z,prajwalpd7,https://github.com/keploy/docs/pull/310
1408,keploy,feat:updated file structure for test reports,merged,2024-01-21T07:13:13Z,2024-01-23T11:41:45Z,EraKin575,https://github.com/keploy/keploy/pull/1408
1366,keploy,feature: Implement Non-Zero Exit Code for Keploy Test Failures,merged,2024-01-15T16:26:37Z,2024-01-24T06:38:51Z,seipan,https://github.com/keploy/keploy/pull/1366
1428,keploy,chore: add url metadata to logs in the http parser,merged,2024-01-24T09:22:13Z,2024-01-24T09:35:58Z,slayerjain,https://github.com/keploy/keploy/pull/1428
1344,keploy,feat: make serve command usage to test with coverage flag,merged,2024-01-11T15:38:49Z,2024-01-25T07:22:49Z,EraKin575,https://github.com/keploy/keploy/pull/1344
95,samples-go,Added MySQL-Golang sample application and documentation,merged,2024-01-19T17:07:32Z,2024-01-25T12:33:15Z,heyyakash,https://github.com/keploy/samples-go/pull/95
96,samples-go,refactor:more focus on host change,merged,2024-01-24T17:24:30Z,2024-01-26T06:12:41Z,shivamsouravjha,https://github.com/keploy/samples-go/pull/96
64,samples-java,docs: added documentation for docker,merged,2024-01-25T10:33:56Z,2024-01-26T09:26:39Z,PranshuSrivastava,https://github.com/keploy/samples-java/pull/64
60,samples-java,feat: Add dockerfile to petclinic,merged,2023-12-12T09:55:02Z,2024-01-26T09:26:57Z,PranshuSrivastava,https://github.com/keploy/samples-java/pull/60
1432,keploy,refactor: remove redudant workflows and removed serve package,merged,2024-01-25T09:02:41Z,2024-01-28T09:21:27Z,EraKin575,https://github.com/keploy/keploy/pull/1432
1396,keploy,fix: unknown path problem in docker,merged,2024-01-18T11:34:53Z,2024-01-28T15:27:59Z,PranshuSrivastava,https://github.com/keploy/keploy/pull/1396
1437,keploy,feat: add support for test assertions and updating test cases,merged,2024-01-27T18:31:37Z,2024-01-29T08:17:29Z,gouravkrosx,https://github.com/keploy/keploy/pull/1437
1376,keploy,[Feature]: Create Keploy  --version Flag to CLI,merged,2024-01-16T05:09:55Z,2024-01-29T09:03:13Z,SkySingh04,https://github.com/keploy/keploy/pull/1376
1414,keploy,fix: Mounting the folder in keploy container on /files is creating problems,merged,2024-01-22T14:02:44Z,2024-01-29T09:56:14Z,AkashKumar7902,https://github.com/keploy/keploy/pull/1414
98,samples-go,chore: change volume in docker alias,merged,2024-01-27T07:31:55Z,2024-01-29T09:56:43Z,AkashKumar7902,https://github.com/keploy/samples-go/pull/98
34,samples-typescript,chore: change volume in docker alias,merged,2024-01-27T07:38:21Z,2024-01-29T09:57:13Z,AkashKumar7902,https://github.com/keploy/samples-typescript/pull/34
316,docs,chore: change volume in docker alias,merged,2024-01-27T07:25:02Z,2024-01-29T09:57:44Z,AkashKumar7902,https://github.com/keploy/docs/pull/316
314,docs,docker build is missing in MacOS guide added,merged,2024-01-24T07:22:32Z,2024-01-29T11:31:49Z,prajwalpd7,https://github.com/keploy/docs/pull/314
1433,keploy,refactor:setting time stamp for response only after verified response,merged,2024-01-25T10:28:07Z,2024-01-29T11:50:55Z,shivamsouravjha,https://github.com/keploy/keploy/pull/1433
1413,keploy,feat:ignore order of data,merged,2024-01-22T13:38:26Z,2024-01-29T13:01:13Z,shivamsouravjha,https://github.com/keploy/keploy/pull/1413
318,docs,feat: Added GitTogether banner in Docs,merged,2024-01-29T16:23:20Z,2024-01-30T02:24:25Z,Arindam200,https://github.com/keploy/docs/pull/318
1397,keploy,feat:support of pass throught hosts,merged,2024-01-18T12:18:24Z,2024-01-30T06:01:11Z,shivamsouravjha,https://github.com/keploy/keploy/pull/1397
1453,keploy,fix:ports,merged,2024-01-30T06:30:26Z,2024-01-30T06:41:20Z,shivamsouravjha,https://github.com/keploy/keploy/pull/1453
319,docs,changed the position of docker build cmd as it was before entering th…,merged,2024-01-30T09:58:40Z,2024-01-30T10:25:32Z,prajwalpd7,https://github.com/keploy/docs/pull/319
11,samples-python,added new requirements & changed port to 5432,merged,2024-01-24T08:10:51Z,2024-01-30T13:12:09Z,prajwalpd7,https://github.com/keploy/samples-python/pull/11
8,blog-website,blog website footer like main website,merged,2024-01-31T08:18:33Z,2024-01-31T08:23:37Z,nehagup,https://github.com/keploy/blog-website/pull/8
300,docs,updated title tags,merged,2024-01-08T12:33:34Z,2024-01-31T08:34:17Z,vamshi1188,https://github.com/keploy/docs/pull/300
1464,keploy,feat: pass mongo password to serve command during test,merged,2024-01-31T07:15:50Z,2024-01-31T09:04:16Z,Sarthak160,https://github.com/keploy/keploy/pull/1464
305,docs,docs for mysql app integration with keploy,merged,2024-01-16T16:12:39Z,2024-01-31T09:14:42Z,EraKin575,https://github.com/keploy/docs/pull/305
320,docs,refactor: add mysql tag go-mux-mysql.md,merged,2024-01-31T09:43:04Z,2024-01-31T09:43:12Z,Sarthak160,https://github.com/keploy/docs/pull/320
4,python-sdk,Create main.yml for Github actions,merged,2024-01-10T12:44:33Z,2024-01-31T10:33:03Z,Shubhrant05,https://github.com/keploy/python-sdk/pull/4
306,docs,[docs] : Twitter Icon is Updated in Keploy [Docs Repo],merged,2024-01-17T09:05:02Z,2024-01-31T12:26:33Z,SUNIDHI-JAIN125,https://github.com/keploy/docs/pull/306
311,docs,upating docs for serve integration with test,merged,2024-01-20T12:56:19Z,2024-01-31T12:30:02Z,EraKin575,https://github.com/keploy/docs/pull/311
93,samples-go,feat: added golint pipeline,merged,2024-01-16T16:38:35Z,2024-02-01T06:04:21Z,officialasishkumar,https://github.com/keploy/samples-go/pull/93
292,docs,docs: debugger guide,merged,2023-12-28T18:43:21Z,2024-02-01T07:22:11Z,officialasishkumar,https://github.com/keploy/docs/pull/292
60,gsoc,feat: create outline for 2024,merged,2024-02-01T07:37:05Z,2024-02-01T14:06:28Z,Sonichigo,https://github.com/keploy/gsoc/pull/60
97,samples-go,fix: workflow,merged,2024-01-25T12:44:00Z,2024-02-01T15:48:32Z,Sonichigo,https://github.com/keploy/samples-go/pull/97
1465,keploy,fix: bug due to change in destination from /files to current directory,merged,2024-01-31T08:06:47Z,2024-02-01T16:55:51Z,AkashKumar7902,https://github.com/keploy/keploy/pull/1465
13,react-diff-viewer,Update README.md,merged,2024-02-01T18:34:04Z,2024-02-02T03:10:52Z,prajwalpd7,https://github.com/keploy/react-diff-viewer/pull/13
289,docs,added docs for spring-boot-mongo,merged,2023-12-27T14:09:29Z,2024-02-02T04:07:30Z,officialasishkumar,https://github.com/keploy/docs/pull/289
243,docs,update v1 document titles,merged,2023-10-17T14:06:48Z,2024-02-02T04:13:10Z,uozcan12,https://github.com/keploy/docs/pull/243
1480,keploy,feat: added changes to run keploy docker from binary,merged,2024-02-02T07:35:08Z,2024-02-02T08:29:51Z,PranshuSrivastava,https://github.com/keploy/keploy/pull/1480
61,gsoc,Updated GSOC 2024 informations,merged,2024-02-01T19:22:18Z,2024-02-02T08:43:14Z,Arindam200,https://github.com/keploy/gsoc/pull/61
1365,keploy,feat: added ci for mockrecord and mocktest,merged,2024-01-15T15:54:14Z,2024-02-02T11:07:10Z,AkashKumar7902,https://github.com/keploy/keploy/pull/1365
324,docs,[docs]: update missing information in the flask+mongo python sample,merged,2024-02-03T10:02:13Z,2024-02-03T16:02:10Z,SkySingh04,https://github.com/keploy/docs/pull/324
62,gsoc,docs: add documentation for gsoc_2024,merged,2024-02-03T16:21:10Z,2024-02-03T18:50:31Z,charankamarapu,https://github.com/keploy/gsoc/pull/62
63,gsoc,feat: adds project description for macos,merged,2024-02-03T17:56:52Z,2024-02-03T18:51:07Z,re-Tick,https://github.com/keploy/gsoc/pull/63
64,gsoc,docs: add goals and ideas for testing multiples services with keploy,merged,2024-02-03T17:59:21Z,2024-02-03T18:51:38Z,gouravkrosx,https://github.com/keploy/gsoc/pull/64
65,gsoc,feat: add project description for the windows support,merged,2024-02-03T18:03:46Z,2024-02-03T18:52:02Z,re-Tick,https://github.com/keploy/gsoc/pull/65
1325,keploy,Feature: Added Keploy Update to CLI,merged,2024-01-09T15:46:02Z,2024-02-05T05:31:21Z,SkySingh04,https://github.com/keploy/keploy/pull/1325
1475,keploy,refactor:function name and checks,merged,2024-02-01T10:30:25Z,2024-02-05T06:01:09Z,shivamsouravjha,https://github.com/keploy/keploy/pull/1475
100,samples-go,[Refactor]: samples-go to fix linter errors,merged,2024-02-02T10:12:54Z,2024-02-05T06:09:00Z,Yaxhveer,https://github.com/keploy/samples-go/pull/100
1455,keploy,refactor: call next for passthrough post,merged,2024-01-30T09:40:06Z,2024-02-05T07:12:33Z,shivamsouravjha,https://github.com/keploy/keploy/pull/1455
61,samples-java,Sample spring postgres graphql,merged,2024-01-12T18:51:43Z,2024-02-05T08:22:52Z,Rentox98,https://github.com/keploy/samples-java/pull/61
1494,keploy,Sort tests with req timestamp,merged,2024-02-04T22:02:52Z,2024-02-05T08:57:10Z,Yaxhveer,https://github.com/keploy/keploy/pull/1494
101,samples-go,Update keploy.yml,merged,2024-02-05T09:42:07Z,2024-02-05T09:55:23Z,Sonichigo,https://github.com/keploy/samples-go/pull/101
66,gsoc,feat: add project description for API chaining,merged,2024-02-05T13:48:30Z,2024-02-05T17:16:02Z,shivamsouravjha,https://github.com/keploy/gsoc/pull/66
67,gsoc,docs: added mentor in 2024 gsoc,merged,2024-02-05T14:19:14Z,2024-02-05T17:51:05Z,PranshuSrivastava,https://github.com/keploy/gsoc/pull/67
1501,keploy,"Added server, keploy-config and keploy-logs to gitignore",merged,2024-02-05T15:16:46Z,2024-02-06T03:48:48Z,SkySingh04,https://github.com/keploy/keploy/pull/1501
68,gsoc,feat: create tasklist for 2024,merged,2024-02-06T10:12:55Z,2024-02-06T10:13:04Z,Sonichigo,https://github.com/keploy/gsoc/pull/68
1511,keploy,Bug Fix: Keploy Update command not working as intended,merged,2024-02-06T14:38:13Z,2024-02-06T15:15:28Z,SkySingh04,https://github.com/keploy/keploy/pull/1511
51,samples-go,Adds simple books API with fasthttp & postgres,merged,2023-03-31T19:51:30Z,2024-02-07T09:35:08Z,DarkhanShakhan,https://github.com/keploy/samples-go/pull/51
1517,keploy,style: removes the unwanted files and comments,merged,2024-02-07T13:31:31Z,2024-02-07T13:35:35Z,re-Tick,https://github.com/keploy/keploy/pull/1517
1516,keploy,Add interface,merged,2024-02-07T12:57:59Z,2024-02-07T13:42:15Z,re-Tick,https://github.com/keploy/keploy/pull/1516
1492,keploy,Updated Docker Installation Alias for linux,merged,2024-02-04T20:10:20Z,2024-02-07T16:19:07Z,SkySingh04,https://github.com/keploy/keploy/pull/1492
1487,keploy,fix : add validate path for added security,merged,2024-02-04T15:04:43Z,2024-02-07T18:21:01Z,seipan,https://github.com/keploy/keploy/pull/1487
1529,keploy,feat: add relevant tags & badges on readme,merged,2024-02-08T07:48:00Z,2024-02-08T08:23:17Z,Sonichigo,https://github.com/keploy/keploy/pull/1529
66,samples-java,docs: updated documentation to segregate sections for docker and binary,merged,2024-02-06T06:19:46Z,2024-02-08T08:33:11Z,PranshuSrivastava,https://github.com/keploy/samples-java/pull/66
1531,keploy,fix: converts the redudant info logs to debug logs,merged,2024-02-08T09:23:10Z,2024-02-08T09:36:25Z,re-Tick,https://github.com/keploy/keploy/pull/1531
96,typescript-sdk,refactor: revamped and removed mandatory v1 installation.,merged,2024-02-08T10:52:26Z,2024-02-08T11:22:21Z,shivamsouravjha,https://github.com/keploy/typescript-sdk/pull/96
99,typescript-sdk,remove: duplicate file,merged,2024-02-08T11:31:49Z,2024-02-08T11:33:36Z,shivamsouravjha,https://github.com/keploy/typescript-sdk/pull/99
1535,keploy,fix: updates the permission for the keploy dir while exiting the test,merged,2024-02-08T12:30:19Z,2024-02-08T12:35:54Z,re-Tick,https://github.com/keploy/keploy/pull/1535
69,gsoc,add task list for the maOs project,merged,2024-02-07T18:15:27Z,2024-02-09T07:07:12Z,re-Tick,https://github.com/keploy/gsoc/pull/69
71,gsoc,feat: add task in gsoc2024,merged,2024-02-09T06:06:48Z,2024-02-09T07:08:29Z,charankamarapu,https://github.com/keploy/gsoc/pull/71
70,gsoc,docs: add tasks for vs code ext project,merged,2024-02-07T18:39:49Z,2024-02-09T07:11:41Z,Sarthak160,https://github.com/keploy/gsoc/pull/70
72,gsoc,docs: add task lists for contract testing task.,merged,2024-02-09T07:17:16Z,2024-02-09T07:21:04Z,gouravkrosx,https://github.com/keploy/gsoc/pull/72
9,blog-website,Changes in the meta tag and the layout tag and the changes that follows,merged,2024-02-06T10:04:40Z,2024-02-09T07:32:07Z,Aditya-eddy,https://github.com/keploy/blog-website/pull/9
73,gsoc,fix: add new issues,merged,2024-02-09T08:00:18Z,2024-02-09T08:00:25Z,Sonichigo,https://github.com/keploy/gsoc/pull/73
74,gsoc,refactor: fixed missing coloumn,merged,2024-02-09T08:01:56Z,2024-02-09T08:02:08Z,Sonichigo,https://github.com/keploy/gsoc/pull/74
322,docs,docs: removed alias for docker,merged,2024-02-02T08:56:06Z,2024-02-09T09:16:48Z,PranshuSrivastava,https://github.com/keploy/docs/pull/322
308,docs,feat: Updated Keploy-config Documentation,merged,2024-01-19T08:09:56Z,2024-02-09T10:25:43Z,Arindam200,https://github.com/keploy/docs/pull/308
326,docs,fix: steps missing in wsl & python apps,merged,2024-02-09T11:26:32Z,2024-02-09T11:31:32Z,Sonichigo,https://github.com/keploy/docs/pull/326
10,samples-python,feat: added missing steps,merged,2024-01-22T10:56:29Z,2024-02-09T11:32:07Z,Sonichigo,https://github.com/keploy/samples-python/pull/10
12,samples-python,fix: app running command,merged,2024-02-09T10:31:03Z,2024-02-09T11:32:22Z,Sonichigo,https://github.com/keploy/samples-python/pull/12
325,docs,add: documentation for jest,merged,2024-02-09T08:05:29Z,2024-02-09T19:26:34Z,shivamsouravjha,https://github.com/keploy/docs/pull/325
1550,keploy,fix: race condition in userAppShutdownInitiated check,merged,2024-02-09T22:21:51Z,2024-02-10T04:39:30Z,akyrey,https://github.com/keploy/keploy/pull/1550
1326,keploy,feat: added complete test summary report,merged,2024-01-09T18:58:36Z,2024-02-10T17:12:34Z,officialasishkumar,https://github.com/keploy/keploy/pull/1326
1556,keploy,"fix:count of fail,test & total",merged,2024-02-10T19:46:07Z,2024-02-11T05:34:05Z,shivamsouravjha,https://github.com/keploy/keploy/pull/1556
1513,keploy,Feature: added generateTestReport flag,merged,2024-02-06T19:17:43Z,2024-02-11T17:06:35Z,Yaxhveer,https://github.com/keploy/keploy/pull/1513
327,docs,feat: Added redirect link to Gittogether Banner Image,merged,2024-02-11T20:16:03Z,2024-02-12T07:00:23Z,Arindam200,https://github.com/keploy/docs/pull/327
1476,keploy,fix: merged colima alias into docker and removed unnecessary sudo,merged,2024-02-01T14:44:12Z,2024-02-12T09:31:51Z,PranshuSrivastava,https://github.com/keploy/keploy/pull/1476
1499,keploy,fix: some fields not being set in test report,merged,2024-02-05T11:07:50Z,2024-02-13T09:40:35Z,PranshuSrivastava,https://github.com/keploy/keploy/pull/1499
1,testGPT,[Feature]:Added Complete Test Summary,merged,2024-02-07T11:53:35Z,2024-02-13T13:10:44Z,SkySingh04,https://github.com/keploy/testGPT/pull/1
330,docs,docs: add timefreezing to keploy cloud,merged,2024-02-13T17:09:30Z,2024-02-13T17:10:07Z,nehagup,https://github.com/keploy/docs/pull/330
67,samples-java,docs: Updated petclinic README,merged,2024-02-09T13:14:40Z,2024-02-13T17:45:22Z,PranshuSrivastava,https://github.com/keploy/samples-java/pull/67
1561,keploy,ValidatedFilePath,merged,2024-02-13T12:19:10Z,2024-02-13T18:47:33Z,Ajeett01,https://github.com/keploy/keploy/pull/1561
331,docs,Update node-express-mongoose.md with missing command to run the examp…,merged,2024-02-13T19:47:57Z,2024-02-14T05:00:43Z,teixeira-fernando,https://github.com/keploy/docs/pull/331
7,blog-website,My changes in Making a Authors Page,merged,2024-01-25T06:36:40Z,2024-02-14T05:07:15Z,Aditya-eddy,https://github.com/keploy/blog-website/pull/7
3,testGPT,[feature]: added docker command,merged,2024-02-09T05:55:33Z,2024-02-14T05:33:28Z,Yaxhveer,https://github.com/keploy/testGPT/pull/3
1559,keploy,[Bug]: Sort test suite names for complete summary,merged,2024-02-12T11:15:28Z,2024-02-14T06:04:49Z,Yaxhveer,https://github.com/keploy/keploy/pull/1559
333,docs,Added the code blocks and code Highlighting,merged,2024-02-14T10:12:53Z,2024-02-14T10:13:07Z,nehagup,https://github.com/keploy/docs/pull/333
10,blog-website,Added the codeHighlighting using Prismjs,merged,2024-02-08T10:22:53Z,2024-02-14T10:47:05Z,Aditya-eddy,https://github.com/keploy/blog-website/pull/10
3,python-sdk,Added support for pytest in v2 for python-sdk,merged,2023-12-06T19:53:09Z,2024-02-15T09:25:52Z,Hermione2408,https://github.com/keploy/python-sdk/pull/3
335,docs,"docs: add supported frameworks, languages and keploy cloud intro and onboarding",merged,2024-02-15T09:56:02Z,2024-02-15T09:56:16Z,nehagup,https://github.com/keploy/docs/pull/335
1570,keploy,feat: handling of dns queries coming over tcp,merged,2024-02-15T12:10:50Z,2024-02-15T16:53:19Z,gouravkrosx,https://github.com/keploy/keploy/pull/1570
1519,keploy,Added a timer goroutine to run for a specific duration and upon expir…,merged,2024-02-07T14:54:20Z,2024-02-15T19:07:11Z,heyyakash,https://github.com/keploy/keploy/pull/1519
1512,keploy,refactor: diff viewer of response,merged,2024-02-06T16:22:28Z,2024-02-16T06:50:32Z,shivamsouravjha,https://github.com/keploy/keploy/pull/1512
75,gsoc,feat: Add support in Keploy to read from server initiated calls,merged,2024-02-16T06:39:36Z,2024-02-16T07:25:50Z,shivamsouravjha,https://github.com/keploy/gsoc/pull/75
1585,keploy,[fix]: bug while keploy test in user app,merged,2024-02-16T17:01:22Z,2024-02-17T07:07:58Z,AhmedLotfy02,https://github.com/keploy/keploy/pull/1585
1350,keploy,fix: replace deprecated io/ioutil package,merged,2024-01-14T10:56:54Z,2024-02-17T07:18:58Z,nnnkkk7,https://github.com/keploy/keploy/pull/1350
11,blog-website,Enhance Home Page Design of Blog Website for Latest Posts Display,merged,2024-02-09T15:17:47Z,2024-02-17T13:36:57Z,sahadat-sk,https://github.com/keploy/blog-website/pull/11
1590,keploy,[feature]: hide complete test summary in case of app not running,merged,2024-02-17T09:18:09Z,2024-02-19T13:42:06Z,AhmedLotfy02,https://github.com/keploy/keploy/pull/1590
340,docs,"feat: add custom mock instructions, go samples correction, docker tls",merged,2024-02-20T08:32:53Z,2024-02-20T08:33:00Z,nehagup,https://github.com/keploy/docs/pull/340
1223,keploy,feature: added golint in pipeline,merged,2023-12-18T15:50:20Z,2024-02-20T12:10:58Z,officialasishkumar,https://github.com/keploy/keploy/pull/1223
338,docs,Adding the Light CodeBlocks,merged,2024-02-19T06:07:19Z,2024-02-20T14:52:54Z,Aditya-eddy,https://github.com/keploy/docs/pull/338
17,blog-website,changing the URLS on Homepage,merged,2024-02-20T03:31:31Z,2024-02-20T16:40:15Z,Aditya-eddy,https://github.com/keploy/blog-website/pull/17
341,docs,setting the background of codeBlocks correctly,merged,2024-02-20T17:52:27Z,2024-02-21T08:08:16Z,Aditya-eddy,https://github.com/keploy/docs/pull/341
14,react-diff-viewer,feat: make diff viewer ignore noisy parameters other than body,merged,2024-02-02T07:09:24Z,2024-02-21T08:52:18Z,Sarthak160,https://github.com/keploy/react-diff-viewer/pull/14
100,typescript-sdk,refactor:update import for test file,merged,2024-02-09T07:23:06Z,2024-02-21T11:14:14Z,shivamsouravjha,https://github.com/keploy/typescript-sdk/pull/100
344,docs,update: java unit integration,merged,2024-02-21T11:11:38Z,2024-02-21T11:17:23Z,charankamarapu,https://github.com/keploy/docs/pull/344
1602,keploy,refactor:custom names support,merged,2024-02-21T06:59:09Z,2024-02-21T11:24:20Z,shivamsouravjha,https://github.com/keploy/keploy/pull/1602
343,docs,docs: added docs for pytest,merged,2024-02-20T20:20:32Z,2024-02-21T11:40:53Z,PranshuSrivastava,https://github.com/keploy/docs/pull/343
345,docs,refactor:jest related docs,merged,2024-02-21T11:33:47Z,2024-02-21T12:08:10Z,shivamsouravjha,https://github.com/keploy/docs/pull/345
101,typescript-sdk,refactor:package name,merged,2024-02-21T12:07:42Z,2024-02-21T12:08:51Z,shivamsouravjha,https://github.com/keploy/typescript-sdk/pull/101
346,docs,refactor:npm i sdk,merged,2024-02-21T12:10:19Z,2024-02-21T12:17:50Z,shivamsouravjha,https://github.com/keploy/docs/pull/346
347,docs,docs: fix,merged,2024-02-21T12:34:04Z,2024-02-21T12:35:19Z,PranshuSrivastava,https://github.com/keploy/docs/pull/347
348,docs,docs: fix indent,merged,2024-02-21T12:39:32Z,2024-02-21T12:40:28Z,PranshuSrivastava,https://github.com/keploy/docs/pull/348
4,testGPT,[bug]: the Body is empty in github/action script,merged,2024-02-12T14:01:23Z,2024-02-21T13:20:47Z,SkySingh04,https://github.com/keploy/testGPT/pull/4
337,docs,(add): env field in debugger guide docs,merged,2024-02-16T10:05:48Z,2024-02-21T13:57:51Z,AhmedLotfy02,https://github.com/keploy/docs/pull/337
13,blog-website,Adding the Table of Contents,merged,2024-02-16T09:18:34Z,2024-02-21T14:21:25Z,Aditya-eddy,https://github.com/keploy/blog-website/pull/13
102,typescript-sdk,refactor:shifting main path,merged,2024-02-21T13:57:55Z,2024-02-22T05:49:52Z,shivamsouravjha,https://github.com/keploy/typescript-sdk/pull/102
1566,keploy,fix: add network in linux installation script,merged,2024-02-14T12:12:22Z,2024-02-22T09:05:46Z,charankamarapu,https://github.com/keploy/keploy/pull/1566
166,java-sdk,Release fix,merged,2024-02-22T11:25:30Z,2024-02-22T11:40:04Z,Sarthak160,https://github.com/keploy/java-sdk/pull/166
1605,keploy,refactor: generate report,merged,2024-02-22T11:23:55Z,2024-02-22T11:46:51Z,shivamsouravjha,https://github.com/keploy/keploy/pull/1605
1604,keploy,fix: adds graph api to unload the ebpf hooks during unit test code coverage,merged,2024-02-22T10:21:48Z,2024-02-22T11:55:26Z,re-Tick,https://github.com/keploy/keploy/pull/1604
1573,keploy,feat: log all matched mocks per failed testcase,merged,2024-02-16T06:48:23Z,2024-02-22T17:52:17Z,AkashKumar7902,https://github.com/keploy/keploy/pull/1573
1610,keploy,refactor:update mocks for used mocks in mongo parser,merged,2024-02-23T07:27:27Z,2024-02-23T07:34:13Z,shivamsouravjha,https://github.com/keploy/keploy/pull/1610
168,java-sdk,fix: calls stopTest to unload the ebpf hooks after running test-sets,merged,2024-02-23T09:24:30Z,2024-02-23T09:27:22Z,re-Tick,https://github.com/keploy/java-sdk/pull/168
1612,keploy,fix: adds test filter to the serve to generate code coverage,merged,2024-02-23T11:16:25Z,2024-02-23T11:37:06Z,re-Tick,https://github.com/keploy/keploy/pull/1612
1600,keploy,refactor: Restructure and Improve platform related functions,merged,2024-02-20T13:16:17Z,2024-02-24T17:06:00Z,shivamsouravjha,https://github.com/keploy/keploy/pull/1600
1569,keploy,feat: add cncf landscape badge in readme,merged,2024-02-15T08:56:18Z,2024-02-26T07:47:13Z,Sonichigo,https://github.com/keploy/keploy/pull/1569
349,docs,fix:sdk for ts,merged,2024-02-23T12:42:03Z,2024-02-26T08:42:55Z,shivamsouravjha,https://github.com/keploy/docs/pull/349
1615,keploy,refactor: mock initaliser and filtering,merged,2024-02-26T08:16:58Z,2024-02-26T08:43:44Z,shivamsouravjha,https://github.com/keploy/keploy/pull/1615
103,typescript-sdk,fix: adds configuration for maxTimeout of keployTest and stops the ebpf hooks after keploy-test completion,merged,2024-02-26T11:32:57Z,2024-02-26T11:35:55Z,re-Tick,https://github.com/keploy/typescript-sdk/pull/103
352,docs,docs: add imports and class block for junit,merged,2024-02-26T11:45:43Z,2024-02-26T11:46:57Z,Sarthak160,https://github.com/keploy/docs/pull/352
104,typescript-sdk,fix: updates the maxTimeout for the keploy test to 5 minutes,merged,2024-02-26T11:56:56Z,2024-02-26T12:01:11Z,re-Tick,https://github.com/keploy/typescript-sdk/pull/104
7,python-sdk,fix: shortened the test file and added README.md,merged,2024-02-22T06:57:45Z,2024-02-27T07:55:42Z,PranshuSrivastava,https://github.com/keploy/python-sdk/pull/7
1620,keploy,fix(proxy): setup the ca store before starting testing framework cmd,merged,2024-02-27T07:52:33Z,2024-02-27T08:47:12Z,re-Tick,https://github.com/keploy/keploy/pull/1620
1618,keploy,refactor:context cancel in create yaml,merged,2024-02-26T19:06:50Z,2024-02-27T10:56:40Z,shivamsouravjha,https://github.com/keploy/keploy/pull/1618
1616,keploy,refactor: add check to autoswitch authtype in case of scram only,merged,2024-02-26T12:57:44Z,2024-02-28T06:53:13Z,Sarthak160,https://github.com/keploy/keploy/pull/1616
354,docs,refactor: add docs for generateTestReport and removeUnusedMocks,merged,2024-02-27T11:18:31Z,2024-02-28T06:58:17Z,shivamsouravjha,https://github.com/keploy/docs/pull/354
1627,keploy,refactor:using yaml defind write in report,merged,2024-02-28T07:17:23Z,2024-02-28T07:20:46Z,shivamsouravjha,https://github.com/keploy/keploy/pull/1627
14,blog-website,Adding the tags,merged,2024-02-17T19:55:29Z,2024-02-28T07:32:38Z,Aditya-eddy,https://github.com/keploy/blog-website/pull/14
3,pgproto3,feat: make datarow values editable,merged,2024-03-02T19:56:35Z,2024-03-02T19:56:42Z,Sarthak160,https://github.com/keploy/pgproto3/pull/3
4,pgproto3,Update data_row.go,merged,2024-03-02T20:01:51Z,2024-03-02T20:02:09Z,Sarthak160,https://github.com/keploy/pgproto3/pull/4
356,docs,feat: documentation sample-app and glossary url's revamped,merged,2024-03-01T09:18:52Z,2024-03-03T17:25:37Z,Sonichigo,https://github.com/keploy/docs/pull/356
22,blog-website,"Revert ""Adding the tags""",merged,2024-03-03T17:55:33Z,2024-03-03T17:55:55Z,nehagup,https://github.com/keploy/blog-website/pull/22
1635,keploy,fix: adds a nil check before stopping the ebpf hooks,merged,2024-03-01T09:52:53Z,2024-03-04T07:57:09Z,re-Tick,https://github.com/keploy/keploy/pull/1635
1642,keploy,refactor: make logs which doesn't effect test result to debug,merged,2024-03-04T08:08:37Z,2024-03-04T08:15:28Z,Sarthak160,https://github.com/keploy/keploy/pull/1642
1643,keploy,fix: updates the exec cmd to start user application,merged,2024-03-04T09:25:26Z,2024-03-04T10:10:57Z,re-Tick,https://github.com/keploy/keploy/pull/1643
355,docs,[fix]: corrected docs for mux-mysql,merged,2024-02-27T14:14:35Z,2024-03-04T10:22:38Z,VarunGitGood,https://github.com/keploy/docs/pull/355
16,blog-website,Added the Testimonial section,merged,2024-02-18T10:02:10Z,2024-03-04T17:13:56Z,Swpn0neel,https://github.com/keploy/blog-website/pull/16
20,blog-website,fix:Changes the font family for the blogs page,merged,2024-02-28T05:36:32Z,2024-03-04T17:15:21Z,srs-sudeep,https://github.com/keploy/blog-website/pull/20
23,blog-website,new twitter logo added,merged,2024-03-04T12:53:23Z,2024-03-04T17:17:39Z,mdathar4403,https://github.com/keploy/blog-website/pull/23
8,python-sdk,docs: handling sigterm in README,merged,2024-03-04T08:03:37Z,2024-03-05T08:59:56Z,PranshuSrivastava,https://github.com/keploy/python-sdk/pull/8
3,samples-rust,crud-rust-mongo,merged,2024-02-19T08:06:54Z,2024-03-05T13:49:06Z,Ajeett01,https://github.com/keploy/samples-rust/pull/3
103,samples-go,[fix]: corrected the response of CreateLink to be in sync with docs,merged,2024-02-27T14:27:40Z,2024-03-05T16:27:51Z,VarunGitGood,https://github.com/keploy/samples-go/pull/103
1655,keploy,"docs: correct slack and supported os, add record-replay gif",merged,2024-03-06T07:19:07Z,2024-03-06T07:19:36Z,nehagup,https://github.com/keploy/keploy/pull/1655
76,gsoc,doc:add name in gsoc2024,merged,2024-03-06T08:40:53Z,2024-03-06T12:56:00Z,Hermione2408,https://github.com/keploy/gsoc/pull/76
16,samples-python,fix: Keploy installation method in readme,merged,2024-03-04T06:06:05Z,2024-03-07T06:49:53Z,Sonichigo,https://github.com/keploy/samples-python/pull/16
25,blog-website,Fixing tags,merged,2024-03-05T22:45:01Z,2024-03-07T07:26:26Z,Aditya-eddy,https://github.com/keploy/blog-website/pull/25
21,blog-website,"Fix: Keploy Logo, Title Inconsistencies, View All Posts",merged,2024-02-28T12:01:51Z,2024-03-07T07:54:52Z,its-kunal,https://github.com/keploy/blog-website/pull/21
19,blog-website,Creating author profile,merged,2024-02-28T03:44:04Z,2024-03-07T12:00:28Z,Aditya-eddy,https://github.com/keploy/blog-website/pull/19
1663,keploy,fix: cmd failure if user is not sudoer,merged,2024-03-07T12:20:10Z,2024-03-07T12:22:57Z,slayerjain,https://github.com/keploy/keploy/pull/1663
357,docs,docs: updated pytest docs,merged,2024-03-06T06:46:12Z,2024-03-07T12:32:12Z,PranshuSrivastava,https://github.com/keploy/docs/pull/357
350,docs,docs fixed for bun-js,merged,2024-02-24T11:41:27Z,2024-03-08T06:44:08Z,EraKin575,https://github.com/keploy/docs/pull/350
35,samples-typescript,[fix]:fix elysia cors bug issue,merged,2024-02-22T05:14:06Z,2024-03-08T06:45:30Z,EraKin575,https://github.com/keploy/samples-typescript/pull/35
1668,keploy,fix: broken slack url in contributing guide & code-of-conduct,merged,2024-03-08T06:54:58Z,2024-03-08T08:31:30Z,Sonichigo,https://github.com/keploy/keploy/pull/1668
359,docs,feat: broken glossary links fix,merged,2024-03-08T11:59:55Z,2024-03-08T12:07:27Z,Sonichigo,https://github.com/keploy/docs/pull/359
1462,keploy,feat: add log for test-report url,merged,2024-01-31T06:49:14Z,2024-03-08T13:30:51Z,AkashKumar7902,https://github.com/keploy/keploy/pull/1462
1656,keploy,style: adds debug logs in proxy/http-parser,merged,2024-03-06T11:28:54Z,2024-03-11T15:54:43Z,re-Tick,https://github.com/keploy/keploy/pull/1656
1678,keploy,fix: redirect dns calls by configuring nsswitch config file in linux,merged,2024-03-11T09:38:07Z,2024-03-11T15:57:19Z,re-Tick,https://github.com/keploy/keploy/pull/1678
1680,keploy,fix: adds timeout to the destination connection request in proxy,merged,2024-03-12T10:42:27Z,2024-03-12T11:03:53Z,re-Tick,https://github.com/keploy/keploy/pull/1680
1571,keploy,chore: refactor keploy v2 codebase,merged,2024-02-15T18:25:31Z,2024-03-13T07:23:18Z,slayerjain,https://github.com/keploy/keploy/pull/1571
1683,keploy,"Revert ""chore: refactor keploy v2 codebase""",merged,2024-03-13T07:27:51Z,2024-03-13T07:28:01Z,slayerjain,https://github.com/keploy/keploy/pull/1683
358,docs,Corrected node-express-mongoose.md,merged,2024-03-07T11:34:57Z,2024-03-13T08:14:21Z,Ajeett01,https://github.com/keploy/docs/pull/358
1684,keploy,chore: refactor keploy codebase,merged,2024-03-13T08:16:05Z,2024-03-13T08:17:46Z,slayerjain,https://github.com/keploy/keploy/pull/1684
26,blog-website,Toc fixed,merged,2024-03-08T10:18:04Z,2024-03-13T13:28:29Z,Aditya-eddy,https://github.com/keploy/blog-website/pull/26
1,website,Add infinite loop and fade in effect to Trusted by section and dependencies section,merged,2024-03-09T11:24:38Z,2024-03-13T13:46:45Z,sahadat-sk,https://github.com/keploy/website/pull/1
360,docs,feat: fix the seo and csharp doc added,merged,2024-03-12T07:01:09Z,2024-03-13T14:00:27Z,Sonichigo,https://github.com/keploy/docs/pull/360
1687,keploy,chore: sync some commits,merged,2024-03-13T19:46:35Z,2024-03-13T19:47:46Z,gouravkrosx,https://github.com/keploy/keploy/pull/1687
28,blog-website,Branch addmore stories,merged,2024-03-14T03:16:09Z,2024-03-14T06:38:54Z,Aditya-eddy,https://github.com/keploy/blog-website/pull/28
1686,keploy,fix: refactor github action and lint issues,merged,2024-03-13T17:52:02Z,2024-03-14T06:59:22Z,charankamarapu,https://github.com/keploy/keploy/pull/1686
1688,keploy,fix: config db,merged,2024-03-14T06:32:02Z,2024-03-14T07:00:17Z,charankamarapu,https://github.com/keploy/keploy/pull/1688
1690,keploy,fix: add selectedTests feat,merged,2024-03-14T07:19:15Z,2024-03-14T09:32:54Z,charankamarapu,https://github.com/keploy/keploy/pull/1690
1691,keploy,fix: dns resolution in fedora,merged,2024-03-14T08:59:55Z,2024-03-14T09:42:38Z,gouravkrosx,https://github.com/keploy/keploy/pull/1691
29,blog-website,"Add: Tab added to show language type for code blocks, prettify code blocks",merged,2024-03-14T11:43:03Z,2024-03-15T10:01:58Z,its-kunal,https://github.com/keploy/blog-website/pull/29
361,docs,Fix: route request to correct port 8000,merged,2024-03-17T03:27:39Z,2024-03-18T08:18:26Z,hanzili,https://github.com/keploy/docs/pull/361
1700,keploy,chore: refactored code for unit test integrations,merged,2024-03-16T20:17:53Z,2024-03-18T13:14:48Z,gouravkrosx,https://github.com/keploy/keploy/pull/1700
1692,keploy,fix: color schema and update cmd,merged,2024-03-14T13:04:11Z,2024-03-19T04:53:33Z,charankamarapu,https://github.com/keploy/keploy/pull/1692
5,website,feat: update sitemap,merged,2024-03-14T11:16:44Z,2024-03-19T09:09:54Z,Sonichigo,https://github.com/keploy/website/pull/5
5,pgproto3,refactor: ensure backward compatibility,merged,2024-03-19T10:19:06Z,2024-03-19T10:19:12Z,Sarthak160,https://github.com/keploy/pgproto3/pull/5
7,website,Refactor: Make responsive community section,merged,2024-03-15T20:42:29Z,2024-03-19T10:57:35Z,hanzili,https://github.com/keploy/website/pull/7
1714,keploy,docs: correct docs link and change language for features and running …,merged,2024-03-19T12:45:22Z,2024-03-19T12:50:59Z,nehagup,https://github.com/keploy/keploy/pull/1714
1713,keploy,feat(test): adds clearUnusedMocks flag to remove the unused mocks of a test-set,merged,2024-03-19T10:06:20Z,2024-03-19T17:09:12Z,re-Tick,https://github.com/keploy/keploy/pull/1713
1715,keploy,chore: remove unnecessary binding of root cmd flags,merged,2024-03-20T09:39:23Z,2024-03-20T09:42:08Z,gouravkrosx,https://github.com/keploy/keploy/pull/1715
11,website,fix: sitemap validated and formatted,merged,2024-03-21T07:47:52Z,2024-03-21T09:13:42Z,Sonichigo,https://github.com/keploy/website/pull/11
363,docs,feat: update installation docs,merged,2024-03-21T08:26:29Z,2024-03-21T09:16:15Z,Sonichigo,https://github.com/keploy/docs/pull/363
1718,keploy,fix(cli): adds config as a field in cmdConfigurator and serviceProvider,merged,2024-03-21T14:28:46Z,2024-03-21T16:24:54Z,re-Tick,https://github.com/keploy/keploy/pull/1718
1720,keploy,refactor: sync parsers acc to latest refactor changes,merged,2024-03-22T10:38:21Z,2024-03-23T20:32:33Z,Sarthak160,https://github.com/keploy/keploy/pull/1720
1723,keploy,Fix: Concurrent error in removeUnusedMocks,merged,2024-03-26T09:56:09Z,2024-03-26T20:00:41Z,charankamarapu,https://github.com/keploy/keploy/pull/1723
353,docs,add non-empty examples for config,merged,2024-02-26T12:53:47Z,2024-03-27T06:29:12Z,EraKin575,https://github.com/keploy/docs/pull/353
362,docs,Fix integration package link,merged,2024-03-20T19:51:27Z,2024-03-27T06:46:02Z,hanzili,https://github.com/keploy/docs/pull/362
1727,keploy,fix: ending errors while closing application,merged,2024-03-27T06:04:21Z,2024-03-27T08:34:51Z,charankamarapu,https://github.com/keploy/keploy/pull/1727
1729,keploy,fix(mongo): passes the password in the function arguments,merged,2024-03-27T09:11:04Z,2024-03-27T11:16:14Z,re-Tick,https://github.com/keploy/keploy/pull/1729
4,website,Refactor feature section with parallax effectFeature section refactor,merged,2024-03-13T02:22:17Z,2024-03-27T11:43:08Z,sahadat-sk,https://github.com/keploy/website/pull/4
1708,keploy,docker refactor,merged,2024-03-18T12:39:29Z,2024-03-27T12:24:10Z,shivamsouravjha,https://github.com/keploy/keploy/pull/1708
1741,keploy,fix:lint errors,merged,2024-03-27T12:29:50Z,2024-03-27T12:35:57Z,shivamsouravjha,https://github.com/keploy/keploy/pull/1741
9,website,Refactor testimonials section,merged,2024-03-18T18:30:23Z,2024-03-27T17:07:34Z,sahadat-sk,https://github.com/keploy/website/pull/9
14,website,Remove duplicate community section,merged,2024-03-28T01:26:14Z,2024-03-28T03:39:15Z,sahadat-sk,https://github.com/keploy/website/pull/14
1743,keploy,fix: generic matching,merged,2024-03-28T06:18:39Z,2024-03-28T06:53:43Z,charankamarapu,https://github.com/keploy/keploy/pull/1743
1746,keploy,fix: fixes race warning from the mongo and cmd/run,merged,2024-03-28T07:51:19Z,2024-03-28T08:23:29Z,re-Tick,https://github.com/keploy/keploy/pull/1746
105,typescript-sdk,chore: refactor typescript-sdk,merged,2024-03-21T12:04:43Z,2024-03-28T09:42:28Z,charankamarapu,https://github.com/keploy/typescript-sdk/pull/105
106,typescript-sdk,chore: version bump,merged,2024-03-28T09:46:17Z,2024-03-28T09:46:26Z,charankamarapu,https://github.com/keploy/typescript-sdk/pull/106
170,java-sdk,refactor:sdk keploy,merged,2024-03-21T20:00:57Z,2024-03-28T10:01:53Z,shivamsouravjha,https://github.com/keploy/java-sdk/pull/170
1749,keploy,fix: fixes race conditions in mongo during record,merged,2024-03-28T10:29:37Z,2024-03-28T10:48:54Z,re-Tick,https://github.com/keploy/keploy/pull/1749
9,python-sdk,Refactored unit test integration,merged,2024-03-18T13:19:31Z,2024-03-28T13:49:43Z,gouravkrosx,https://github.com/keploy/python-sdk/pull/9
37,samples-typescript,feat: drizzle-orm and nextjs,merged,2024-03-27T10:21:55Z,2024-03-29T05:59:56Z,Sonichigo,https://github.com/keploy/samples-typescript/pull/37
1751,keploy,fix: go test coverage,merged,2024-03-28T17:24:37Z,2024-03-29T09:05:54Z,charankamarapu,https://github.com/keploy/keploy/pull/1751
1753,keploy,bug fix/1747. enable error logging for invalid flags,merged,2024-03-28T22:00:43Z,2024-03-30T06:17:08Z,ethanwater,https://github.com/keploy/keploy/pull/1753
8,website,Adding twitter mentions,merged,2024-03-18T10:00:56Z,2024-03-31T18:15:43Z,Aditya-eddy,https://github.com/keploy/website/pull/8
13,website,fix/overlapping items,merged,2024-03-27T04:35:45Z,2024-04-01T07:10:45Z,ethanwater,https://github.com/keploy/website/pull/13
15,website,pillar page stub-generation,merged,2024-03-28T06:06:34Z,2024-04-01T16:41:04Z,Hermione2408,https://github.com/keploy/website/pull/15
33,blog-website,"Fix: Aspect Ratio of Author Profile Image, Author Description",merged,2024-03-29T12:10:16Z,2024-04-01T16:45:02Z,its-kunal,https://github.com/keploy/blog-website/pull/33
365,docs,Fix: Table Titles not visible in dark mode,merged,2024-03-30T18:07:33Z,2024-04-01T17:00:31Z,its-kunal,https://github.com/keploy/docs/pull/365
1479,keploy,[feature]: generate GitHub Actions automatically when keploy runs,merged,2024-02-01T20:39:21Z,2024-04-01T17:59:02Z,SkySingh04,https://github.com/keploy/keploy/pull/1479
31,blog-website,Add animations to blog website,merged,2024-03-28T12:12:26Z,2024-04-02T07:12:20Z,its-kunal,https://github.com/keploy/blog-website/pull/31
3,website,Adding commands to quick installation,merged,2024-03-12T07:33:35Z,2024-04-02T07:20:33Z,Aditya-eddy,https://github.com/keploy/website/pull/3
1774,keploy,fix: lint issue,merged,2024-04-02T09:53:20Z,2024-04-02T10:05:17Z,gouravkrosx,https://github.com/keploy/keploy/pull/1774
171,java-sdk,refactor: change run command variable to jar path,merged,2024-04-02T12:27:32Z,2024-04-02T13:08:30Z,shivamsouravjha,https://github.com/keploy/java-sdk/pull/171
367,docs,refactor: updating junit doc,merged,2024-04-02T12:39:46Z,2024-04-02T17:17:39Z,shivamsouravjha,https://github.com/keploy/docs/pull/367
19,website,resolving errors,merged,2024-04-03T05:34:51Z,2024-04-03T08:24:09Z,Aditya-eddy,https://github.com/keploy/website/pull/19
18,website,[refactor]: Limit Display to Three Content Blocks on Small Screens,merged,2024-04-02T13:38:51Z,2024-04-03T08:25:09Z,sahadat-sk,https://github.com/keploy/website/pull/18
368,docs,refactor: updating the version,merged,2024-04-03T08:19:07Z,2024-04-03T08:36:17Z,shivamsouravjha,https://github.com/keploy/docs/pull/368
1,pilot,chore: refactor code with v2,merged,2024-04-03T09:19:47Z,2024-04-03T09:19:57Z,gouravkrosx,https://github.com/keploy/pilot/pull/1
27,devrel-program,update: Cohort7 details,merged,2024-04-04T06:55:54Z,2024-04-04T06:56:56Z,Sonichigo,https://github.com/keploy/devrel-program/pull/27
38,blog-website,Remove: unnecessary imports present in the codebase,merged,2024-04-01T19:22:11Z,2024-04-04T09:48:59Z,its-kunal,https://github.com/keploy/blog-website/pull/38
1781,keploy,fix: perm for keploy files,merged,2024-04-04T12:37:51Z,2024-04-04T17:23:28Z,charankamarapu,https://github.com/keploy/keploy/pull/1781
1761,keploy,refactor: make simulate as a utility function,merged,2024-04-01T08:36:55Z,2024-04-04T19:29:46Z,Sarthak160,https://github.com/keploy/keploy/pull/1761
1787,keploy,fix: make exact match work for chunked pg req,merged,2024-04-07T16:55:22Z,2024-04-07T17:22:09Z,Sarthak160,https://github.com/keploy/keploy/pull/1787
1784,keploy,fix: Made Automatic generation of github action workflow for keploy configurable,merged,2024-04-06T13:29:28Z,2024-04-08T06:08:17Z,SkySingh04,https://github.com/keploy/keploy/pull/1784
369,docs,feat: add nextjs-postgres documentation,merged,2024-04-08T02:02:02Z,2024-04-08T06:44:54Z,Sonichigo,https://github.com/keploy/docs/pull/369
364,docs,refactor:dev setup for binary and docker,merged,2024-03-29T08:16:13Z,2024-04-08T06:46:15Z,shivamsouravjha,https://github.com/keploy/docs/pull/364
32,blog-website,Correct routing,merged,2024-03-29T06:30:31Z,2024-04-08T06:47:50Z,Aditya-eddy,https://github.com/keploy/blog-website/pull/32
1789,keploy,chore: bump cosign version to 3.4.0,merged,2024-04-08T06:27:00Z,2024-04-08T07:13:42Z,Sarthak160,https://github.com/keploy/keploy/pull/1789
17,website,Add new languages and New Frameworks.,merged,2024-04-01T04:45:49Z,2024-04-08T10:08:26Z,Aditya-eddy,https://github.com/keploy/website/pull/17
1,community-blog,Update: 5 unit testing you must know in 2024,merged,2024-03-26T06:44:48Z,2024-04-08T11:37:18Z,Sonichigo,https://github.com/keploy/community-blog/pull/1
1796,keploy,refactor: add some null check while parsing pg request,merged,2024-04-09T11:33:09Z,2024-04-09T11:54:55Z,Sarthak160,https://github.com/keploy/keploy/pull/1796
172,java-sdk,refactor: bumping jacoc to 0.8.12,merged,2024-04-08T09:32:09Z,2024-04-09T19:51:58Z,shivamsouravjha,https://github.com/keploy/java-sdk/pull/172
1803,keploy,fix: blocking of keploy after interrupt while using http deps,merged,2024-04-10T10:31:55Z,2024-04-10T11:19:22Z,gouravkrosx,https://github.com/keploy/keploy/pull/1803
1804,keploy,fix: add length check in pg parser,merged,2024-04-10T11:12:31Z,2024-04-10T11:33:36Z,gouravkrosx,https://github.com/keploy/keploy/pull/1804
1776,keploy,feat: add support for keploy test bench for native environment,merged,2024-04-03T12:58:53Z,2024-04-10T16:13:28Z,gouravkrosx,https://github.com/keploy/keploy/pull/1776
40,blog-website,[fix] Table of Contents Positioning Issue on Medium Screens,merged,2024-04-02T14:35:39Z,2024-04-11T07:15:48Z,sahadat-sk,https://github.com/keploy/blog-website/pull/40
21,website,Adding githubFlow File to @Website/repo,merged,2024-04-05T00:11:24Z,2024-04-11T07:34:21Z,Aditya-eddy,https://github.com/keploy/website/pull/21
370,docs,feat: update keploy config instructions,merged,2024-04-11T11:42:57Z,2024-04-11T11:48:10Z,Sonichigo,https://github.com/keploy/docs/pull/370
30,blog-website,feat:subscription newsletter in single post page,merged,2024-03-15T19:03:22Z,2024-04-11T12:15:57Z,Hermione2408,https://github.com/keploy/blog-website/pull/30
1816,keploy,fix: closing of keploy due to panic in any parser,merged,2024-04-11T21:07:07Z,2024-04-12T08:01:30Z,gouravkrosx,https://github.com/keploy/keploy/pull/1816
1814,keploy,fix: go coverage in native,merged,2024-04-11T13:49:15Z,2024-04-12T10:02:09Z,gouravkrosx,https://github.com/keploy/keploy/pull/1814
1819,keploy,fix: high priority static check bugs,merged,2024-04-12T10:31:37Z,2024-04-12T10:41:23Z,slayerjain,https://github.com/keploy/keploy/pull/1819
1820,keploy,docs: add adopters list and remove platform requirements,merged,2024-04-12T11:59:24Z,2024-04-12T12:02:16Z,nehagup,https://github.com/keploy/keploy/pull/1820
175,java-sdk,add: support of user command,merged,2024-04-12T11:59:48Z,2024-04-13T07:23:21Z,shivamsouravjha,https://github.com/keploy/java-sdk/pull/175
1822,keploy,fix: pass through not working in case of https request,merged,2024-04-12T13:20:02Z,2024-04-13T10:23:54Z,gouravkrosx,https://github.com/keploy/keploy/pull/1822
1597,keploy,Bug Fix: Keploy test runs succesfully with no test cases,merged,2024-02-18T15:42:18Z,2024-04-15T02:57:45Z,SkySingh04,https://github.com/keploy/keploy/pull/1597
1817,keploy,refactor: time date format,merged,2024-04-12T05:43:06Z,2024-04-15T08:22:11Z,shivamsouravjha,https://github.com/keploy/keploy/pull/1817
1647,keploy,[BUG]: Added check for detach mode,merged,2024-03-04T11:44:55Z,2024-04-15T08:59:37Z,Yaxhveer,https://github.com/keploy/keploy/pull/1647
1821,keploy,fix: added schema match for JSON body,merged,2024-04-12T13:16:05Z,2024-04-15T09:57:33Z,PranshuSrivastava,https://github.com/keploy/keploy/pull/1821
1825,keploy,feat: make passthrough in http parser configurable,merged,2024-04-15T10:15:11Z,2024-04-15T10:22:19Z,gouravkrosx,https://github.com/keploy/keploy/pull/1825
1824,keploy,refactor: add keploy test-id header in simulate,merged,2024-04-15T10:12:04Z,2024-04-15T10:23:28Z,Sarthak160,https://github.com/keploy/keploy/pull/1824
28,website,"Pillar pages for native integration, test duplication and ebpf instrumentations",merged,2024-04-12T09:11:40Z,2024-04-15T13:36:08Z,Hermione2408,https://github.com/keploy/website/pull/28
31,website,fix: import of community.css,merged,2024-04-17T06:08:15Z,2024-04-17T07:11:32Z,Hermione2408,https://github.com/keploy/website/pull/31
1832,keploy,feat: add support for async http matching,merged,2024-04-17T14:04:30Z,2024-04-18T08:29:44Z,gouravkrosx,https://github.com/keploy/keploy/pull/1832
177,java-sdk,feat: add closeDelay to support async calls coverage,merged,2024-04-18T14:30:00Z,2024-04-18T18:57:12Z,gouravkrosx,https://github.com/keploy/java-sdk/pull/177
372,docs,fix: naming convention in nextjs-mongo,merged,2024-04-15T07:26:39Z,2024-04-19T05:48:19Z,Sonichigo,https://github.com/keploy/docs/pull/372
1526,keploy,Feat: Added --disableANSI Flag to CLI to enable/disable ANSI Color Codes,merged,2024-02-07T19:05:28Z,2024-04-19T06:46:58Z,SkySingh04,https://github.com/keploy/keploy/pull/1526
1841,keploy,chore: made `disableANSI` flag case lowercase,merged,2024-04-20T14:20:49Z,2024-04-20T15:01:47Z,gouravkrosx,https://github.com/keploy/keploy/pull/1841
1828,keploy,[feature]: Added Validate() function to check if the linux kernel version is lower than 5.15,merged,2024-04-16T09:25:21Z,2024-04-20T17:33:30Z,SkySingh04,https://github.com/keploy/keploy/pull/1828
20,website,Adding Ui changes in /stub-generation,merged,2024-04-03T10:22:21Z,2024-04-22T07:24:56Z,Aditya-eddy,https://github.com/keploy/website/pull/20
11,python-sdk,chore: fix imports of python-sdk,merged,2024-04-23T06:43:44Z,2024-04-23T06:44:59Z,gouravkrosx,https://github.com/keploy/python-sdk/pull/11
375,docs,feat: update docs of JWT-Node,merged,2024-04-22T06:41:58Z,2024-04-23T07:00:55Z,Sonichigo,https://github.com/keploy/docs/pull/375
376,docs,feat: update test coverage guide for sdk,merged,2024-04-23T07:12:09Z,2024-04-23T08:02:36Z,Sonichigo,https://github.com/keploy/docs/pull/376
1847,keploy,fix: add keploy-test-id header to noisy field in abs match,merged,2024-04-23T09:16:00Z,2024-04-23T09:48:48Z,gouravkrosx,https://github.com/keploy/keploy/pull/1847
1850,keploy,fix: fixes dns problem to redirect them to proxy in test mode,merged,2024-04-24T08:28:16Z,2024-04-24T09:35:44Z,re-Tick,https://github.com/keploy/keploy/pull/1850
44,blog-website,Correcting routing for the Hero Post.,merged,2024-04-23T05:55:48Z,2024-04-24T11:18:32Z,Aditya-eddy,https://github.com/keploy/blog-website/pull/44
34,blog-website,Add animations to blog website,merged,2024-03-30T05:06:53Z,2024-04-24T17:43:35Z,sahadat-sk,https://github.com/keploy/blog-website/pull/34
377,docs,feat: remove sys from import,merged,2024-04-24T05:38:04Z,2024-04-25T05:50:40Z,darkin424,https://github.com/keploy/docs/pull/377
45,blog-website,correcting fallback,merged,2024-04-26T06:11:57Z,2024-04-26T12:19:30Z,Aditya-eddy,https://github.com/keploy/blog-website/pull/45
5,testGPT,feat: add support for testing keploy with itself,merged,2024-04-29T10:54:52Z,2024-04-29T11:04:19Z,gouravkrosx,https://github.com/keploy/testGPT/pull/5
24,website,Fix: use of Link tag instead of anchor tag.,merged,2024-04-10T04:04:31Z,2024-04-30T11:56:45Z,its-kunal,https://github.com/keploy/website/pull/24
29,website,Removed code block from Keploy developer section in keploy website la…,merged,2024-04-12T14:03:44Z,2024-04-30T12:23:19Z,maskedeman,https://github.com/keploy/website/pull/29
41,blog-website,Fix: change breakpoint for large screens.,merged,2024-04-03T12:42:29Z,2024-04-30T12:24:40Z,its-kunal,https://github.com/keploy/blog-website/pull/41
6,testGPT,fix: add support to use this action in keploy,merged,2024-05-01T13:58:06Z,2024-05-01T13:58:31Z,gouravkrosx,https://github.com/keploy/testGPT/pull/6
1589,keploy,[Feature]: Create a normalisation command in keploy CLI,merged,2024-02-17T07:49:09Z,2024-05-02T11:22:10Z,SkySingh04,https://github.com/keploy/keploy/pull/1589
7,testGPT,revert: the changes to v1,merged,2024-05-02T19:09:27Z,2024-05-02T19:09:45Z,gouravkrosx,https://github.com/keploy/testGPT/pull/7
1846,keploy,feat: add ci pipeline for testing gin-mongo native,merged,2024-04-23T07:13:53Z,2024-05-03T08:16:11Z,gouravkrosx,https://github.com/keploy/keploy/pull/1846
1857,keploy,add:support of multiple clusters,merged,2024-05-02T11:55:36Z,2024-05-03T08:37:27Z,shivamsouravjha,https://github.com/keploy/keploy/pull/1857
384,docs,fix: pytest documentation,merged,2024-04-29T12:08:06Z,2024-05-06T06:55:17Z,Swpn0neel,https://github.com/keploy/docs/pull/384
1704,keploy,feat: add mock re-record functionality in v2,merged,2024-03-18T05:34:17Z,2024-05-06T10:53:36Z,EraKin575,https://github.com/keploy/keploy/pull/1704
383,docs,feat: update broken links and glossary page from user pov,merged,2024-04-28T12:24:27Z,2024-05-07T08:19:53Z,Sonichigo,https://github.com/keploy/docs/pull/383
33,website,feat: 'Resources' tab in the navigation menu and sign up form in Pillar pages,merged,2024-04-26T16:54:33Z,2024-05-07T10:36:07Z,Hermione2408,https://github.com/keploy/website/pull/33
1859,keploy,Normalise,merged,2024-05-04T07:49:35Z,2024-05-07T13:00:40Z,charankamarapu,https://github.com/keploy/keploy/pull/1859
108,typescript-sdk,feat: add code for getting coverage per req,merged,2024-05-08T08:33:24Z,2024-05-08T08:39:02Z,Sarthak160,https://github.com/keploy/typescript-sdk/pull/108
388,docs,docs: add docs for keploy test-bench,merged,2024-05-08T08:26:27Z,2024-05-08T09:20:05Z,gouravkrosx,https://github.com/keploy/docs/pull/388
387,docs,docs: add normalize info,merged,2024-05-08T08:10:23Z,2024-05-08T09:42:25Z,charankamarapu,https://github.com/keploy/docs/pull/387
380,docs,Added docs for the sample-flask-mongo-local app,merged,2024-04-25T14:46:37Z,2024-05-08T09:45:10Z,Swpn0neel,https://github.com/keploy/docs/pull/380
34,website,feat: add new pillar pages,merged,2024-05-08T11:01:42Z,2024-05-08T12:43:08Z,Sonichigo,https://github.com/keploy/website/pull/34
45,samples-typescript,Added mongoose App,merged,2024-04-24T15:54:43Z,2024-05-09T05:14:26Z,Rohitrky2021,https://github.com/keploy/samples-typescript/pull/45
44,samples-typescript,feat : express-mongo application,merged,2024-04-22T10:41:35Z,2024-05-09T05:16:34Z,sarthaksarthak9,https://github.com/keploy/samples-typescript/pull/44
43,samples-typescript,Add express-mongoose application,merged,2024-04-21T09:26:08Z,2024-05-09T05:18:44Z,PrithwikaDas,https://github.com/keploy/samples-typescript/pull/43
40,samples-typescript,feat: added express-mongoose application,merged,2024-04-17T15:21:36Z,2024-05-09T05:23:02Z,s2ahil,https://github.com/keploy/samples-typescript/pull/40
38,samples-typescript,fix: naming convention,merged,2024-04-15T07:27:07Z,2024-05-09T06:54:11Z,Sonichigo,https://github.com/keploy/samples-typescript/pull/38
1872,keploy,Globalnoise,merged,2024-05-08T05:41:57Z,2024-05-09T09:55:16Z,amoghumesh,https://github.com/keploy/keploy/pull/1872
389,docs,fix: internal links in node-jwt quickstart,merged,2024-05-09T11:10:34Z,2024-05-09T12:00:38Z,Sonichigo,https://github.com/keploy/docs/pull/389
1874,keploy,chore: Parameterise binary to docker logic,merged,2024-05-08T11:20:55Z,2024-05-09T13:21:52Z,PranshuSrivastava,https://github.com/keploy/keploy/pull/1874
1877,keploy,chore: add docker ip log and remove a switch,merged,2024-05-09T13:09:15Z,2024-05-09T13:42:37Z,slayerjain,https://github.com/keploy/keploy/pull/1877
1860,keploy,fix: fix typo in cli/mock.go,merged,2024-05-06T15:26:22Z,2024-05-09T13:59:46Z,Priyansh121096,https://github.com/keploy/keploy/pull/1860
1837,keploy,Fix bypass rules filter,merged,2024-04-18T16:25:30Z,2024-05-10T08:52:00Z,ChinmayaSharma-hue,https://github.com/keploy/keploy/pull/1837
1808,keploy,fix: folder permissions,merged,2024-04-10T18:50:25Z,2024-05-10T12:02:32Z,charankamarapu,https://github.com/keploy/keploy/pull/1808
109,typescript-sdk,refactor: add logs to debug,merged,2024-05-13T04:22:18Z,2024-05-13T04:22:25Z,Sarthak160,https://github.com/keploy/typescript-sdk/pull/109
2,community-blog,Seo,merged,2024-05-13T05:11:28Z,2024-05-13T05:11:43Z,Sonichigo,https://github.com/keploy/community-blog/pull/2
378,docs,feat: add node-express-mongo docs,merged,2024-04-25T04:12:40Z,2024-05-13T05:16:33Z,sarthaksarthak9,https://github.com/keploy/docs/pull/378
1809,keploy,refactor: sync mysql changes acc to latest code,merged,2024-04-10T20:27:43Z,2024-05-13T06:31:25Z,Sarthak160,https://github.com/keploy/keploy/pull/1809
110,typescript-sdk,fix: req per coverage for docker,merged,2024-05-13T07:48:45Z,2024-05-13T07:50:55Z,Sarthak160,https://github.com/keploy/typescript-sdk/pull/110
111,typescript-sdk,feat: add support for node14 onwards,merged,2024-05-13T11:07:53Z,2024-05-13T11:11:35Z,Sarthak160,https://github.com/keploy/typescript-sdk/pull/111
112,typescript-sdk,chore: resolve conflicts,merged,2024-05-13T11:28:37Z,2024-05-13T11:28:54Z,Sarthak160,https://github.com/keploy/typescript-sdk/pull/112
1878,keploy,Update keploy.sh,merged,2024-05-13T17:35:03Z,2024-05-14T06:19:41Z,charankamarapu,https://github.com/keploy/keploy/pull/1878
390,docs,fix: change keploy installation url,merged,2024-05-13T07:57:33Z,2024-05-14T07:27:59Z,charankamarapu,https://github.com/keploy/docs/pull/390
39,website,fix: pillar pages based on new keywords and revamp old ones,merged,2024-05-15T07:03:57Z,2024-05-15T08:43:11Z,Sonichigo,https://github.com/keploy/website/pull/39
113,typescript-sdk,feat: expose middleware for dist usage,merged,2024-05-15T12:02:35Z,2024-05-15T12:02:41Z,Sarthak160,https://github.com/keploy/typescript-sdk/pull/113
366,docs,added docs for re-record,merged,2024-04-01T04:15:43Z,2024-05-17T11:40:53Z,EraKin575,https://github.com/keploy/docs/pull/366
36,samples-typescript,Change EXPOSE to correct port in dockerfile,merged,2024-03-17T03:45:40Z,2024-05-17T11:50:46Z,hanzili,https://github.com/keploy/samples-typescript/pull/36
1863,keploy,fix: example generate in config file,merged,2024-05-07T10:11:44Z,2024-05-18T15:23:13Z,Sonichigo,https://github.com/keploy/keploy/pull/1863
394,docs,feat: glossary pages updated,merged,2024-05-16T11:00:55Z,2024-05-20T06:49:32Z,Sonichigo,https://github.com/keploy/docs/pull/394
395,docs,fix: Added documentation for record filters and bypass rules,merged,2024-05-17T06:13:44Z,2024-05-20T06:49:52Z,ChinmayaSharma-hue,https://github.com/keploy/docs/pull/395
3,community-blog,update post: Arindam's blogpost,merged,2024-05-20T07:52:27Z,2024-05-20T07:52:34Z,Sonichigo,https://github.com/keploy/community-blog/pull/3
1881,keploy,fix: test pipeline failing due to test-set order,merged,2024-05-20T08:54:55Z,2024-05-20T09:00:33Z,gouravkrosx,https://github.com/keploy/keploy/pull/1881
1876,keploy,fix: fixed re-record for docker,merged,2024-05-08T11:31:56Z,2024-05-20T09:06:31Z,EraKin575,https://github.com/keploy/keploy/pull/1876
1882,keploy,feat: add a hook function to extract testReports,merged,2024-05-20T09:08:44Z,2024-05-20T09:28:39Z,Sarthak160,https://github.com/keploy/keploy/pull/1882
1883,keploy,feat: add a hook function to extract testReports,merged,2024-05-20T09:29:15Z,2024-05-21T06:06:23Z,Sarthak160,https://github.com/keploy/keploy/pull/1883
1835,keploy,add: support of custom mock name,merged,2024-04-18T14:07:10Z,2024-05-21T07:08:44Z,shivamsouravjha,https://github.com/keploy/keploy/pull/1835
1586,keploy,[BUG]: Fixed docker start command bug,merged,2024-02-16T18:04:40Z,2024-05-21T10:02:49Z,Yaxhveer,https://github.com/keploy/keploy/pull/1586
1890,keploy,fix: timeout causing issues in test run,merged,2024-05-22T18:49:57Z,2024-05-22T19:22:43Z,PranshuSrivastava,https://github.com/keploy/keploy/pull/1890
1891,keploy,fix: lint issue due to invalid comment,merged,2024-05-22T19:34:47Z,2024-05-22T19:40:03Z,gouravkrosx,https://github.com/keploy/keploy/pull/1891
40,website,feat:adding API text in heading of Hero Page,merged,2024-05-15T09:52:04Z,2024-05-23T06:22:06Z,Hermione2408,https://github.com/keploy/website/pull/40
41,website,fix:parallax Effect and installation command,merged,2024-05-22T13:34:48Z,2024-05-23T06:42:05Z,Hermione2408,https://github.com/keploy/website/pull/41
396,docs,feat: update keploy config guide,merged,2024-05-20T07:48:50Z,2024-05-23T07:43:18Z,Sonichigo,https://github.com/keploy/docs/pull/396
1893,keploy,refactor: change ascii print condition,merged,2024-05-24T07:56:30Z,2024-05-24T08:07:36Z,gouravkrosx,https://github.com/keploy/keploy/pull/1893
46,blog-website,waitlist banner instead of subscribe newsletter,merged,2024-05-03T07:30:14Z,2024-05-26T06:55:14Z,Hermione2408,https://github.com/keploy/blog-website/pull/46
1896,keploy,fix: log warning in case of ca failures,merged,2024-05-26T06:58:57Z,2024-05-26T07:02:01Z,slayerjain,https://github.com/keploy/keploy/pull/1896
1899,keploy,add:redis parser,merged,2024-05-26T15:07:28Z,2024-05-27T10:48:40Z,shivamsouravjha,https://github.com/keploy/keploy/pull/1899
374,docs,upgrading Docusaurus to v3,merged,2024-04-16T03:37:13Z,2024-05-28T10:01:19Z,Aditya-eddy,https://github.com/keploy/docs/pull/374
1907,keploy,feat: add option to pass env vars to keploy container,merged,2024-05-28T15:55:06Z,2024-05-28T18:13:38Z,shivamsouravjha,https://github.com/keploy/keploy/pull/1907
1905,keploy,refactor: move docker client to platform,merged,2024-05-28T13:17:24Z,2024-05-28T18:24:38Z,gouravkrosx,https://github.com/keploy/keploy/pull/1905
1911,keploy,ci: add viper_bind_struct tag to the build commands,merged,2024-05-29T08:17:51Z,2024-05-29T10:39:13Z,shivamsouravjha,https://github.com/keploy/keploy/pull/1911
1912,keploy,refactor: remove binary matching for postgres sorted mocks,merged,2024-05-30T11:15:30Z,2024-05-30T11:35:52Z,Sarthak160,https://github.com/keploy/keploy/pull/1912
1879,keploy,fix:keploy CLI logs error message when command is unknown,merged,2024-05-17T10:35:58Z,2024-05-31T05:07:35Z,khareyash05,https://github.com/keploy/keploy/pull/1879
1914,keploy,Fix/race cond,merged,2024-05-31T16:07:42Z,2024-05-31T19:01:23Z,dxtym,https://github.com/keploy/keploy/pull/1914
1918,keploy,chore: check for file type while counting test set indices,merged,2024-06-03T07:37:40Z,2024-06-03T07:52:51Z,shivamsouravjha,https://github.com/keploy/keploy/pull/1918
400,docs,feat: added CI integration of GitHub and GitLab,merged,2024-05-28T06:40:11Z,2024-06-03T13:31:31Z,Sonichigo,https://github.com/keploy/docs/pull/400
398,docs,changing the blogs link in community section on the home page to point to latest blog site,merged,2024-05-23T06:45:58Z,2024-06-04T04:58:27Z,anshjain16,https://github.com/keploy/docs/pull/398
15,react-diff-viewer,React diff viewer changes to mark noise,merged,2024-06-04T03:15:47Z,2024-06-04T19:00:07Z,Hermione2408,https://github.com/keploy/react-diff-viewer/pull/15
1926,keploy,feat: add support for docker container commands,merged,2024-06-05T07:01:03Z,2024-06-05T07:07:39Z,gouravkrosx,https://github.com/keploy/keploy/pull/1926
46,samples-typescript,feat: add unit tests,merged,2024-06-05T12:16:59Z,2024-06-05T12:24:17Z,charankamarapu,https://github.com/keploy/samples-typescript/pull/46
1920,keploy,feat: add support for global passthrough in test mode,merged,2024-06-03T21:40:58Z,2024-06-05T12:34:55Z,gouravkrosx,https://github.com/keploy/keploy/pull/1920
1927,keploy,chore: kill docker container,merged,2024-06-05T12:26:52Z,2024-06-05T15:29:11Z,shivamsouravjha,https://github.com/keploy/keploy/pull/1927
1928,keploy,fix: releaser version,merged,2024-06-05T15:57:58Z,2024-06-05T16:09:04Z,shivamsouravjha,https://github.com/keploy/keploy/pull/1928
1930,keploy,refactor: update redundant logs in pg parser,merged,2024-06-05T18:35:00Z,2024-06-05T18:41:15Z,Sarthak160,https://github.com/keploy/keploy/pull/1930
1931,keploy,chore: fix compilation errors on macos,merged,2024-06-06T15:32:50Z,2024-06-06T15:39:09Z,slayerjain,https://github.com/keploy/keploy/pull/1931
1933,keploy,fix: send kill to container group,merged,2024-06-06T18:05:32Z,2024-06-06T18:22:06Z,shivamsouravjha,https://github.com/keploy/keploy/pull/1933
1934,keploy,chore: fix lint issue,merged,2024-06-06T18:55:52Z,2024-06-06T19:02:17Z,gouravkrosx,https://github.com/keploy/keploy/pull/1934
42,samples-typescript,feat: nestjs + drizzle + supabase,merged,2024-04-21T04:57:14Z,2024-06-07T07:30:36Z,khareyash05,https://github.com/keploy/samples-typescript/pull/42
402,docs,feat: add keploy guide to run in jenkins with example,merged,2024-06-05T13:40:18Z,2024-06-07T07:45:35Z,Sonichigo,https://github.com/keploy/docs/pull/402
1937,keploy,ci: use macos github action for goreleaser,merged,2024-06-07T08:47:56Z,2024-06-07T08:48:56Z,slayerjain,https://github.com/keploy/keploy/pull/1937
1936,keploy,feat: add mac binary release,merged,2024-06-07T08:13:23Z,2024-06-07T08:49:37Z,charankamarapu,https://github.com/keploy/keploy/pull/1936
1938,keploy,ci: enable gon installation and apple signing for release,merged,2024-06-07T09:00:39Z,2024-06-07T09:00:55Z,slayerjain,https://github.com/keploy/keploy/pull/1938
1939,keploy,ci: fix missing env APPLE_ACCOUNT_PASSWORD for gon,merged,2024-06-07T09:05:49Z,2024-06-07T09:06:02Z,slayerjain,https://github.com/keploy/keploy/pull/1939
1940,keploy,ci: change the version of gon used,merged,2024-06-07T09:22:44Z,2024-06-07T09:22:52Z,slayerjain,https://github.com/keploy/keploy/pull/1940
1942,keploy,ci: add team id to gon for notarization,merged,2024-06-07T09:43:00Z,2024-06-07T09:43:10Z,slayerjain,https://github.com/keploy/keploy/pull/1942
1945,keploy,ci: fix gon notarisation failing due to auth error,merged,2024-06-07T10:21:44Z,2024-06-07T10:21:53Z,slayerjain,https://github.com/keploy/keploy/pull/1945
1913,keploy,feat: add unit test generation,merged,2024-05-30T17:14:16Z,2024-06-07T12:08:22Z,charankamarapu,https://github.com/keploy/keploy/pull/1913
1947,keploy,fix: race in pg and type filtering in parsers,merged,2024-06-07T11:22:36Z,2024-06-07T12:20:17Z,shivamsouravjha,https://github.com/keploy/keploy/pull/1947
1916,keploy,feat: add support for replacing baseUrl of test case url,merged,2024-06-01T20:52:33Z,2024-06-08T13:48:43Z,gouravkrosx,https://github.com/keploy/keploy/pull/1916
44,website,feat: create new Pillar pages and update old ones,merged,2024-06-06T17:04:52Z,2024-06-10T06:19:34Z,Sonichigo,https://github.com/keploy/website/pull/44
1950,keploy,fix: sudo access in Darwin installation,merged,2024-06-10T07:09:07Z,2024-06-10T07:14:42Z,charankamarapu,https://github.com/keploy/keploy/pull/1950
1948,keploy,feat: add support for testSet config,merged,2024-06-09T20:13:51Z,2024-06-10T09:25:27Z,gouravkrosx,https://github.com/keploy/keploy/pull/1948
6,pgproto3,refactor: add log for copyfail message,merged,2024-06-10T10:46:32Z,2024-06-10T10:46:38Z,Sarthak160,https://github.com/keploy/pgproto3/pull/6
1955,keploy,Unit test generation,merged,2024-06-10T13:27:53Z,2024-06-10T13:30:58Z,nehagup,https://github.com/keploy/keploy/pull/1955
1954,keploy,feat: add support for running pre/post scripts of test-set,merged,2024-06-10T11:33:53Z,2024-06-10T14:02:35Z,gouravkrosx,https://github.com/keploy/keploy/pull/1954
48,samples-typescript,add: dumb-init to stop docker container,merged,2024-06-13T07:29:28Z,2024-06-13T07:34:12Z,shivamsouravjha,https://github.com/keploy/samples-typescript/pull/48
1952,keploy,chore: add race in docker and native,merged,2024-06-10T09:55:45Z,2024-06-13T10:55:48Z,shivamsouravjha,https://github.com/keploy/keploy/pull/1952
1959,keploy,fix: add windows binary,merged,2024-06-11T16:02:18Z,2024-06-14T08:52:34Z,charankamarapu,https://github.com/keploy/keploy/pull/1959
106,samples-go,Refactor : update Readme,merged,2024-06-13T02:36:35Z,2024-06-14T08:59:15Z,sarthaksarthak9,https://github.com/keploy/samples-go/pull/106
19,samples-python,"Added Flask+MongoDB app with Unit tests, Postman testcases, Keploy tests and test coverage report",merged,2024-04-23T12:18:52Z,2024-06-14T09:01:28Z,Swpn0neel,https://github.com/keploy/samples-python/pull/19
104,samples-go,refactor: add code coverage steps in echo & mux sql sample application,merged,2024-06-05T12:04:25Z,2024-06-14T09:14:13Z,Sonichigo,https://github.com/keploy/samples-go/pull/104
21,samples-python,feat: revert for the workflow,merged,2024-06-14T09:25:48Z,2024-06-14T09:28:35Z,Sonichigo,https://github.com/keploy/samples-python/pull/21
22,samples-python,refactor: changes revert in flask-mongo,merged,2024-06-14T09:48:45Z,2024-06-14T09:52:31Z,Sonichigo,https://github.com/keploy/samples-python/pull/22
1966,keploy,fix : remove ignore tag,merged,2024-06-14T09:08:19Z,2024-06-14T10:01:38Z,charankamarapu,https://github.com/keploy/keploy/pull/1966
1967,keploy,fix: main.go build by moving Umask methods to utils,merged,2024-06-14T10:25:38Z,2024-06-14T10:51:47Z,charankamarapu,https://github.com/keploy/keploy/pull/1967
1970,keploy,docs: add windows installation,merged,2024-06-14T13:11:17Z,2024-06-14T13:18:45Z,charankamarapu,https://github.com/keploy/keploy/pull/1970
107,samples-go,feat: add utg guide in mux-sql,merged,2024-06-14T13:07:49Z,2024-06-14T13:43:23Z,Sonichigo,https://github.com/keploy/samples-go/pull/107
1971,keploy,docs: add unit-gen docs,merged,2024-06-14T17:15:40Z,2024-06-14T17:17:25Z,nehagup,https://github.com/keploy/keploy/pull/1971
1968,keploy,chore: move error in config read to utils,merged,2024-06-14T12:54:23Z,2024-06-14T18:15:49Z,shivamsouravjha,https://github.com/keploy/keploy/pull/1968
49,samples-typescript,feat: add utg guide,merged,2024-06-14T16:45:37Z,2024-06-15T16:24:52Z,Sonichigo,https://github.com/keploy/samples-typescript/pull/49
1973,keploy,ci: add python docker workflow,merged,2024-06-17T05:36:58Z,2024-06-17T06:38:05Z,charankamarapu,https://github.com/keploy/keploy/pull/1973
1965,keploy,feat: add a separate denoise functionality for apis,merged,2024-06-14T06:49:48Z,2024-06-17T07:55:40Z,Sarthak160,https://github.com/keploy/keploy/pull/1965
45,website,feat: update sitemap 595 urls,merged,2024-06-18T07:54:11Z,2024-06-18T08:16:12Z,Sonichigo,https://github.com/keploy/website/pull/45
404,docs,feat: add UTG guide,merged,2024-06-17T13:33:47Z,2024-06-18T08:19:42Z,Sonichigo,https://github.com/keploy/docs/pull/404
47,blog-website,refactor: guest post rename,merged,2024-06-18T10:14:11Z,2024-06-18T10:15:30Z,Sonichigo,https://github.com/keploy/blog-website/pull/47
20,samples-python,Updated README,merged,2024-06-12T11:41:23Z,2024-06-18T10:32:15Z,Swpn0neel,https://github.com/keploy/samples-python/pull/20
1960,keploy,fix: Datetime parsing in mysql,merged,2024-06-12T06:45:56Z,2024-06-19T06:37:28Z,PranshuSrivastava,https://github.com/keploy/keploy/pull/1960
1977,keploy,feat: update utg and main readme,merged,2024-06-19T08:04:39Z,2024-06-19T09:37:57Z,Sonichigo,https://github.com/keploy/keploy/pull/1977
1978,keploy,fix: global Noise for python-linux config,merged,2024-06-19T12:02:58Z,2024-06-19T12:16:25Z,khareyash05,https://github.com/keploy/keploy/pull/1978
1900,keploy,fix: events and interfaces,merged,2024-05-26T18:00:29Z,2024-06-19T13:14:07Z,AkashKumar7902,https://github.com/keploy/keploy/pull/1900
1981,keploy,feat: expose delete test  in test service,merged,2024-06-21T05:50:45Z,2024-06-21T06:13:35Z,charankamarapu,https://github.com/keploy/keploy/pull/1981
405,docs,fix: broken slack url,merged,2024-06-20T10:30:19Z,2024-06-21T08:19:25Z,Sonichigo,https://github.com/keploy/docs/pull/405
5,python-sdk,feat: integrations for django and flask,merged,2024-02-07T10:59:10Z,2024-06-21T09:47:26Z,AkashKumar7902,https://github.com/keploy/python-sdk/pull/5
1984,keploy,fix: remove config limitation,merged,2024-06-21T10:38:41Z,2024-06-21T11:07:32Z,charankamarapu,https://github.com/keploy/keploy/pull/1984
393,docs,added deduplication docs,merged,2024-05-14T16:11:45Z,2024-06-21T11:39:42Z,EraKin575,https://github.com/keploy/docs/pull/393
1982,keploy,fix: MySql matching problem due to absence of request and response timestamps,merged,2024-06-21T09:26:54Z,2024-06-21T12:53:16Z,gouravkrosx,https://github.com/keploy/keploy/pull/1982
47,samples-typescript,Refactor: update master Readme,merged,2024-06-13T02:38:56Z,2024-06-24T05:16:09Z,sarthaksarthak9,https://github.com/keploy/samples-typescript/pull/47
4,samples-rust,Updated README,merged,2024-06-12T11:26:58Z,2024-06-24T05:29:48Z,Swpn0neel,https://github.com/keploy/samples-rust/pull/4
406,docs,fix: --withCoverage to --goCoverage,merged,2024-06-23T05:52:18Z,2024-06-24T07:30:31Z,khareyash05,https://github.com/keploy/docs/pull/406
108,samples-go,feat: add more example with keploy test coverage,merged,2024-06-21T08:38:38Z,2024-06-24T14:51:28Z,Sonichigo,https://github.com/keploy/samples-go/pull/108
1976,keploy,Migrate camel cased flags to kebab case + enable backward compatibility,merged,2024-06-18T12:07:49Z,2024-06-24T18:55:24Z,khareyash05,https://github.com/keploy/keploy/pull/1976
399,docs,Merged and fixed the documentation of flask + mongo app,merged,2024-05-26T20:44:08Z,2024-06-25T02:21:41Z,Swpn0neel,https://github.com/keploy/docs/pull/399
12,python-sdk,fix: modularized coverage middlewares,merged,2024-06-24T07:56:28Z,2024-06-25T10:07:12Z,PranshuSrivastava,https://github.com/keploy/python-sdk/pull/12
46,website,feat: update sitemaps with urls,merged,2024-06-18T10:08:45Z,2024-06-25T12:42:31Z,Sonichigo,https://github.com/keploy/website/pull/46
1991,keploy,refactor: update normalize and noise models,merged,2024-06-25T14:13:14Z,2024-06-25T14:24:54Z,Sarthak160,https://github.com/keploy/keploy/pull/1991
1990,keploy,fix: added check for prisma prepare statement matching,merged,2024-06-25T07:33:06Z,2024-06-25T14:25:34Z,PranshuSrivastava,https://github.com/keploy/keploy/pull/1990
22,website,Adding webstories,merged,2024-04-09T23:25:24Z,2024-06-26T09:04:25Z,Aditya-eddy,https://github.com/keploy/website/pull/22
48,website,fixing errors on the landing page.,merged,2024-06-26T10:16:42Z,2024-06-26T10:31:06Z,Aditya-eddy,https://github.com/keploy/website/pull/48
1994,keploy,fix: remove user docker compose file after use,merged,2024-06-26T03:39:48Z,2024-06-26T10:58:38Z,khareyash05,https://github.com/keploy/keploy/pull/1994
1992,keploy,fix: denoise bugs,merged,2024-06-25T17:03:15Z,2024-06-26T12:21:03Z,charankamarapu,https://github.com/keploy/keploy/pull/1992
43,website,Fixed responsiveness issue in medium screen,merged,2024-05-29T11:44:36Z,2024-06-26T12:23:36Z,Swpn0neel,https://github.com/keploy/website/pull/43
1993,keploy,fix: install specific version for keploy,merged,2024-06-25T18:08:54Z,2024-06-26T14:10:26Z,khareyash05,https://github.com/keploy/keploy/pull/1993
71,samples-java,Updated README,merged,2024-06-12T11:27:16Z,2024-06-27T07:41:25Z,Swpn0neel,https://github.com/keploy/samples-java/pull/71
1974,keploy,refactor: rerecord feature for better user experience,merged,2024-06-18T10:04:49Z,2024-06-27T12:11:40Z,gouravkrosx,https://github.com/keploy/keploy/pull/1974
1997,keploy,fix: macos build issues and add pipeline,merged,2024-06-27T12:49:05Z,2024-06-27T13:02:35Z,slayerjain,https://github.com/keploy/keploy/pull/1997
1987,keploy,Added support for user to add their own docker compose fileName using -f flag,merged,2024-06-23T19:08:13Z,2024-06-27T17:48:03Z,Aryakoste,https://github.com/keploy/keploy/pull/1987
1999,keploy,fix: kebabCase bug for nested flag,merged,2024-06-28T06:04:12Z,2024-06-28T06:31:56Z,charankamarapu,https://github.com/keploy/keploy/pull/1999
407,docs,feat: add keploy console ui guide,merged,2024-06-26T14:39:34Z,2024-06-28T07:23:27Z,Sonichigo,https://github.com/keploy/docs/pull/407
2001,keploy,fix: kebab error,merged,2024-06-28T08:43:31Z,2024-06-28T08:49:29Z,charankamarapu,https://github.com/keploy/keploy/pull/2001
409,docs,refactor: enterprise docs and separate platform requirements,merged,2024-06-28T10:59:45Z,2024-06-28T11:00:05Z,nehagup,https://github.com/keploy/docs/pull/409
2005,keploy,fix: debugfs auto created by the docker daemon on macOS,merged,2024-06-28T21:41:02Z,2024-06-28T22:01:04Z,shivamsouravjha,https://github.com/keploy/keploy/pull/2005
2007,keploy,fix: dns bug in macOS,merged,2024-06-30T13:12:43Z,2024-06-30T14:06:55Z,gouravkrosx,https://github.com/keploy/keploy/pull/2007
72,samples-java,chore: update the ca.cert url,merged,2024-06-30T14:44:31Z,2024-06-30T14:44:53Z,slayerjain,https://github.com/keploy/samples-java/pull/72
50,website,chore: add gtag and correct clipboard copy value for installation,merged,2024-07-01T14:56:23Z,2024-07-01T14:56:35Z,nehagup,https://github.com/keploy/website/pull/50
42,blog-website,Types for the blog website,merged,2024-04-10T12:33:36Z,2024-07-01T20:31:52Z,its-kunal,https://github.com/keploy/blog-website/pull/42
2022,keploy,fix: mysql packets type assertion,merged,2024-07-02T07:24:00Z,2024-07-02T09:01:20Z,gouravkrosx,https://github.com/keploy/keploy/pull/2022
1895,keploy,fix: client connection id,merged,2024-05-25T21:09:17Z,2024-07-02T19:36:01Z,shivamsouravjha,https://github.com/keploy/keploy/pull/1895
1785,keploy,feat: new experience to get coverage report,merged,2024-04-06T13:32:06Z,2024-07-03T09:38:53Z,AkashKumar7902,https://github.com/keploy/keploy/pull/1785
410,docs,docs: add new coverage docs based on new coverage generation approach,merged,2024-07-03T10:55:24Z,2024-07-03T11:53:54Z,AkashKumar7902,https://github.com/keploy/docs/pull/410
2028,keploy,fix: add yarn to langauge detection and set skipcoverage to true when…,merged,2024-07-03T12:11:54Z,2024-07-03T12:23:16Z,AkashKumar7902,https://github.com/keploy/keploy/pull/2028
1818,keploy,docs: adds comments to describe the mongo parser,merged,2024-04-12T10:24:14Z,2024-07-04T10:24:39Z,re-Tick,https://github.com/keploy/keploy/pull/1818
1988,keploy,feat: add codespaces in readme,merged,2024-06-24T07:27:33Z,2024-07-04T10:33:48Z,Sonichigo,https://github.com/keploy/keploy/pull/1988
403,docs,add: mock registry,merged,2024-06-16T09:20:42Z,2024-07-04T11:08:03Z,shivamsouravjha,https://github.com/keploy/docs/pull/403
43,blog-website,adding reviewed by section in the blogs and header details in the posts.,merged,2024-04-18T05:05:17Z,2024-07-04T11:57:48Z,Aditya-eddy,https://github.com/keploy/blog-website/pull/43
1998,keploy,clenup color scheme for disabled ANSI in logs,merged,2024-06-27T15:22:18Z,2024-07-04T12:45:26Z,besasch88,https://github.com/keploy/keploy/pull/1998
53,samples-typescript,feat: update db config changes,merged,2024-07-04T13:37:49Z,2024-07-04T13:38:36Z,khareyash05,https://github.com/keploy/samples-typescript/pull/53
2032,keploy,chore: refactor code for macOS compatibility for replay svc features,merged,2024-07-04T20:12:16Z,2024-07-05T07:31:10Z,gouravkrosx,https://github.com/keploy/keploy/pull/2032
51,website,fix:removed iframe,merged,2024-07-05T09:33:11Z,2024-07-05T09:34:36Z,Hermione2408,https://github.com/keploy/website/pull/51
411,docs,Add coverage documentation,merged,2024-07-03T13:10:49Z,2024-07-05T09:53:44Z,Sonichigo,https://github.com/keploy/docs/pull/411
54,samples-typescript,feat: Update auth.controller.js,merged,2024-07-05T11:33:11Z,2024-07-05T11:34:30Z,khareyash05,https://github.com/keploy/samples-typescript/pull/54
2036,keploy,fix: case of config,merged,2024-07-05T11:54:48Z,2024-07-05T12:23:17Z,shivamsouravjha,https://github.com/keploy/keploy/pull/2036
2037,keploy,fix: fixing coverage command,merged,2024-07-05T14:31:52Z,2024-07-05T14:59:12Z,shivamsouravjha,https://github.com/keploy/keploy/pull/2037
2025,keploy,feat: ignore tests,merged,2024-07-02T17:07:59Z,2024-07-08T09:57:33Z,charankamarapu,https://github.com/keploy/keploy/pull/2025
412,docs,feat: updated docs with kebab case,merged,2024-07-08T07:01:32Z,2024-07-08T10:22:16Z,khareyash05,https://github.com/keploy/docs/pull/412
2049,keploy,fix: export UpdateConfigData function,merged,2024-07-08T10:22:49Z,2024-07-08T10:48:19Z,charankamarapu,https://github.com/keploy/keploy/pull/2049
2054,keploy,refactor: add test coverage data in the AfterTestHook,merged,2024-07-09T11:51:20Z,2024-07-09T13:04:44Z,Sarthak160,https://github.com/keploy/keploy/pull/2054
2050,keploy,feat: in CI flag,merged,2024-07-08T11:00:06Z,2024-07-10T06:18:07Z,khareyash05,https://github.com/keploy/keploy/pull/2050
52,website,feat: add microsoft identity association json,merged,2024-07-08T07:03:09Z,2024-07-10T09:25:58Z,Hermione2408,https://github.com/keploy/website/pull/52
2057,keploy,fix: ignore testCase bug,merged,2024-07-10T12:04:08Z,2024-07-10T12:15:28Z,charankamarapu,https://github.com/keploy/keploy/pull/2057
2058,keploy,fix: add ignored field in test run summary,merged,2024-07-10T13:34:42Z,2024-07-11T07:20:12Z,charankamarapu,https://github.com/keploy/keploy/pull/2058
2004,keploy,refactor: remove regex matching for noisy keys,merged,2024-06-28T14:50:49Z,2024-07-11T07:31:33Z,Sarthak160,https://github.com/keploy/keploy/pull/2004
2059,keploy,refactor: fix linter issue in testreport verdict,merged,2024-07-11T07:36:37Z,2024-07-11T07:41:50Z,Sarthak160,https://github.com/keploy/keploy/pull/2059
2060,keploy,fix: test -cover flag only when binary is provided,merged,2024-07-11T07:43:53Z,2024-07-11T08:17:06Z,AkashKumar7902,https://github.com/keploy/keploy/pull/2060
2061,keploy,fix: only analyze first argument to check if binary was build with cover flag or not,merged,2024-07-11T10:40:06Z,2024-07-11T11:41:26Z,AkashKumar7902,https://github.com/keploy/keploy/pull/2061
2065,keploy,fix: windows release,merged,2024-07-15T07:17:03Z,2024-07-15T07:50:52Z,PranshuSrivastava,https://github.com/keploy/keploy/pull/2065
2066,keploy,feat: windows pipeline,merged,2024-07-15T09:30:29Z,2024-07-15T10:40:09Z,PranshuSrivastava,https://github.com/keploy/keploy/pull/2066
115,typescript-sdk,fix: dedup changes,merged,2024-07-15T10:38:21Z,2024-07-15T10:41:03Z,shivamsouravjha,https://github.com/keploy/typescript-sdk/pull/115
415,docs,feat: go time freezing docs,merged,2024-07-15T10:38:53Z,2024-07-15T11:28:17Z,khareyash05,https://github.com/keploy/docs/pull/415
48,blog-website,Solvingerrors,merged,2024-07-04T06:18:27Z,2024-07-15T12:21:14Z,Aditya-eddy,https://github.com/keploy/blog-website/pull/48
416,docs,Go time freeze docs,merged,2024-07-15T13:14:53Z,2024-07-15T13:50:32Z,khareyash05,https://github.com/keploy/docs/pull/416
14,.github,Added kROC'24 leaderboard,merged,2024-07-15T14:18:50Z,2024-07-15T14:18:57Z,Swpn0neel,https://github.com/keploy/.github/pull/14
49,blog-website,solving build errors for the blog-website.,merged,2024-07-15T16:21:33Z,2024-07-15T16:46:03Z,Aditya-eddy,https://github.com/keploy/blog-website/pull/49
2009,keploy,add: handle the closing of yaml file write,merged,2024-07-01T08:53:08Z,2024-07-16T07:54:52Z,shivamsouravjha,https://github.com/keploy/keploy/pull/2009
414,docs,feat: add other installation methods and glossary terms,merged,2024-07-15T09:54:24Z,2024-07-16T12:33:56Z,Sonichigo,https://github.com/keploy/docs/pull/414
15,.github,fix: broken image url,merged,2024-07-16T12:07:21Z,2024-07-16T14:30:46Z,Sonichigo,https://github.com/keploy/.github/pull/15
47,website,feat: add UTG pillar page,merged,2024-06-24T03:39:33Z,2024-07-16T14:41:16Z,Sonichigo,https://github.com/keploy/website/pull/47
422,docs,Update `jsxBracketSameLine` to `bracketSameLine`,merged,2024-07-18T08:20:08Z,2024-07-18T08:34:28Z,starvader13,https://github.com/keploy/docs/pull/422
16,react-diff-viewer,fix: remove escape sequence in case of noise values,merged,2024-07-17T10:20:10Z,2024-07-18T09:15:25Z,Sarthak160,https://github.com/keploy/react-diff-viewer/pull/16
2093,keploy,feat: Passing testset id along with test id,merged,2024-07-18T07:58:32Z,2024-07-18T09:21:18Z,PranshuSrivastava,https://github.com/keploy/keploy/pull/2093
49,website,Added preview image for landing page,merged,2024-06-27T10:09:53Z,2024-07-18T09:24:46Z,yaten2302,https://github.com/keploy/website/pull/49
16,.github,"Fixed the ""Explore More"" links in keploy.io",merged,2024-07-17T14:47:43Z,2024-07-18T14:27:30Z,yaten2302,https://github.com/keploy/.github/pull/16
413,docs,Update docs to use config --generate,merged,2024-07-14T19:08:44Z,2024-07-19T05:48:03Z,n-cekic,https://github.com/keploy/docs/pull/413
421,docs,[docs]: added example for handling nested JSON fields,merged,2024-07-18T07:39:16Z,2024-07-19T05:59:22Z,GauriBhandari,https://github.com/keploy/docs/pull/421
5,vscode-extension,feat: inital keploy vscode extension version,merged,2024-05-21T08:46:15Z,2024-07-19T06:32:13Z,SkySingh04,https://github.com/keploy/vscode-extension/pull/5
6,vscode-extension,fix: workflow,merged,2024-07-19T06:41:11Z,2024-07-19T06:44:35Z,Sonichigo,https://github.com/keploy/vscode-extension/pull/6
2073,keploy,Fix keploy gives error for gin mongo when recorded with docker compose,merged,2024-07-15T16:22:04Z,2024-07-19T06:56:41Z,sagnik3788,https://github.com/keploy/keploy/pull/2073
7,vscode-extension,fix: workflow name,merged,2024-07-19T07:04:24Z,2024-07-19T07:06:08Z,Sonichigo,https://github.com/keploy/vscode-extension/pull/7
2100,keploy,feat : Update keploy.sh to remove keploybin to keploy,merged,2024-07-19T09:30:23Z,2024-07-19T10:04:59Z,SkySingh04,https://github.com/keploy/keploy/pull/2100
417,docs,Solves GIFs seems grainy/pixelated in dark mode,merged,2024-07-17T14:33:28Z,2024-07-19T11:12:40Z,starvader13,https://github.com/keploy/docs/pull/417
55,samples-typescript,fix: update mongo guide,merged,2024-07-19T12:01:50Z,2024-07-19T12:03:19Z,Sonichigo,https://github.com/keploy/samples-typescript/pull/55
425,docs,feat: update the jenkins pipeline instructions,merged,2024-07-19T12:18:07Z,2024-07-19T12:23:49Z,Sonichigo,https://github.com/keploy/docs/pull/425
50,blog-website,Update CNCF Landscape URL and target attribute,merged,2024-07-20T03:52:00Z,2024-07-21T08:31:02Z,starvader13,https://github.com/keploy/blog-website/pull/50
19,.github,Update leaderboard with 2092 and 2020 solved issue points,merged,2024-07-21T02:49:30Z,2024-07-21T11:43:25Z,starvader13,https://github.com/keploy/.github/pull/19
10,writers-program,[Bug]: Hero Image Not Responsive on Mobile,merged,2024-07-18T11:43:07Z,2024-07-21T11:44:29Z,shreyashrpawar,https://github.com/keploy/writers-program/pull/10
60,website,added FAQs to Keploy's /unit-test-generator route,merged,2024-07-19T14:41:57Z,2024-07-21T11:51:33Z,yaten2302,https://github.com/keploy/website/pull/60
2081,keploy,feat: Update README.md,merged,2024-07-16T12:04:10Z,2024-07-22T06:00:22Z,Sonichigo,https://github.com/keploy/keploy/pull/2081
2089,keploy,chore: colorise logo,merged,2024-07-17T13:02:32Z,2024-07-22T07:00:07Z,shivamsouravjha,https://github.com/keploy/keploy/pull/2089
2096,keploy,fix: docker pid mode issue and add SIGINT for macOS binary,merged,2024-07-18T14:16:38Z,2024-07-22T07:13:58Z,khareyash05,https://github.com/keploy/keploy/pull/2096
9,vscode-extension,Akash singh04 release1.0.1,merged,2024-07-19T12:45:48Z,2024-07-22T09:49:48Z,Sonichigo,https://github.com/keploy/vscode-extension/pull/9
18,.github,Updating leaderboard,merged,2024-07-18T15:15:20Z,2024-07-22T10:33:38Z,shreyashrpawar,https://github.com/keploy/.github/pull/18
61,website,Update CNCF URL and Ensure Footer Images Links open In New Tab,merged,2024-07-20T03:19:01Z,2024-07-22T10:34:41Z,starvader13,https://github.com/keploy/website/pull/61
2,engineering-blogs,Integration of PRs from 1002 to 1090,merged,2024-07-22T10:55:25Z,2024-07-22T13:31:51Z,we-kash,https://github.com/keploy/engineering-blogs/pull/2
1,engineering-blogs,Issue 2104 integrate PR from 1091 to 1164,merged,2024-07-22T09:39:05Z,2024-07-22T14:56:04Z,BHAV0207,https://github.com/keploy/engineering-blogs/pull/1
429,docs,fix: update installation method in docker via wsl/linux,merged,2024-07-22T10:04:09Z,2024-07-23T05:44:02Z,Sonichigo,https://github.com/keploy/docs/pull/429
2115,keploy,add: sync pipeline,merged,2024-07-22T10:11:24Z,2024-07-23T10:51:24Z,shivamsouravjha,https://github.com/keploy/keploy/pull/2115
2119,keploy,"Revert ""add: sync pipeline""",merged,2024-07-23T10:54:11Z,2024-07-23T11:15:05Z,shivamsouravjha,https://github.com/keploy/keploy/pull/2119
116,typescript-sdk,fix: update sdk to add testSet to dedupData as well,merged,2024-07-23T05:35:31Z,2024-07-23T11:18:57Z,PranshuSrivastava,https://github.com/keploy/typescript-sdk/pull/116
13,python-sdk,fix: fetching keploy-test-id from request header,merged,2024-06-28T07:21:15Z,2024-07-23T11:39:15Z,AkashKumar7902,https://github.com/keploy/python-sdk/pull/13
56,website,Language icons on home page point to their respective samples page,merged,2024-07-17T20:24:14Z,2024-07-23T13:31:16Z,debayangg,https://github.com/keploy/website/pull/56
2122,keploy,fix: total coverage for node app,merged,2024-07-23T13:33:15Z,2024-07-23T14:26:01Z,khareyash05,https://github.com/keploy/keploy/pull/2122
2124,keploy,fix build failure and return non zero status for test failures,merged,2024-07-23T18:11:18Z,2024-07-23T19:11:02Z,anirudhjain75,https://github.com/keploy/keploy/pull/2124
2105,keploy,added FAQs to Keploy's Readme,merged,2024-07-19T15:06:57Z,2024-07-24T06:53:46Z,yaten2302,https://github.com/keploy/keploy/pull/2105
5,samples-rust,fix: authentication,merged,2024-07-24T06:59:52Z,2024-07-24T07:08:14Z,Sonichigo,https://github.com/keploy/samples-rust/pull/5
55,website,Add Email Check to Keploy Test Coverage Challenge,merged,2024-07-17T07:12:50Z,2024-07-24T08:42:11Z,starvader13,https://github.com/keploy/website/pull/55
427,docs,fix: fixed redirection on versions,merged,2024-07-21T15:06:30Z,2024-07-24T14:22:12Z,ayush3160,https://github.com/keploy/docs/pull/427
2132,keploy,chore: disable github actions autogen until fixed,merged,2024-07-25T12:47:29Z,2024-07-25T13:45:04Z,slayerjain,https://github.com/keploy/keploy/pull/2132
430,docs,fix: updated the documentation according to the new dedup,merged,2024-07-23T10:42:01Z,2024-07-26T05:40:58Z,PranshuSrivastava,https://github.com/keploy/docs/pull/430
428,docs,Added FAQs to Keploy/docs website,merged,2024-07-22T04:30:59Z,2024-07-26T06:01:10Z,yaten2302,https://github.com/keploy/docs/pull/428
15,samples-python,fix: fastapi with docker compose,merged,2024-02-22T00:18:09Z,2024-07-26T07:04:04Z,Guruprasanna02,https://github.com/keploy/samples-python/pull/15
57,samples-typescript,fix: added logic for dedup,merged,2024-07-26T07:23:05Z,2024-07-26T07:26:19Z,PranshuSrivastava,https://github.com/keploy/samples-typescript/pull/57
2117,keploy,fix: go cmd parser,merged,2024-07-22T12:46:27Z,2024-07-26T08:30:31Z,AkashKumar7902,https://github.com/keploy/keploy/pull/2117
105,samples-go,feat: add unit test,merged,2024-06-05T18:15:19Z,2024-07-26T09:40:14Z,charankamarapu,https://github.com/keploy/samples-go/pull/105
2123,keploy,feat: log time taken to perform tests,merged,2024-07-23T14:57:48Z,2024-07-27T11:16:33Z,debayangg,https://github.com/keploy/keploy/pull/2123
26,.github,Added PR's for kROC24,merged,2024-07-27T11:45:50Z,2024-07-27T13:05:52Z,debayangg,https://github.com/keploy/.github/pull/26
2141,keploy,fix: fixed `ReadSessionIndices` Function,merged,2024-07-28T07:05:47Z,2024-07-28T07:15:29Z,ayush3160,https://github.com/keploy/keploy/pull/2141
2,pilot,Changed Keploy Version,merged,2024-07-28T07:49:23Z,2024-07-28T08:21:53Z,ayush3160,https://github.com/keploy/pilot/pull/2
3,pilot,Update release.yml,merged,2024-07-28T08:27:46Z,2024-07-28T08:28:41Z,charankamarapu,https://github.com/keploy/pilot/pull/3
22,.github,Update leaderboard with Issue-2103 solved issue points,merged,2024-07-24T00:54:34Z,2024-07-28T08:34:35Z,starvader13,https://github.com/keploy/.github/pull/22
2116,keploy,feat: Add test reports folder to gitignore,merged,2024-07-22T10:18:11Z,2024-07-28T08:36:01Z,ayush3160,https://github.com/keploy/keploy/pull/2116
77,samples-java,feat: update employee manager,merged,2024-07-29T07:53:13Z,2024-07-29T10:36:54Z,PranshuSrivastava,https://github.com/keploy/samples-java/pull/77
27,.github,updated leaderboard for issue #2095(yaten2302),merged,2024-07-29T05:03:05Z,2024-07-29T11:24:34Z,yaten2302,https://github.com/keploy/.github/pull/27
431,docs,update glossary terms,merged,2024-07-29T11:50:16Z,2024-07-29T17:46:41Z,Sonichigo,https://github.com/keploy/docs/pull/431
2135,keploy,fix: postgres parser bug,merged,2024-07-25T20:17:08Z,2024-07-29T19:04:17Z,charankamarapu,https://github.com/keploy/keploy/pull/2135
23,.github,Added point for issue 2106,merged,2024-07-25T09:33:50Z,2024-07-29T19:45:23Z,ayush3160,https://github.com/keploy/.github/pull/23
2155,keploy,fix: panic in isFiltered when incomming http without port,merged,2024-07-30T11:50:32Z,2024-07-30T12:09:15Z,slayerjain,https://github.com/keploy/keploy/pull/2155
1,react-minimap,feat: adding react minimap component,merged,2024-07-23T06:07:21Z,2024-07-30T14:36:02Z,Hermione2408,https://github.com/keploy/react-minimap/pull/1
110,samples-go,feat: go jwt application,merged,2024-07-29T08:57:34Z,2024-07-31T07:46:40Z,khareyash05,https://github.com/keploy/samples-go/pull/110
420,docs,Removed Irrelevant Languages from Test Coverage Generation Section,merged,2024-07-18T04:34:29Z,2024-07-31T16:37:06Z,starvader13,https://github.com/keploy/docs/pull/420
67,website,"chore: add eslinter, remove duplicate code",merged,2024-08-01T06:42:17Z,2024-08-01T06:42:28Z,nehagup,https://github.com/keploy/website/pull/67
1,demo-projects,feat: add demo projects,merged,2024-08-01T10:53:14Z,2024-08-01T10:53:22Z,charankamarapu,https://github.com/keploy/demo-projects/pull/1
28,.github,Leaderboard update,merged,2024-08-01T07:33:50Z,2024-08-01T12:48:32Z,starvader13,https://github.com/keploy/.github/pull/28
2107,keploy,added script to check for deprecated dependecy,merged,2024-07-21T08:48:37Z,2024-08-02T07:13:16Z,sratslla,https://github.com/keploy/keploy/pull/2107
25,samples-python,add coverage guide and refacator flask and fastapi apps,merged,2024-07-25T14:01:55Z,2024-08-04T03:55:02Z,Sonichigo,https://github.com/keploy/samples-python/pull/25
436,docs,fix: typo for no of modes,merged,2024-08-01T15:44:12Z,2024-08-04T04:07:52Z,jaiakash,https://github.com/keploy/docs/pull/436
62,website,bug fixed,merged,2024-07-25T09:40:43Z,2024-08-04T09:55:09Z,Aman172003,https://github.com/keploy/website/pull/62
27,samples-python,refactor: remove keployFlaskMiddleware,merged,2024-08-04T14:41:10Z,2024-08-04T14:42:09Z,Sarthak160,https://github.com/keploy/samples-python/pull/27
2178,keploy,fix: failing python native and docker test pipeline,merged,2024-08-04T12:17:43Z,2024-08-04T18:03:15Z,Sarthak160,https://github.com/keploy/keploy/pull/2178
56,samples-typescript,Feat: Added a new samples app using typescript & nhost,merged,2024-07-22T07:58:26Z,2024-08-05T06:23:07Z,wingman47,https://github.com/keploy/samples-typescript/pull/56
2084,keploy,feat: added `--overwrite` flag in installation script,merged,2024-07-16T16:25:39Z,2024-08-05T13:37:21Z,suvanbanerjee,https://github.com/keploy/keploy/pull/2084
2183,keploy,feat: introduce flag to replace http host,merged,2024-08-05T12:28:53Z,2024-08-05T14:34:11Z,Sarthak160,https://github.com/keploy/keploy/pull/2183
2182,keploy,feat: add encoding for mysql packet,merged,2024-08-05T12:15:10Z,2024-08-05T18:58:49Z,Hermione2408,https://github.com/keploy/keploy/pull/2182
4,community-blog,Seo,merged,2024-08-06T11:53:15Z,2024-08-06T11:53:38Z,Sonichigo,https://github.com/keploy/community-blog/pull/4
2188,keploy,feat: introduce flag to replace http port,merged,2024-08-06T14:22:37Z,2024-08-06T17:52:56Z,Sarthak160,https://github.com/keploy/keploy/pull/2188
2192,keploy,refactor: override host header if present in the request,merged,2024-08-07T10:52:10Z,2024-08-07T11:05:25Z,Sarthak160,https://github.com/keploy/keploy/pull/2192
2194,keploy,fix: diff viewer for noise,merged,2024-08-07T11:37:38Z,2024-08-07T12:51:16Z,shivamsouravjha,https://github.com/keploy/keploy/pull/2194
2195,keploy,refactor: move overwrite before changing to /tmp,merged,2024-08-07T13:32:19Z,2024-08-07T13:55:02Z,Sarthak160,https://github.com/keploy/keploy/pull/2195
2,demo-projects,add: docker releaser,merged,2024-08-07T13:51:27Z,2024-08-07T16:10:25Z,shivamsouravjha,https://github.com/keploy/demo-projects/pull/2
2170,keploy,javascript line by line coverage disable option added,merged,2024-08-02T11:25:39Z,2024-08-08T06:09:45Z,sratslla,https://github.com/keploy/keploy/pull/2170
23,samples-python,feat: add sanic+mongo sample app,merged,2024-06-25T19:49:25Z,2024-08-08T06:10:28Z,Swpn0neel,https://github.com/keploy/samples-python/pull/23
440,docs,docs for new flag disable-line-coverage,merged,2024-08-05T14:35:55Z,2024-08-08T06:12:43Z,sratslla,https://github.com/keploy/docs/pull/440
26,samples-python,feat: created a sample app using flask and redis,merged,2024-08-02T22:24:05Z,2024-08-08T06:38:40Z,Aman172003,https://github.com/keploy/samples-python/pull/26
3,demo-projects,add: sample workflow,merged,2024-08-08T06:39:17Z,2024-08-08T07:10:27Z,shivamsouravjha,https://github.com/keploy/demo-projects/pull/3
4,demo-projects,add: context path,merged,2024-08-08T07:24:05Z,2024-08-08T07:24:54Z,shivamsouravjha,https://github.com/keploy/demo-projects/pull/4
2181,keploy,feat: update templates,merged,2024-08-05T09:58:27Z,2024-08-08T07:28:08Z,Sonichigo,https://github.com/keploy/keploy/pull/2181
5,demo-projects,add: cosign,merged,2024-08-08T07:53:27Z,2024-08-08T07:53:51Z,shivamsouravjha,https://github.com/keploy/demo-projects/pull/5
432,docs,added keploy doc changes for flag --skip-preview,merged,2024-07-29T13:17:21Z,2024-08-08T08:03:31Z,debayangg,https://github.com/keploy/docs/pull/432
71,website,"fix: pain problems in utg, rt",merged,2024-08-08T08:01:31Z,2024-08-08T08:03:42Z,Sonichigo,https://github.com/keploy/website/pull/71
52,blog-website,fix: github api fetch call,merged,2024-08-08T10:26:54Z,2024-08-08T11:03:42Z,Sonichigo,https://github.com/keploy/blog-website/pull/52
51,blog-website,Fix overflowing video in blogs,merged,2024-07-31T13:32:34Z,2024-08-08T11:04:39Z,suvanbanerjee,https://github.com/keploy/blog-website/pull/51
2197,keploy,fix: placeholder in the bug-report,merged,2024-08-08T11:11:19Z,2024-08-08T11:22:03Z,Sonichigo,https://github.com/keploy/keploy/pull/2197
2149,keploy,feat: add support for prepared statements in `MySQL`,merged,2024-07-29T12:30:18Z,2024-08-08T17:53:46Z,gouravkrosx,https://github.com/keploy/keploy/pull/2149
2203,keploy,feat: add support for native pass auth in mysql,merged,2024-08-11T08:23:32Z,2024-08-11T12:14:24Z,gouravkrosx,https://github.com/keploy/keploy/pull/2203
437,docs,docs: added fasthttp-postgress documentation,merged,2024-08-04T09:11:43Z,2024-08-12T06:16:29Z,mastersans,https://github.com/keploy/docs/pull/437
68,website,feat: added marquee animation,merged,2024-08-01T20:28:05Z,2024-08-12T06:18:19Z,Aman172003,https://github.com/keploy/website/pull/68
10,vscode-extension,Release1.0.2,merged,2024-07-28T18:22:12Z,2024-08-12T06:19:30Z,SkySingh04,https://github.com/keploy/vscode-extension/pull/10
113,samples-go,Added an http app to test http parser,merged,2024-08-03T12:48:36Z,2024-08-12T17:03:36Z,jaydee029,https://github.com/keploy/samples-go/pull/113
6,community-blog,Update: All about System Integration Testing in software testing,merged,2024-08-13T06:22:56Z,2024-08-13T06:23:04Z,Sonichigo,https://github.com/keploy/community-blog/pull/6
53,blog-website,fix: prevent wp-caption from overflowing on mobile devices,merged,2024-08-08T16:37:46Z,2024-08-13T16:04:16Z,suvanbanerjee,https://github.com/keploy/blog-website/pull/53
1957,keploy,feat: Add templatization for common fields,merged,2024-06-11T10:27:42Z,2024-08-15T19:32:03Z,PranshuSrivastava,https://github.com/keploy/keploy/pull/1957
78,samples-java,feat: add spring-mysql-redis to samples java,merged,2024-08-14T08:56:59Z,2024-08-16T07:22:57Z,Hermione2408,https://github.com/keploy/samples-java/pull/78
1,JetBrains-extension,IntelliJ Extension Beta,merged,2024-07-28T16:18:58Z,2024-08-16T08:37:30Z,SkySingh04,https://github.com/keploy/JetBrains-extension/pull/1
2212,keploy,fix: mongo support for 4 and above,merged,2024-08-15T18:28:30Z,2024-08-16T12:02:45Z,shivamsouravjha,https://github.com/keploy/keploy/pull/2212
72,website,adding wingify for A/B testing,merged,2024-08-16T12:07:09Z,2024-08-16T12:16:41Z,TvisharajiK,https://github.com/keploy/website/pull/72
2215,keploy,fix: missed reading eof packet leads to blocked client conn,merged,2024-08-17T08:59:54Z,2024-08-17T10:26:41Z,gouravkrosx,https://github.com/keploy/keploy/pull/2215
2,JetBrains-extension,Added Build files for deployment,merged,2024-08-16T14:34:21Z,2024-08-17T10:52:30Z,SkySingh04,https://github.com/keploy/JetBrains-extension/pull/2
423,docs,[docs]: Added instructions for using npm to run the Docusaurus site locally,merged,2024-07-19T07:23:32Z,2024-08-19T05:26:18Z,GauriBhandari,https://github.com/keploy/docs/pull/423
438,docs,Sse docs,merged,2024-08-04T13:42:58Z,2024-08-19T05:32:05Z,Ishaanj18,https://github.com/keploy/docs/pull/438
401,docs,Added docs for samples-express-mongoose.md,merged,2024-05-28T15:21:25Z,2024-08-19T05:33:28Z,s2ahil,https://github.com/keploy/docs/pull/401
442,docs,fix: typo and update styling in glossary page,merged,2024-08-07T04:12:25Z,2024-08-19T05:42:01Z,Abbhiishek,https://github.com/keploy/docs/pull/442
2216,keploy,feat: make utg use github login,merged,2024-08-19T11:49:15Z,2024-08-19T13:55:01Z,Sarthak160,https://github.com/keploy/keploy/pull/2216
2179,keploy,Mock upload,merged,2024-08-04T17:59:27Z,2024-08-19T14:02:59Z,charankamarapu,https://github.com/keploy/keploy/pull/2179
74,website,rb2b-2,merged,2024-08-19T10:42:34Z,2024-08-20T06:38:57Z,TvisharajiK,https://github.com/keploy/website/pull/74
2102,keploy,feat: Add Github login,merged,2024-07-19T13:41:03Z,2024-08-20T10:39:42Z,charankamarapu,https://github.com/keploy/keploy/pull/2102
115,samples-go,feat: add echo-mysql app for mysql demo,merged,2024-08-16T11:03:55Z,2024-08-20T10:43:38Z,Hermione2408,https://github.com/keploy/samples-go/pull/115
2219,keploy,fix: lint error,merged,2024-08-20T11:01:54Z,2024-08-20T11:07:12Z,charankamarapu,https://github.com/keploy/keploy/pull/2219
2221,keploy,fix: secret variables mismatch,merged,2024-08-20T11:35:17Z,2024-08-20T11:43:45Z,charankamarapu,https://github.com/keploy/keploy/pull/2221
2223,keploy,fix: secret names mismatch,merged,2024-08-20T12:10:02Z,2024-08-20T12:16:30Z,charankamarapu,https://github.com/keploy/keploy/pull/2223
2225,keploy,fix: test bench not failing when pilot exits with exit 1,merged,2024-08-20T18:03:18Z,2024-08-20T18:41:28Z,gouravkrosx,https://github.com/keploy/keploy/pull/2225
2228,keploy,fix: remove curl comparison in abs match of test bench,merged,2024-08-20T19:05:25Z,2024-08-20T19:08:57Z,gouravkrosx,https://github.com/keploy/keploy/pull/2228
14,vscode-extension,fix: Removed internal params from the default config string,merged,2024-08-08T07:50:29Z,2024-08-21T02:06:00Z,ayush3160,https://github.com/keploy/vscode-extension/pull/14
2224,keploy,fix: ignore machine id if not present,merged,2024-08-20T17:39:22Z,2024-08-21T06:21:57Z,charankamarapu,https://github.com/keploy/keploy/pull/2224
2229,keploy,refactor: set docker image as global variable,merged,2024-08-21T07:22:12Z,2024-08-21T07:30:42Z,Sarthak160,https://github.com/keploy/keploy/pull/2229
17,vscode-extension,feat: removed out/compiled dir and added rollup to ci,merged,2024-08-21T07:41:03Z,2024-08-21T07:44:56Z,Sarthak160,https://github.com/keploy/vscode-extension/pull/17
16,vscode-extension,feat: removed out/compiled dir and added rollup to ci,merged,2024-08-20T16:58:50Z,2024-08-21T07:44:58Z,SkySingh04,https://github.com/keploy/vscode-extension/pull/16
2231,keploy,fix: docker installationId mismatch,merged,2024-08-21T10:25:47Z,2024-08-21T10:33:57Z,charankamarapu,https://github.com/keploy/keploy/pull/2231
2232,keploy,fix: add a nil pointer check for template,merged,2024-08-21T14:30:09Z,2024-08-21T14:41:40Z,Hermione2408,https://github.com/keploy/keploy/pull/2232
3,JetBrains-extension,"feat: Updated plugin.xml and readme for better description, features and instructions",merged,2024-08-20T17:53:03Z,2024-08-22T06:15:06Z,SkySingh04,https://github.com/keploy/JetBrains-extension/pull/3
2236,keploy,refactor: change api server url for utg,merged,2024-08-22T07:52:35Z,2024-08-22T07:54:46Z,Sarthak160,https://github.com/keploy/keploy/pull/2236
2237,keploy,fix: version problem in tele,merged,2024-08-22T09:59:06Z,2024-08-22T10:12:22Z,PranshuSrivastava,https://github.com/keploy/keploy/pull/2237
19,vscode-extension,feat: add utg for vs code extension,merged,2024-08-22T15:01:48Z,2024-08-22T15:31:34Z,Sarthak160,https://github.com/keploy/vscode-extension/pull/19
60,samples-typescript,"Create a sample app using Express, PostgreSQL and Prisma",merged,2024-07-31T01:19:25Z,2024-08-23T07:35:14Z,starvader13,https://github.com/keploy/samples-typescript/pull/60
20,vscode-extension,fix: release action for vscode,merged,2024-08-23T07:51:05Z,2024-08-23T07:53:12Z,Sarthak160,https://github.com/keploy/vscode-extension/pull/20
21,vscode-extension,fix: flow not going forward after saving config,merged,2024-08-23T11:06:53Z,2024-08-23T12:01:22Z,Sarthak160,https://github.com/keploy/vscode-extension/pull/21
22,vscode-extension,chore: bump version,merged,2024-08-23T12:07:24Z,2024-08-23T12:07:43Z,Sarthak160,https://github.com/keploy/vscode-extension/pull/22
443,docs,[docs]: Add Docker Desktop WSL 2 configuration reference to WSL/Linux installation docs,merged,2024-08-07T05:16:09Z,2024-08-25T12:34:43Z,Abbhiishek,https://github.com/keploy/docs/pull/443
4,JetBrains-extension,Bumped version to 1.1,merged,2024-08-22T09:56:56Z,2024-08-26T04:23:24Z,SkySingh04,https://github.com/keploy/JetBrains-extension/pull/4
33,.github,updated leaderboard(yaten2302) for issue #2068,merged,2024-08-04T04:34:34Z,2024-08-26T05:08:43Z,yaten2302,https://github.com/keploy/.github/pull/33
36,.github,Updated leaderboard,merged,2024-08-05T09:29:22Z,2024-08-26T05:09:29Z,Aman172003,https://github.com/keploy/.github/pull/36
35,.github,Update Leaderboard.md,merged,2024-08-04T19:56:28Z,2024-08-26T05:10:45Z,PranavBarthwal,https://github.com/keploy/.github/pull/35
29,.github,Update README.md,merged,2024-08-02T06:40:53Z,2024-08-26T05:11:48Z,GauriBhandari,https://github.com/keploy/.github/pull/29
32,.github,leaderboard updated,merged,2024-08-03T14:28:27Z,2024-08-26T05:13:25Z,sratslla,https://github.com/keploy/.github/pull/32
34,.github,added akash jaiswal,merged,2024-08-04T09:09:37Z,2024-08-26T05:14:07Z,jaiakash,https://github.com/keploy/.github/pull/34
24,vscode-extension,Update release.yml,merged,2024-08-26T05:21:46Z,2024-08-26T05:24:33Z,Sonichigo,https://github.com/keploy/vscode-extension/pull/24
25,vscode-extension,Update release.yml,merged,2024-08-26T05:33:31Z,2024-08-26T05:34:12Z,Sonichigo,https://github.com/keploy/vscode-extension/pull/25
23,vscode-extension,feat: add back functionality and fix signin logs,merged,2024-08-25T07:01:05Z,2024-08-26T06:18:39Z,Sarthak160,https://github.com/keploy/vscode-extension/pull/23
446,docs,feat: added documentation for templatize,merged,2024-08-16T11:42:21Z,2024-08-26T06:47:50Z,PranshuSrivastava,https://github.com/keploy/docs/pull/446
448,docs,feat: add redis docs & glossary terms && pr template,merged,2024-08-20T05:20:07Z,2024-08-26T07:06:45Z,Sonichigo,https://github.com/keploy/docs/pull/448
2010,keploy,[feat]: add support for contract testing in keploy,merged,2024-07-01T12:48:09Z,2024-08-26T07:14:05Z,AhmedLotfy02,https://github.com/keploy/keploy/pull/2010
447,docs,Doc changes sample apps - Add 3 apps and change installation.md flow,merged,2024-08-19T08:29:58Z,2024-08-26T07:23:37Z,TvisharajiK,https://github.com/keploy/docs/pull/447
179,java-sdk,fix: update sdk to add testSet to dedupData as well,merged,2024-07-23T10:05:38Z,2024-08-26T07:24:37Z,PranshuSrivastava,https://github.com/keploy/java-sdk/pull/179
2241,keploy,fix: macOS installation failure due to different tar version,merged,2024-08-26T09:50:00Z,2024-08-26T09:50:30Z,slayerjain,https://github.com/keploy/keploy/pull/2241
26,vscode-extension,fix: test path incorrect,merged,2024-08-26T13:19:09Z,2024-08-26T13:38:40Z,Sarthak160,https://github.com/keploy/vscode-extension/pull/26
2239,keploy,fix: mock upload logs,merged,2024-08-23T19:07:20Z,2024-08-26T15:50:46Z,charankamarapu,https://github.com/keploy/keploy/pull/2239
2243,keploy,feat: add test pipeline for testing mysql parser,merged,2024-08-26T18:17:48Z,2024-08-27T08:50:54Z,Hermione2408,https://github.com/keploy/keploy/pull/2243
434,docs,feat: added hover feature,merged,2024-08-01T11:04:24Z,2024-08-27T09:21:29Z,Aman172003,https://github.com/keploy/docs/pull/434
450,docs,Update main.yml,merged,2024-08-27T09:43:44Z,2024-08-27T09:45:20Z,Sonichigo,https://github.com/keploy/docs/pull/450
27,vscode-extension,fix: toggle between signin signout,merged,2024-08-28T05:24:50Z,2024-08-28T05:27:19Z,Sarthak160,https://github.com/keploy/vscode-extension/pull/27
28,vscode-extension,chore: bump version,merged,2024-08-28T05:29:14Z,2024-08-28T05:35:13Z,Sarthak160,https://github.com/keploy/vscode-extension/pull/28
452,docs,Add new images and updated the image comment,merged,2024-08-27T19:00:02Z,2024-08-28T10:01:38Z,TvisharajiK,https://github.com/keploy/docs/pull/452
2251,keploy,fix: lint,merged,2024-08-30T06:27:45Z,2024-08-30T06:38:03Z,gouravkrosx,https://github.com/keploy/keploy/pull/2251
77,website,feat: correct rust logo,merged,2024-08-30T06:09:23Z,2024-08-30T09:39:43Z,Sonichigo,https://github.com/keploy/website/pull/77
454,docs,Added sidebars for sample apps,merged,2024-08-29T07:13:37Z,2024-08-30T09:40:10Z,TvisharajiK,https://github.com/keploy/docs/pull/454
2253,keploy,feat: add support to extract coverage jacoco format for utg,merged,2024-08-30T10:00:08Z,2024-08-30T10:24:14Z,shivamsouravjha,https://github.com/keploy/keploy/pull/2253
76,website,"[feature]: Added style to""star on github"" button on landing page",merged,2024-08-26T18:00:13Z,2024-09-03T11:27:18Z,akshat99812,https://github.com/keploy/website/pull/76
66,website,Adding the new changes for the web-stories. (Phase II),merged,2024-07-30T06:37:18Z,2024-09-03T11:29:16Z,Aditya-eddy,https://github.com/keploy/website/pull/66
75,website,Pillar pages,merged,2024-08-19T12:26:00Z,2024-09-03T11:29:54Z,Sonichigo,https://github.com/keploy/website/pull/75
32,vscode-extension,feat: allow oneclick install when extension opened,merged,2024-09-03T06:57:22Z,2024-09-03T12:58:45Z,khareyash05,https://github.com/keploy/vscode-extension/pull/32
456,docs,fix: update django-sql steps,merged,2024-09-04T07:36:16Z,2024-09-04T07:55:30Z,Sonichigo,https://github.com/keploy/docs/pull/456
28,samples-python,chore: remove test folder,merged,2024-09-04T08:59:13Z,2024-09-04T09:23:24Z,Sonichigo,https://github.com/keploy/samples-python/pull/28
70,website,adding particle in background of hero section,merged,2024-08-07T15:16:49Z,2024-09-04T19:05:35Z,Neeraj-gagat,https://github.com/keploy/website/pull/70
2266,keploy,add: session token for each call,merged,2024-09-05T09:41:22Z,2024-09-05T10:40:09Z,shivamsouravjha,https://github.com/keploy/keploy/pull/2266
29,samples-python,feat:utg support,merged,2024-09-04T14:32:42Z,2024-09-05T13:13:57Z,khareyash05,https://github.com/keploy/samples-python/pull/29
2259,keploy,update: one click,merged,2024-09-02T15:43:48Z,2024-09-05T17:34:27Z,shivamsouravjha,https://github.com/keploy/keploy/pull/2259
34,vscode-extension,fix: fix intgration test connect with terminal,merged,2024-09-05T19:26:11Z,2024-09-05T19:35:54Z,Sarthak160,https://github.com/keploy/vscode-extension/pull/34
2270,keploy,fix: handle eof in case of COM_QUIT,merged,2024-09-05T20:36:17Z,2024-09-05T20:38:52Z,gouravkrosx,https://github.com/keploy/keploy/pull/2270
2263,keploy,fix: skip cov calculation for empty test file,merged,2024-09-04T11:08:19Z,2024-09-06T05:03:19Z,Hermione2408,https://github.com/keploy/keploy/pull/2263
62,samples-typescript,docs: update express prisma postgresql  sample app readme,merged,2024-08-28T05:05:04Z,2024-09-06T06:52:46Z,Abbhiishek,https://github.com/keploy/samples-typescript/pull/62
458,docs,feat: update slack urls,merged,2024-09-06T06:30:19Z,2024-09-06T06:53:48Z,Sonichigo,https://github.com/keploy/docs/pull/458
2271,keploy,feat: update slack urls,merged,2024-09-06T06:40:29Z,2024-09-06T06:54:45Z,Sonichigo,https://github.com/keploy/keploy/pull/2271
36,vscode-extension,fix: Extension on Linux,merged,2024-09-06T10:26:52Z,2024-09-06T13:08:03Z,khareyash05,https://github.com/keploy/vscode-extension/pull/36
35,vscode-extension,fix: one click installation script,merged,2024-09-06T09:27:04Z,2024-09-06T13:09:34Z,khareyash05,https://github.com/keploy/vscode-extension/pull/35
29,vscode-extension,"feat: add support for python, go and add generic support for all language",merged,2024-08-30T11:55:55Z,2024-09-06T13:10:18Z,Hermione2408,https://github.com/keploy/vscode-extension/pull/29
37,vscode-extension,Staging,merged,2024-09-06T13:15:57Z,2024-09-06T13:20:32Z,Sarthak160,https://github.com/keploy/vscode-extension/pull/37
33,vscode-extension,feat:integrate sign in via keploy and uri handler,merged,2024-09-04T19:27:25Z,2024-09-06T15:35:06Z,Hermione2408,https://github.com/keploy/vscode-extension/pull/33
2273,keploy,fix: handling of authSwitchReq during auth mechanism switch,merged,2024-09-06T16:26:28Z,2024-09-06T17:57:06Z,gouravkrosx,https://github.com/keploy/keploy/pull/2273
39,vscode-extension,Update package.json,merged,2024-09-09T11:16:53Z,2024-09-09T11:17:50Z,Sarthak160,https://github.com/keploy/vscode-extension/pull/39
117,samples-go,fix: add 1 sec sleep to enable docker support,merged,2024-09-09T13:50:33Z,2024-09-09T13:50:51Z,slayerjain,https://github.com/keploy/samples-go/pull/117
40,vscode-extension,fix: one click,merged,2024-09-09T12:30:26Z,2024-09-09T14:46:17Z,khareyash05,https://github.com/keploy/vscode-extension/pull/40
41,vscode-extension,fix: one click,merged,2024-09-09T14:52:14Z,2024-09-09T18:16:33Z,khareyash05,https://github.com/keploy/vscode-extension/pull/41
2275,keploy,fix: matching of handshakeResponse in mysql,merged,2024-09-10T07:16:43Z,2024-09-10T07:34:14Z,gouravkrosx,https://github.com/keploy/keploy/pull/2275
2272,keploy,feat: add support to run multiple applications,merged,2024-09-06T08:39:08Z,2024-09-10T08:55:40Z,charankamarapu,https://github.com/keploy/keploy/pull/2272
2274,keploy,feat: add changes for a single config,merged,2024-09-09T13:57:46Z,2024-09-10T09:57:11Z,PranshuSrivastava,https://github.com/keploy/keploy/pull/2274
2280,keploy,fix: oneclick for mac,merged,2024-09-10T10:09:00Z,2024-09-10T10:11:22Z,shivamsouravjha,https://github.com/keploy/keploy/pull/2280
42,vscode-extension,fix: bugs of langs,merged,2024-09-10T09:21:39Z,2024-09-10T12:27:03Z,shivamsouravjha,https://github.com/keploy/vscode-extension/pull/42
2281,keploy,fix path,merged,2024-09-10T15:25:18Z,2024-09-10T15:49:03Z,shivamsouravjha,https://github.com/keploy/keploy/pull/2281
2267,keploy,fix: problem in test report upload,merged,2024-09-05T11:35:54Z,2024-09-12T06:33:09Z,PranshuSrivastava,https://github.com/keploy/keploy/pull/2267
2284,keploy,chore: improve logs,merged,2024-09-12T12:49:56Z,2024-09-12T12:51:01Z,Sarthak160,https://github.com/keploy/keploy/pull/2284
31,vscode-extension,Redesigning the Vscode Extension.,merged,2024-09-02T22:19:40Z,2024-09-12T19:21:36Z,Aditya-eddy,https://github.com/keploy/vscode-extension/pull/31
2285,keploy,fix: Fixed adding of duplicates in PATH through one click install,merged,2024-09-12T13:07:12Z,2024-09-13T06:50:36Z,ayush3160,https://github.com/keploy/keploy/pull/2285
2287,keploy,update:  ebpf object files,merged,2024-09-13T08:43:49Z,2024-09-13T09:29:07Z,charankamarapu,https://github.com/keploy/keploy/pull/2287
2288,keploy,fix: linter,merged,2024-09-13T09:44:40Z,2024-09-13T09:49:48Z,charankamarapu,https://github.com/keploy/keploy/pull/2288
45,vscode-extension,fix: cors error and change port,merged,2024-09-13T09:52:13Z,2024-09-13T11:25:15Z,Hermione2408,https://github.com/keploy/vscode-extension/pull/45
63,samples-typescript,fix: standardize apps,merged,2024-09-13T11:50:10Z,2024-09-14T05:12:01Z,khareyash05,https://github.com/keploy/samples-typescript/pull/63
114,samples-go,Added mux-elasticsearch sample application,merged,2024-08-06T12:15:04Z,2024-09-14T05:12:42Z,ayush3160,https://github.com/keploy/samples-go/pull/114
2290,keploy,feat: add support for legacy mongo protocol,merged,2024-09-15T07:38:11Z,2024-09-16T07:49:33Z,charankamarapu,https://github.com/keploy/keploy/pull/2290
47,vscode-extension,refactor: test file,merged,2024-09-16T07:26:11Z,2024-09-16T07:57:03Z,khareyash05,https://github.com/keploy/vscode-extension/pull/47
46,vscode-extension,add: changelog for latest release,merged,2024-09-16T06:25:07Z,2024-09-16T08:40:28Z,shivamsouravjha,https://github.com/keploy/vscode-extension/pull/46
116,samples-go,feat: added a 2 second delay in all the sample apps,merged,2024-09-05T13:41:23Z,2024-09-18T04:10:21Z,PranshuSrivastava,https://github.com/keploy/samples-go/pull/116
43,vscode-extension,chore:fixing sign-in and removed jwt logs,merged,2024-09-13T07:00:59Z,2024-09-18T08:39:49Z,Aditya-eddy,https://github.com/keploy/vscode-extension/pull/43
444,docs,"feat: Add new glossary term for ""Microservice Testing"" & ""Error Guessing""",merged,2024-08-09T04:27:39Z,2024-09-18T10:53:36Z,Abbhiishek,https://github.com/keploy/docs/pull/444
51,vscode-extension,fix: login and install jest if not present,merged,2024-09-17T13:12:33Z,2024-09-18T12:01:26Z,Hermione2408,https://github.com/keploy/vscode-extension/pull/51
54,vscode-extension,chore: bump version,merged,2024-09-18T15:45:21Z,2024-09-18T15:45:28Z,Sarthak160,https://github.com/keploy/vscode-extension/pull/54
64,samples-typescript,"Revert ""fix: standardize apps (#63)""",merged,2024-09-17T07:29:26Z,2024-09-18T18:16:31Z,khareyash05,https://github.com/keploy/samples-typescript/pull/64
55,vscode-extension,fix: wrong file detection in nodejs,merged,2024-09-18T18:12:50Z,2024-09-18T18:31:25Z,shivamsouravjha,https://github.com/keploy/vscode-extension/pull/55
52,vscode-extension,Correcting the back button in the e2e tests.,merged,2024-09-17T13:25:52Z,2024-09-19T10:04:41Z,Aditya-eddy,https://github.com/keploy/vscode-extension/pull/52
119,samples-go,fix: Removed milliseconds from the timestamps,merged,2024-09-19T08:15:50Z,2024-09-19T10:11:36Z,ayush3160,https://github.com/keploy/samples-go/pull/119
2289,keploy,fix: mysql golang linux workflow,merged,2024-09-13T12:39:14Z,2024-09-19T10:19:08Z,ayush3160,https://github.com/keploy/keploy/pull/2289
48,vscode-extension,refactor: different release for different architectures,merged,2024-09-16T10:20:41Z,2024-09-19T10:30:07Z,shivamsouravjha,https://github.com/keploy/vscode-extension/pull/48
2293,keploy,refactor: add after test run hook,merged,2024-09-19T06:48:34Z,2024-09-19T11:09:09Z,gouravkrosx,https://github.com/keploy/keploy/pull/2293
57,vscode-extension,fix: pipeline,merged,2024-09-19T11:22:15Z,2024-09-19T11:24:30Z,shivamsouravjha,https://github.com/keploy/vscode-extension/pull/57
58,vscode-extension,udpate:pipeleine,merged,2024-09-19T12:16:45Z,2024-09-19T12:53:19Z,shivamsouravjha,https://github.com/keploy/vscode-extension/pull/58
59,vscode-extension,fix: pipeline,merged,2024-09-19T13:00:27Z,2024-09-19T13:03:58Z,shivamsouravjha,https://github.com/keploy/vscode-extension/pull/59
60,vscode-extension,revert: platform specific release,merged,2024-09-19T13:26:56Z,2024-09-19T13:33:29Z,shivamsouravjha,https://github.com/keploy/vscode-extension/pull/60
453,docs,docs: add quickstart guide for express prisma sample app,merged,2024-08-28T04:50:11Z,2024-09-20T10:54:17Z,Abbhiishek,https://github.com/keploy/docs/pull/453
53,vscode-extension,Add Automated Tests to VSCode Extension,merged,2024-09-18T11:00:09Z,2024-09-23T08:23:18Z,akshat99812,https://github.com/keploy/vscode-extension/pull/53
2298,keploy,feat: added new flag in one click install script,merged,2024-09-23T11:22:07Z,2024-09-24T07:49:36Z,ayush3160,https://github.com/keploy/keploy/pull/2298
2300,keploy,add: additional prompt for test gen,merged,2024-09-23T12:51:57Z,2024-09-24T07:50:13Z,shivamsouravjha,https://github.com/keploy/keploy/pull/2300
2304,keploy,fix: oneclick install,merged,2024-09-24T10:53:35Z,2024-09-24T12:55:49Z,ayush3160,https://github.com/keploy/keploy/pull/2304
62,vscode-extension,fix: oneclick install,merged,2024-09-24T08:00:15Z,2024-09-24T14:06:38Z,ayush3160,https://github.com/keploy/vscode-extension/pull/62
2308,keploy,fix: oneclick install (#2304),merged,2024-09-25T07:19:04Z,2024-09-25T07:35:55Z,shivamsouravjha,https://github.com/keploy/keploy/pull/2308
61,vscode-extension,add: autodetect project language,merged,2024-09-20T10:02:01Z,2024-09-25T12:18:25Z,shivamsouravjha,https://github.com/keploy/vscode-extension/pull/61
2291,keploy,fix: context cancellation and check if test works before for keploy utgen,merged,2024-09-17T10:46:06Z,2024-09-25T13:03:20Z,khareyash05,https://github.com/keploy/keploy/pull/2291
65,vscode-extension,fix: zsh script,merged,2024-09-25T13:41:53Z,2024-09-26T12:36:27Z,ayush3160,https://github.com/keploy/vscode-extension/pull/65
7,pgproto3,refactor: remove default marshal and unmarshal methods,merged,2024-09-26T16:18:57Z,2024-09-26T16:19:05Z,Sarthak160,https://github.com/keploy/pgproto3/pull/7
50,vscode-extension,fix: Integration functionality stop on terminal kill,merged,2024-09-17T11:14:03Z,2024-09-27T09:08:28Z,ayush3160,https://github.com/keploy/vscode-extension/pull/50
459,docs,Updated Slack URL in the README.md,merged,2024-09-16T19:45:53Z,2024-09-27T10:40:28Z,Swpn0neel,https://github.com/keploy/docs/pull/459
79,website,Changed script vector,merged,2024-09-29T17:40:23Z,2024-09-29T17:52:08Z,TvisharajiK,https://github.com/keploy/website/pull/79
455,docs,linux natively for macOS,merged,2024-08-29T09:01:03Z,2024-09-29T17:52:45Z,TvisharajiK,https://github.com/keploy/docs/pull/455
56,vscode-extension,fix: responsiveness of Vscode extension,merged,2024-09-19T10:31:40Z,2024-09-30T09:22:08Z,Hermione2408,https://github.com/keploy/vscode-extension/pull/56
67,vscode-extension,fix: redirect issue during integration tests when user is already signed in,merged,2024-09-30T15:10:27Z,2024-09-30T17:14:11Z,Hermione2408,https://github.com/keploy/vscode-extension/pull/67
2314,keploy,add: summary of utgen,merged,2024-10-01T10:57:59Z,2024-10-01T11:36:24Z,shivamsouravjha,https://github.com/keploy/keploy/pull/2314
82,website,fix: #2255 animate company logos in marquee,merged,2024-10-01T16:51:57Z,2024-10-01T18:04:38Z,Harshjosh361,https://github.com/keploy/website/pull/82
2295,keploy,Typos Fixed: Articulation Improved for Project Outlook,merged,2024-09-20T10:03:09Z,2024-10-01T20:01:11Z,engagepy,https://github.com/keploy/keploy/pull/2295
120,samples-go,feat: go twilio,merged,2024-10-01T03:43:18Z,2024-10-03T07:26:23Z,rishavmehra,https://github.com/keploy/samples-go/pull/120
68,vscode-extension,feat: Added test coverage and new test cases,merged,2024-10-01T08:34:08Z,2024-10-03T08:47:31Z,ayush3160,https://github.com/keploy/vscode-extension/pull/68
2305,keploy,improved NewUnitTestGenerator function,merged,2024-09-24T16:53:23Z,2024-10-03T09:13:27Z,Aryakoste,https://github.com/keploy/keploy/pull/2305
2315,keploy,docs: add Japanese README,merged,2024-10-02T06:07:25Z,2024-10-03T14:15:41Z,eltociear,https://github.com/keploy/keploy/pull/2315
83,website,added neon gradient behind the cta buttons,merged,2024-10-02T19:15:57Z,2024-10-04T05:10:37Z,Harshjosh361,https://github.com/keploy/website/pull/83
63,vscode-extension,chore:adding a dropdown in appbar for login,merged,2024-09-24T13:29:10Z,2024-10-07T01:04:57Z,Aditya-eddy,https://github.com/keploy/vscode-extension/pull/63
64,vscode-extension,Adding the chatbot screen.,merged,2024-09-25T13:40:28Z,2024-10-07T01:05:48Z,Aditya-eddy,https://github.com/keploy/vscode-extension/pull/64
70,vscode-extension,Removing progress bar upon clearing all stages,merged,2024-10-03T14:13:02Z,2024-10-07T01:06:37Z,Aditya-eddy,https://github.com/keploy/vscode-extension/pull/70
71,vscode-extension,feat: add setting page for updating keploy yaml,merged,2024-10-03T14:26:14Z,2024-10-07T01:08:05Z,Hermione2408,https://github.com/keploy/vscode-extension/pull/71
69,vscode-extension,fix: update keploy,merged,2024-10-03T07:36:30Z,2024-10-07T01:08:35Z,ayush3160,https://github.com/keploy/vscode-extension/pull/69
86,website,fix: dynamic year for copyright in footer,merged,2024-10-06T06:56:41Z,2024-10-07T07:04:31Z,techmannih,https://github.com/keploy/website/pull/86
5,community-blog,Update Mock vs stub vs fake (SEO Description),merged,2024-08-11T17:44:23Z,2024-10-07T07:13:43Z,TvisharajiK,https://github.com/keploy/community-blog/pull/5
121,samples-go,Rishavmehra/improvement,merged,2024-10-03T19:17:18Z,2024-10-07T10:23:09Z,rishavmehra,https://github.com/keploy/samples-go/pull/121
66,vscode-extension,add: support of js function finder,merged,2024-09-27T11:10:41Z,2024-10-07T11:01:06Z,shivamsouravjha,https://github.com/keploy/vscode-extension/pull/66
72,vscode-extension,correcting vscode api in the keployHome.svelete,merged,2024-10-07T10:53:58Z,2024-10-07T11:01:18Z,Aditya-eddy,https://github.com/keploy/vscode-extension/pull/72
2319,keploy,feat: handle import of libraries,merged,2024-10-03T14:01:41Z,2024-10-07T13:19:14Z,shivamsouravjha,https://github.com/keploy/keploy/pull/2319
73,vscode-extension,chore: sync dependencies,merged,2024-10-07T13:27:14Z,2024-10-07T13:43:40Z,ayush3160,https://github.com/keploy/vscode-extension/pull/73
74,vscode-extension,fix:minor vscode fix bugs,merged,2024-10-07T18:04:10Z,2024-10-07T18:28:59Z,Aditya-eddy,https://github.com/keploy/vscode-extension/pull/74
451,docs,doc: sample rust mongo rest app,merged,2024-08-27T15:55:25Z,2024-10-08T05:32:13Z,Abbhiishek,https://github.com/keploy/docs/pull/451
55,blog-website,fix: blog URL handler and Update endpoints,merged,2024-10-04T04:59:16Z,2024-10-08T05:38:58Z,khareyash05,https://github.com/keploy/blog-website/pull/55
56,blog-website,fix: author profiles,merged,2024-10-08T08:51:12Z,2024-10-08T10:08:26Z,Sonichigo,https://github.com/keploy/blog-website/pull/56
462,docs,Beta,merged,2024-10-01T13:35:48Z,2024-10-08T11:38:35Z,TvisharajiK,https://github.com/keploy/docs/pull/462
465,docs,FT changes - Review 1,merged,2024-10-08T06:47:07Z,2024-10-09T10:48:46Z,TvisharajiK,https://github.com/keploy/docs/pull/465
464,docs,docs: update integration-testing.md,merged,2024-10-07T08:49:40Z,2024-10-09T10:49:27Z,Abbhiishek,https://github.com/keploy/docs/pull/464
460,docs,Updated Hacktoberfest pages,merged,2024-09-27T16:11:31Z,2024-10-09T11:13:51Z,Swpn0neel,https://github.com/keploy/docs/pull/460
75,vscode-extension,Fixing default file paths,merged,2024-10-08T16:43:26Z,2024-10-10T09:20:45Z,Aditya-eddy,https://github.com/keploy/vscode-extension/pull/75
76,vscode-extension,chore: version bump,merged,2024-10-10T12:58:52Z,2024-10-10T13:31:48Z,shivamsouravjha,https://github.com/keploy/vscode-extension/pull/76
2330,keploy,chore: absolute file path for test,merged,2024-10-08T13:42:00Z,2024-10-10T13:32:30Z,shivamsouravjha,https://github.com/keploy/keploy/pull/2330
2339,keploy,[fix]: keploy hangs if proxy port is already in use,merged,2024-10-09T21:06:50Z,2024-10-11T06:28:48Z,AhmedLotfy02,https://github.com/keploy/keploy/pull/2339
2151,keploy,chore: improve error message for non-linux os support in keploy,merged,2024-07-29T20:04:36Z,2024-10-12T12:32:51Z,Ilhan-Personal,https://github.com/keploy/keploy/pull/2151
2208,keploy,feat: add support for ssl in mysql,merged,2024-08-13T07:09:13Z,2024-10-13T18:32:44Z,gouravkrosx,https://github.com/keploy/keploy/pull/2208
2346,keploy,fix: insert test cases and imports in java,merged,2024-10-14T14:12:28Z,2024-10-14T17:54:26Z,shivamsouravjha,https://github.com/keploy/keploy/pull/2346
1,jsondiff,add: json diff viewer,merged,2024-07-17T09:47:23Z,2024-10-15T07:37:19Z,shivamsouravjha,https://github.com/keploy/jsondiff/pull/1
57,blog-website,feat: In-House components for better HTML rendering,merged,2024-10-10T11:48:05Z,2024-10-15T08:02:23Z,khareyash05,https://github.com/keploy/blog-website/pull/57
3,jsondiff,update: module name,merged,2024-10-15T09:20:49Z,2024-10-15T09:33:58Z,shivamsouravjha,https://github.com/keploy/jsondiff/pull/3
5,jsondiff,update: readme,merged,2024-10-15T09:53:54Z,2024-10-15T09:56:13Z,shivamsouravjha,https://github.com/keploy/jsondiff/pull/5
77,vscode-extension,fix:java sample code,merged,2024-10-14T11:51:30Z,2024-10-15T12:46:04Z,Aditya-eddy,https://github.com/keploy/vscode-extension/pull/77
2235,keploy,feat: add support to export keploy cases as postman curls,merged,2024-08-22T06:46:25Z,2024-10-16T11:57:40Z,shivamsouravjha,https://github.com/keploy/keploy/pull/2235
58,blog-website,fix: author mapping and blogs visibility,merged,2024-10-16T10:46:09Z,2024-10-16T12:24:14Z,khareyash05,https://github.com/keploy/blog-website/pull/58
2351,keploy,chore: revamp inject functions of utgen,merged,2024-10-16T10:57:21Z,2024-10-16T12:44:20Z,shivamsouravjha,https://github.com/keploy/keploy/pull/2351
79,vscode-extension,fix: UTG process stops on terminal kill,merged,2024-10-15T19:01:34Z,2024-10-16T12:51:34Z,ayush3160,https://github.com/keploy/vscode-extension/pull/79
2353,keploy,refactor: package parser for go and python,merged,2024-10-16T13:47:59Z,2024-10-16T14:38:17Z,shivamsouravjha,https://github.com/keploy/keploy/pull/2353
65,samples-typescript,Redis Express App,merged,2024-09-23T13:37:11Z,2024-10-17T04:31:33Z,akshat99812,https://github.com/keploy/samples-typescript/pull/65
78,vscode-extension,fix:correcting python command,merged,2024-10-15T11:53:37Z,2024-10-17T07:25:18Z,Aditya-eddy,https://github.com/keploy/vscode-extension/pull/78
80,vscode-extension,chore: version bump,merged,2024-10-17T07:32:02Z,2024-10-17T08:04:03Z,shivamsouravjha,https://github.com/keploy/vscode-extension/pull/80
59,blog-website,feat: build pipeline,merged,2024-10-17T05:54:46Z,2024-10-17T12:30:10Z,khareyash05,https://github.com/keploy/blog-website/pull/59
81,samples-java,feat: add restAssured,merged,2024-10-17T11:03:39Z,2024-10-18T09:19:31Z,Sonichigo,https://github.com/keploy/samples-java/pull/81
2354,keploy,Improved prompt for library installation code,merged,2024-10-18T07:20:35Z,2024-10-18T09:20:22Z,ayush3160,https://github.com/keploy/keploy/pull/2354
91,website,feat: update sitemap.xml,merged,2024-10-18T10:08:36Z,2024-10-20T13:00:18Z,Sonichigo,https://github.com/keploy/website/pull/91
2355,keploy,chore: tracking coverage after each run,merged,2024-10-18T18:53:12Z,2024-10-21T07:16:02Z,shivamsouravjha,https://github.com/keploy/keploy/pull/2355
42,website,[WIP] ATG-Console (Automatic Test Generation Console),merged,2024-05-25T16:14:53Z,2024-10-22T06:09:19Z,Aditya-eddy,https://github.com/keploy/website/pull/42
2364,keploy,Fix code scanning alert no. 149: Incorrect conversion between integer types,merged,2024-10-22T07:47:31Z,2024-10-22T07:51:23Z,slayerjain,https://github.com/keploy/keploy/pull/2364
2366,keploy,chore: enable codeql pdf reprot export,merged,2024-10-22T08:09:39Z,2024-10-22T08:09:46Z,slayerjain,https://github.com/keploy/keploy/pull/2366
94,website,feat: submodule pipeline,merged,2024-10-22T06:43:04Z,2024-10-22T10:28:18Z,khareyash05,https://github.com/keploy/website/pull/94
92,website,feat: add new event page,merged,2024-10-21T10:03:25Z,2024-10-22T10:29:29Z,Sonichigo,https://github.com/keploy/website/pull/92
2360,keploy,fix: remove comparison of keploy header in http parser,merged,2024-10-21T07:14:46Z,2024-10-22T11:28:05Z,charankamarapu,https://github.com/keploy/keploy/pull/2360
2369,keploy,fix: js import functions,merged,2024-10-22T11:49:22Z,2024-10-23T07:40:16Z,shivamsouravjha,https://github.com/keploy/keploy/pull/2369
2371,keploy,fix: matching of http headers in http parser,merged,2024-10-23T08:57:33Z,2024-10-23T08:58:29Z,gouravkrosx,https://github.com/keploy/keploy/pull/2371
97,website,feat: update event page,merged,2024-10-24T11:54:05Z,2024-10-24T11:56:59Z,Sonichigo,https://github.com/keploy/website/pull/97
2376,keploy,chore: add ability to upload the security report as artifact,merged,2024-10-24T12:17:12Z,2024-10-24T12:17:20Z,slayerjain,https://github.com/keploy/keploy/pull/2376
31,samples-python,django-mongo sample app,merged,2024-10-10T21:35:14Z,2024-10-24T15:19:54Z,AryanBakliwal,https://github.com/keploy/samples-python/pull/31
2359,keploy,feat: add oss-pledge,merged,2024-10-21T06:05:50Z,2024-10-25T13:35:11Z,Sonichigo,https://github.com/keploy/keploy/pull/2359
61,blog-website,fix: fill author info null when cache enabled,merged,2024-10-25T13:44:41Z,2024-10-25T13:49:54Z,slayerjain,https://github.com/keploy/blog-website/pull/61
62,blog-website,chore: refactoring author-description,merged,2024-10-25T14:45:40Z,2024-10-25T16:36:17Z,Aditya-eddy,https://github.com/keploy/blog-website/pull/62
32,samples-python,added sample app,merged,2024-10-13T17:28:00Z,2024-10-28T06:19:51Z,Harshjosh361,https://github.com/keploy/samples-python/pull/32
468,docs,docs: update docs for docker support in  express-postgresql-prisma app,merged,2024-10-18T06:03:34Z,2024-10-28T06:22:12Z,Abbhiishek,https://github.com/keploy/docs/pull/468
472,docs,Fixed Docker tls assets download command,merged,2024-10-27T15:08:44Z,2024-10-28T06:55:12Z,varun-2108,https://github.com/keploy/docs/pull/472
98,website,feat: add devscribe to website as CTA,merged,2024-10-28T07:46:44Z,2024-10-28T09:02:36Z,Sonichigo,https://github.com/keploy/website/pull/98
2380,keploy,chore: fix error message and imports for js and ts,merged,2024-10-26T16:43:39Z,2024-10-28T14:56:57Z,shivamsouravjha,https://github.com/keploy/keploy/pull/2380
2388,keploy,fix: docker cancellation bug,merged,2024-10-28T19:17:33Z,2024-10-29T06:30:36Z,Hermione2408,https://github.com/keploy/keploy/pull/2388
106,website,fix: google devs url,merged,2024-10-29T07:10:28Z,2024-10-29T07:23:30Z,Sonichigo,https://github.com/keploy/website/pull/106
2378,keploy,feat: add failed testcase to file,merged,2024-10-25T11:47:18Z,2024-10-29T09:16:06Z,ayush3160,https://github.com/keploy/keploy/pull/2378
463,docs,UTA SEO,merged,2024-10-01T13:42:12Z,2024-10-29T10:48:01Z,TvisharajiK,https://github.com/keploy/docs/pull/463
107,website,feat: submodule loading issue solved,merged,2024-10-29T11:22:53Z,2024-10-29T11:33:24Z,Sonichigo,https://github.com/keploy/website/pull/107
2373,keploy,feat: added docker compose pipeline,merged,2024-10-23T17:04:22Z,2024-10-29T11:52:21Z,ayush3160,https://github.com/keploy/keploy/pull/2373
108,website,fix: `.gitmodules` error fix,merged,2024-10-29T12:25:39Z,2024-10-29T12:25:54Z,Sonichigo,https://github.com/keploy/website/pull/108
2391,keploy,chore: add platform in request body,merged,2024-10-29T14:54:21Z,2024-10-29T15:09:42Z,shivamsouravjha,https://github.com/keploy/keploy/pull/2391
82,vscode-extension,feat: Platform VSCODE flag,merged,2024-10-28T09:37:10Z,2024-10-29T15:24:33Z,khareyash05,https://github.com/keploy/vscode-extension/pull/82
84,vscode-extension,chore: version bump,merged,2024-10-29T15:31:37Z,2024-10-29T15:57:07Z,shivamsouravjha,https://github.com/keploy/vscode-extension/pull/84
64,blog-website,chore: hot fix,merged,2024-10-29T19:06:22Z,2024-10-29T21:34:55Z,shivamsouravjha,https://github.com/keploy/blog-website/pull/64
81,website,correcting-cta,merged,2024-09-30T09:35:54Z,2024-10-30T07:31:09Z,Aditya-eddy,https://github.com/keploy/website/pull/81
11,jsondiff,feat: added test workflow,merged,2024-10-29T12:44:21Z,2024-10-30T10:35:34Z,ayush3160,https://github.com/keploy/jsondiff/pull/11
113,website,remove submodule check and embed demo projects,merged,2024-10-30T08:55:56Z,2024-10-30T12:42:26Z,khareyash05,https://github.com/keploy/website/pull/113
2393,keploy,fix: Setup Function with Context-Aware Cancellation for Agent Startup,merged,2024-10-30T15:43:47Z,2024-10-30T16:05:10Z,Hermione2408,https://github.com/keploy/keploy/pull/2393
125,website,feat: onboard new community partners,merged,2024-11-04T08:12:27Z,2024-11-04T08:15:14Z,Sonichigo,https://github.com/keploy/website/pull/125
100,website,Keploy;s navBar (related to #78 PR),merged,2024-10-28T18:54:35Z,2024-11-04T08:50:26Z,yaten2302,https://github.com/keploy/website/pull/100
123,website,feat: improved twitter reviews with better ui & optimized code,merged,2024-11-02T11:39:15Z,2024-11-04T12:17:48Z,vikaspatil0021,https://github.com/keploy/website/pull/123
99,website,Adding Main Page Changes,merged,2024-10-28T07:58:50Z,2024-11-04T12:45:01Z,Aditya-eddy,https://github.com/keploy/website/pull/99
2396,keploy,feat : Add Conditional PID Injection for Specified Container in Docker Compose,merged,2024-11-04T08:56:19Z,2024-11-05T05:45:17Z,Hermione2408,https://github.com/keploy/keploy/pull/2396
477,docs,"Added bun installation, new docker-network, and mentioned error messages",merged,2024-11-04T11:52:11Z,2024-11-06T09:24:21Z,trivedi-khushi,https://github.com/keploy/docs/pull/477
11,writers-program,Updating Program Info,merged,2024-11-01T07:16:17Z,2024-11-06T11:46:46Z,trivedi-khushi,https://github.com/keploy/writers-program/pull/11
12,writers-program,Updates for Website content,merged,2024-11-01T12:29:47Z,2024-11-06T11:47:49Z,trivedi-khushi,https://github.com/keploy/writers-program/pull/12
2399,keploy,chore: update call for ut,merged,2024-11-06T13:18:10Z,2024-11-06T14:39:31Z,shivamsouravjha,https://github.com/keploy/keploy/pull/2399
2400,keploy,chore: add omit empty for max_completion_tokens,merged,2024-11-06T17:48:05Z,2024-11-07T07:00:46Z,shivamsouravjha,https://github.com/keploy/keploy/pull/2400
128,website,fix: slack url on landing page,merged,2024-11-08T05:19:45Z,2024-11-08T05:20:26Z,Sonichigo,https://github.com/keploy/website/pull/128
83,vscode-extension,Adding functionName under Flag to Keploy,merged,2024-10-28T11:33:08Z,2024-11-08T07:48:42Z,Aditya-eddy,https://github.com/keploy/vscode-extension/pull/83
85,vscode-extension,chore: version bump,merged,2024-11-08T07:56:07Z,2024-11-08T07:57:49Z,shivamsouravjha,https://github.com/keploy/vscode-extension/pull/85
118,website,added sticky navbar for VS Code Extention,merged,2024-10-31T00:40:19Z,2024-11-08T10:43:19Z,ab7022,https://github.com/keploy/website/pull/118
117,website,feat: create a case studies page,merged,2024-10-30T23:16:46Z,2024-11-09T18:21:04Z,Om-Thorat,https://github.com/keploy/website/pull/117
2406,keploy,chore: fix condition in prompts,merged,2024-11-08T20:07:27Z,2024-11-09T18:55:20Z,shivamsouravjha,https://github.com/keploy/keploy/pull/2406
470,docs,Add vale linting in github pipeline,merged,2024-10-21T20:23:28Z,2024-11-11T06:25:31Z,Hermione2408,https://github.com/keploy/docs/pull/470
475,docs,Updated Data Mocks using AI page,merged,2024-11-03T14:43:10Z,2024-11-11T06:28:34Z,Swpn0neel,https://github.com/keploy/docs/pull/475
471,docs,add image ref to main blog,merged,2024-10-22T06:58:29Z,2024-11-11T07:33:15Z,TvisharajiK,https://github.com/keploy/docs/pull/471
474,docs,"Updated ""Gray Box Testing"" page",merged,2024-11-01T12:15:11Z,2024-11-11T07:48:00Z,Swpn0neel,https://github.com/keploy/docs/pull/474
8,jsondiff,fix: compare json function,merged,2024-10-23T04:39:27Z,2024-11-11T08:13:24Z,ayush3160,https://github.com/keploy/jsondiff/pull/8
2413,keploy,chore: send purpose to utg,merged,2024-11-11T12:02:40Z,2024-11-11T12:12:51Z,shivamsouravjha,https://github.com/keploy/keploy/pull/2413
2416,keploy,fix: keploy doesn't work on mac colima,merged,2024-11-12T11:18:31Z,2024-11-12T11:30:42Z,gouravkrosx,https://github.com/keploy/keploy/pull/2416
2410,keploy,fix: client close for mysql,merged,2024-11-11T07:24:07Z,2024-11-12T17:36:28Z,ayush3160,https://github.com/keploy/keploy/pull/2410
2418,keploy,fix: update --bug-report.yaml,merged,2024-11-13T05:59:28Z,2024-11-13T06:03:14Z,Sonichigo,https://github.com/keploy/keploy/pull/2418
2421,keploy,chore: update log and let user know why test failed,merged,2024-11-13T08:05:14Z,2024-11-13T08:15:10Z,shivamsouravjha,https://github.com/keploy/keploy/pull/2421
132,website,feat: added devscribe event schedule,merged,2024-11-13T08:10:30Z,2024-11-13T08:58:10Z,Sonichigo,https://github.com/keploy/website/pull/132
2420,keploy,fix: keploy update on macos,merged,2024-11-13T06:24:47Z,2024-11-14T09:28:56Z,khareyash05,https://github.com/keploy/keploy/pull/2420
131,website,New Navbar,merged,2024-11-13T07:14:08Z,2024-11-14T12:48:54Z,Aditya-eddy,https://github.com/keploy/website/pull/131
15,writers-program,Added info for word count and search volume,merged,2024-11-11T11:36:08Z,2024-11-15T06:19:16Z,trivedi-khushi,https://github.com/keploy/writers-program/pull/15
14,writers-program,fix: Update Slack channel invite link,merged,2024-11-06T14:51:32Z,2024-11-15T06:20:06Z,AdarshRawat1,https://github.com/keploy/writers-program/pull/14
13,writers-program,Typo Fix : Twitter tooltip,merged,2024-11-06T14:38:29Z,2024-11-15T06:21:04Z,AdarshRawat1,https://github.com/keploy/writers-program/pull/13
8,testGPT,feat: update name and description,merged,2024-11-15T06:28:07Z,2024-11-15T06:30:02Z,Sonichigo,https://github.com/keploy/testGPT/pull/8
135,website,fix: docs section url in nav,merged,2024-11-15T14:38:38Z,2024-11-15T14:41:04Z,Sonichigo,https://github.com/keploy/website/pull/135
2425,keploy,chore: fix keploy gen case,merged,2024-11-15T16:44:54Z,2024-11-15T16:57:11Z,shivamsouravjha,https://github.com/keploy/keploy/pull/2425
2424,keploy,chore: add import structs and functions,merged,2024-11-15T14:10:32Z,2024-11-16T18:26:00Z,shivamsouravjha,https://github.com/keploy/keploy/pull/2424
2427,keploy,feat: added error messages in discard test cases file,merged,2024-11-18T07:00:48Z,2024-11-18T07:49:46Z,ayush3160,https://github.com/keploy/keploy/pull/2427
2431,keploy,fix: iteration count in ut-gen events,merged,2024-11-19T10:05:19Z,2024-11-19T10:12:05Z,gouravkrosx,https://github.com/keploy/keploy/pull/2431
136,website,feat: add event speaker,merged,2024-11-19T12:18:57Z,2024-11-19T12:19:46Z,Sonichigo,https://github.com/keploy/website/pull/136
2411,keploy,feat: Modify Source Code for UTG,merged,2024-11-11T10:52:14Z,2024-11-19T13:32:35Z,khareyash05,https://github.com/keploy/keploy/pull/2411
87,vscode-extension,fix: handle uri for redirection,merged,2024-11-19T13:01:51Z,2024-11-19T15:21:42Z,Hermione2408,https://github.com/keploy/vscode-extension/pull/87
35,samples-python,Feat: Add sample sanic-postgres app for the samples python repository,merged,2024-11-01T19:10:24Z,2024-11-20T13:23:08Z,slashexx,https://github.com/keploy/samples-python/pull/35
2441,keploy,fix: one click with no root on mac,merged,2024-11-20T13:16:15Z,2024-11-21T06:24:39Z,khareyash05,https://github.com/keploy/keploy/pull/2441
139,website,feat: update event agenda,merged,2024-11-21T10:28:01Z,2024-11-21T10:28:52Z,Sonichigo,https://github.com/keploy/website/pull/139
2445,keploy,feat: [UTG] flaky flag and prioritize coverage check over flaky check,merged,2024-11-21T10:35:06Z,2024-11-21T17:56:52Z,khareyash05,https://github.com/keploy/keploy/pull/2445
2447,keploy,chore: change expected coverage to 80 percent,merged,2024-11-25T08:06:55Z,2024-11-25T10:30:53Z,Sarthak160,https://github.com/keploy/keploy/pull/2447
2422,keploy,fix: newagent pipelines,merged,2024-11-14T08:05:51Z,2024-11-25T11:04:10Z,ayush3160,https://github.com/keploy/keploy/pull/2422
2449,keploy,fix: arch var in installation script,merged,2024-11-26T07:27:12Z,2024-11-26T07:41:41Z,charankamarapu,https://github.com/keploy/keploy/pull/2449
143,website,fix: commented banner code and aligned text,merged,2024-11-25T06:40:49Z,2024-11-26T08:00:12Z,Hermione2408,https://github.com/keploy/website/pull/143
138,website,fix: Alignment and optimize navbar components,merged,2024-11-21T07:20:43Z,2024-11-26T08:01:03Z,Hermione2408,https://github.com/keploy/website/pull/138
68,samples-typescript,README additional changes,merged,2024-11-10T20:07:55Z,2024-11-26T09:44:20Z,trivedi-khushi,https://github.com/keploy/samples-typescript/pull/68
137,website,fix: added vscode extension link,merged,2024-11-20T08:24:51Z,2024-11-26T11:09:35Z,Hermione2408,https://github.com/keploy/website/pull/137
147,website,fix: api playground,merged,2024-11-28T10:33:18Z,2024-11-28T10:34:55Z,gouravkrosx,https://github.com/keploy/website/pull/147
148,website,feat: update ws to wss to allow cors,merged,2024-11-28T12:05:13Z,2024-11-28T12:05:20Z,Sonichigo,https://github.com/keploy/website/pull/148
2452,keploy,fix: lint issues,merged,2024-12-01T06:05:52Z,2024-12-01T15:03:32Z,ayush3160,https://github.com/keploy/keploy/pull/2452
2453,keploy,chore: disable codeql report export and upload,merged,2024-12-02T06:47:46Z,2024-12-02T06:48:05Z,slayerjain,https://github.com/keploy/keploy/pull/2453
149,website,fix: update the Link Format of vscode extension,merged,2024-12-02T07:50:14Z,2024-12-02T09:49:18Z,Hermione2408,https://github.com/keploy/website/pull/149
16,writers-program,Update Details on Eligibility & Guidelines,merged,2024-11-28T10:46:37Z,2024-12-02T11:54:58Z,trivedi-khushi,https://github.com/keploy/writers-program/pull/16
12,jsondiff,fix: compare json,merged,2024-11-29T09:07:30Z,2024-12-02T15:10:21Z,ayush3160,https://github.com/keploy/jsondiff/pull/12
134,website,feat: vscode extension page,merged,2024-11-14T06:21:05Z,2024-12-03T11:12:04Z,khareyash05,https://github.com/keploy/website/pull/134
7,demo-projects,fix: keploy arch to arm64 from amd64,merged,2024-12-04T10:05:44Z,2024-12-04T10:07:14Z,Sonichigo,https://github.com/keploy/demo-projects/pull/7
67,blog-website,feat: add tag based suggestions,merged,2024-11-25T10:31:10Z,2024-12-05T06:34:52Z,charankamarapu,https://github.com/keploy/blog-website/pull/67
151,website,fix: responsive page for VSCode Extension,merged,2024-12-03T13:00:16Z,2024-12-06T07:57:40Z,khareyash05,https://github.com/keploy/website/pull/151
152,website,cta changes plus alignment,merged,2024-12-05T19:46:41Z,2024-12-06T12:38:07Z,TvisharajiK,https://github.com/keploy/website/pull/152
2461,keploy,fix: incorrect log file reference in golang-docker-compose test script,merged,2024-12-06T09:47:10Z,2024-12-07T10:37:49Z,NishantBansal2003,https://github.com/keploy/keploy/pull/2461
153,website,fix: hydration issues,merged,2024-12-07T17:20:56Z,2024-12-09T10:33:19Z,gouravkrosx,https://github.com/keploy/website/pull/153
13,jsondiff,fix: json normalize and noise handling,merged,2024-12-03T20:37:42Z,2024-12-09T20:59:20Z,ayush3160,https://github.com/keploy/jsondiff/pull/13
154,website,feat: Pricing page,merged,2024-12-09T11:20:04Z,2024-12-10T07:11:44Z,khareyash05,https://github.com/keploy/website/pull/154
2361,keploy,feat: integrated keploy diff's package,merged,2024-10-21T07:44:02Z,2024-12-10T07:41:15Z,ayush3160,https://github.com/keploy/keploy/pull/2361
70,blog-website,feat: meta tags for blogs,merged,2024-12-04T10:49:43Z,2024-12-10T08:23:14Z,khareyash05,https://github.com/keploy/blog-website/pull/70
72,blog-website,fix: linkedin metadata updated,merged,2024-12-10T11:40:12Z,2024-12-10T11:53:12Z,Sonichigo,https://github.com/keploy/blog-website/pull/72
71,blog-website,Adding timedelay in TOC,merged,2024-12-06T07:12:04Z,2024-12-11T08:25:26Z,Aditya-eddy,https://github.com/keploy/blog-website/pull/71
73,blog-website,chore: optimize queries for specific user,merged,2024-12-10T13:36:39Z,2024-12-11T10:17:31Z,khareyash05,https://github.com/keploy/blog-website/pull/73
76,blog-website,feat: add tag manager,merged,2024-12-12T20:10:02Z,2024-12-13T08:30:19Z,TvisharajiK,https://github.com/keploy/blog-website/pull/76
2468,keploy,feat: Import Postman,merged,2024-12-12T21:59:45Z,2024-12-13T11:53:27Z,ayush3160,https://github.com/keploy/keploy/pull/2468
156,website,chore: remove components that are causing high cpu,merged,2024-12-11T13:36:03Z,2024-12-13T12:48:42Z,slayerjain,https://github.com/keploy/website/pull/156
157,website,fix: remove components that were causing high cpu usage and memory leaks,merged,2024-12-13T12:58:17Z,2024-12-13T12:58:46Z,slayerjain,https://github.com/keploy/website/pull/157
2469,keploy,fix: update template flag,merged,2024-12-14T13:25:14Z,2024-12-14T15:43:41Z,charankamarapu,https://github.com/keploy/keploy/pull/2469
158,website,fix: features section animations,merged,2024-12-14T07:23:49Z,2024-12-15T14:38:35Z,khareyash05,https://github.com/keploy/website/pull/158
160,website,fix: hero page video player,merged,2024-12-15T16:39:20Z,2024-12-15T16:48:02Z,khareyash05,https://github.com/keploy/website/pull/160
2471,keploy,feat: add LOC in coverage reports,merged,2024-12-16T10:04:29Z,2024-12-16T10:45:59Z,charankamarapu,https://github.com/keploy/keploy/pull/2471
473,docs,uta improve,merged,2024-10-29T04:24:51Z,2024-12-16T14:40:17Z,TvisharajiK,https://github.com/keploy/docs/pull/473
17,react-diff-viewer,fix: add support for marking array response in diff viewer,merged,2024-12-13T06:33:46Z,2024-12-17T06:34:03Z,Hermione2408,https://github.com/keploy/react-diff-viewer/pull/17
66,blog-website,fix: Implement Pagination for API Queries to Resolve Large Data Load Issues,merged,2024-11-09T11:22:37Z,2024-12-17T07:42:43Z,Hermione2408,https://github.com/keploy/blog-website/pull/66
2472,keploy,fix: add responses to postman collections for export functionality,merged,2024-12-16T13:36:21Z,2024-12-19T07:42:19Z,ayush3160,https://github.com/keploy/keploy/pull/2472
480,docs,Hotfix: Fix Safari clipboard copy issue by disabling Tailwind preflight,merged,2024-12-19T06:07:24Z,2024-12-19T17:22:50Z,manasmanohar,https://github.com/keploy/docs/pull/480
2470,keploy,fix: check `errReadRespBody != nil` but return a nil value error `err`,merged,2024-12-15T13:57:22Z,2024-12-20T13:35:35Z,alingse,https://github.com/keploy/keploy/pull/2470
482,docs,Fix safari clipboard copy issue,merged,2024-12-20T14:05:20Z,2024-12-20T15:08:45Z,manasmanohar,https://github.com/keploy/docs/pull/482
67,samples-typescript,Updating README.md with docs on adding new docker network,merged,2024-11-04T13:18:36Z,2024-12-22T18:12:42Z,trivedi-khushi,https://github.com/keploy/samples-typescript/pull/67
130,website,Update hero.tsx,merged,2024-11-10T21:27:35Z,2024-12-23T05:49:17Z,trivedi-khushi,https://github.com/keploy/website/pull/130
91,vscode-extension,all readme image,merged,2024-12-23T09:57:41Z,2024-12-23T10:00:03Z,TvisharajiK,https://github.com/keploy/vscode-extension/pull/91
1,samples-csharp,docs: Prepared the docs and organised the samples-csharp repository  #2341,merged,2024-12-08T15:03:55Z,2024-12-24T09:46:16Z,shainilps,https://github.com/keploy/samples-csharp/pull/1
161,website,chore: update CTA link to join cloud waiting list,merged,2024-12-24T11:46:51Z,2024-12-24T11:49:10Z,manasmanohar,https://github.com/keploy/website/pull/161
2478,keploy,fix: docker compose app stuck while running,merged,2024-12-24T08:06:58Z,2024-12-24T11:50:38Z,charankamarapu,https://github.com/keploy/keploy/pull/2478
162,website,fix: npm run build with pipeline,merged,2024-12-24T12:28:16Z,2024-12-24T12:30:16Z,khareyash05,https://github.com/keploy/website/pull/162
163,website,fix: pricing page,merged,2024-12-25T08:16:57Z,2024-12-25T08:22:03Z,khareyash05,https://github.com/keploy/website/pull/163
2475,keploy,add python to utgen,merged,2024-12-18T13:19:47Z,2024-12-26T11:32:21Z,s2terminal,https://github.com/keploy/keploy/pull/2475
2476,keploy,fix: newagent for context cancellation,merged,2024-12-24T06:49:23Z,2024-12-26T11:45:28Z,ayush3160,https://github.com/keploy/keploy/pull/2476
165,website,chore: update Slack links and enhance navigation,merged,2024-12-27T12:24:06Z,2024-12-27T16:59:04Z,manasmanohar,https://github.com/keploy/website/pull/165
74,blog-website,refactor: improve UI design for hero post,merged,2024-12-12T07:20:30Z,2024-12-30T05:37:10Z,Sarthak160,https://github.com/keploy/blog-website/pull/74
2459,keploy,feat: add keploy version as comment in tests and mocks,merged,2024-12-05T20:17:32Z,2024-12-30T12:34:14Z,NishantBansal2003,https://github.com/keploy/keploy/pull/2459
478,docs,Windows wsl command update,merged,2024-11-10T20:42:09Z,2024-12-31T09:48:18Z,trivedi-khushi,https://github.com/keploy/docs/pull/478
34,samples-python,Bugfix/fastapi postgres,merged,2024-11-01T05:14:43Z,2024-12-31T13:15:02Z,trivedi-khushi,https://github.com/keploy/samples-python/pull/34
37,samples-python,fix: docker compose cmd,merged,2025-01-01T04:29:48Z,2025-01-01T05:19:11Z,Sonichigo,https://github.com/keploy/samples-python/pull/37
469,docs,"Updated the FAQ section and Added a new ""Common Errors"" section",merged,2024-10-18T12:44:59Z,2025-01-03T06:02:53Z,Swpn0neel,https://github.com/keploy/docs/pull/469
2489,keploy,chore: refactor unexposed and platform specific functions,merged,2025-01-03T07:36:23Z,2025-01-03T08:44:19Z,charankamarapu,https://github.com/keploy/keploy/pull/2489
77,blog-website,fix: refactor blog code to access the 404 page as redirection,merged,2024-12-13T08:20:46Z,2025-01-05T09:40:08Z,khareyash05,https://github.com/keploy/blog-website/pull/77
6,samples-rust,Fixes #2342,merged,2024-12-07T16:55:12Z,2025-01-06T08:49:19Z,Krishnan9074,https://github.com/keploy/samples-rust/pull/6
2465,keploy,feat: sync default config with the latest fields,merged,2024-12-10T17:56:16Z,2025-01-07T04:20:46Z,NishantBansal2003,https://github.com/keploy/keploy/pull/2465
2467,keploy,fix: add comment why CLA workflow check is failing,merged,2024-12-12T06:41:02Z,2025-01-07T12:03:24Z,NishantBansal2003,https://github.com/keploy/keploy/pull/2467
2474,keploy,refactor: add header to check the last testcase,merged,2024-12-17T11:02:47Z,2025-01-07T13:24:02Z,Sarthak160,https://github.com/keploy/keploy/pull/2474
2504,keploy,ci: fix goreleaser by cleaning the assets,merged,2025-01-11T09:59:02Z,2025-01-11T11:24:56Z,Sarthak160,https://github.com/keploy/keploy/pull/2504
2505,keploy,"Revert ""ci: fix goreleaser by cleaning the assets""",merged,2025-01-11T12:14:10Z,2025-01-11T12:21:59Z,Sarthak160,https://github.com/keploy/keploy/pull/2505
2506,keploy,fix: basepath replay not working on windows,merged,2025-01-12T10:08:53Z,2025-01-12T10:13:35Z,Sarthak160,https://github.com/keploy/keploy/pull/2506
484,docs,feat: add steps to run keploy in karaf,merged,2025-01-12T11:54:31Z,2025-01-13T14:25:51Z,Sarthak160,https://github.com/keploy/docs/pull/484
485,docs,chore: change the aws url for keploy java agent,merged,2025-01-13T18:24:20Z,2025-01-13T18:35:13Z,Sarthak160,https://github.com/keploy/docs/pull/485
486,docs,chore: add note for windows,merged,2025-01-15T10:59:54Z,2025-01-15T11:01:27Z,Sarthak160,https://github.com/keploy/docs/pull/486
126,samples-go,add codeowner,merged,2025-01-16T09:06:42Z,2025-01-16T09:42:40Z,khareyash05,https://github.com/keploy/samples-go/pull/126
125,samples-go,add grpc app to test grpc parser,merged,2025-01-10T09:43:59Z,2025-01-17T09:43:37Z,NishantBansal2003,https://github.com/keploy/samples-go/pull/125
2512,keploy,refactor: allow write tests afters context cancelled,merged,2025-01-19T19:48:45Z,2025-01-19T20:08:13Z,Sarthak160,https://github.com/keploy/keploy/pull/2512
487,docs,Update keploy-karaf.md,merged,2025-01-19T21:59:11Z,2025-01-19T23:49:13Z,Sarthak160,https://github.com/keploy/docs/pull/487
2513,keploy,fix: validating flag when command is not provided,merged,2025-01-20T00:53:51Z,2025-01-20T01:01:48Z,Sarthak160,https://github.com/keploy/keploy/pull/2513
66,samples-typescript,Docker support for Express + PostgreSQL + Prisma Sample Application,merged,2024-10-18T05:06:29Z,2025-01-20T09:56:51Z,Abbhiishek,https://github.com/keploy/samples-typescript/pull/66
78,blog-website,refactor: blog website,merged,2024-12-17T11:17:54Z,2025-01-22T08:58:53Z,khareyash05,https://github.com/keploy/blog-website/pull/78
82,blog-website,fix: blog responsiveness on mobile,merged,2025-01-21T16:17:58Z,2025-01-22T10:18:52Z,manasmanohar,https://github.com/keploy/blog-website/pull/82
81,blog-website,Fixes non rounded off github stars on navbar,merged,2025-01-12T16:34:39Z,2025-01-22T10:33:15Z,jangirvipin,https://github.com/keploy/blog-website/pull/81
68,blog-website,changed tweet style from grid to carousel,merged,2024-11-30T19:11:34Z,2025-01-22T11:04:29Z,ab7022,https://github.com/keploy/blog-website/pull/68
488,docs,chore: update windows karaf env step,merged,2025-01-23T06:50:09Z,2025-01-23T06:58:46Z,Sarthak160,https://github.com/keploy/docs/pull/488
69,samples-typescript,Add Hono-Prisma-Postgres Todo Application Example (#2395),merged,2024-12-25T12:54:28Z,2025-01-24T06:20:46Z,Vibgitcode27,https://github.com/keploy/samples-typescript/pull/69
83,blog-website,feat: update metatags and description,merged,2025-01-23T08:10:33Z,2025-01-24T11:50:57Z,Sonichigo,https://github.com/keploy/blog-website/pull/83
128,samples-go,fixes samples-go linter errors,merged,2025-01-22T08:39:08Z,2025-01-26T17:12:54Z,NishantBansal2003,https://github.com/keploy/samples-go/pull/128
132,samples-go,Update CODEOWNERS,merged,2025-01-30T09:27:05Z,2025-01-30T09:34:46Z,khareyash05,https://github.com/keploy/samples-go/pull/132
131,samples-go,add linter pipeline for go-grpc,merged,2025-01-26T17:33:09Z,2025-01-30T10:40:57Z,NishantBansal2003,https://github.com/keploy/samples-go/pull/131
77,gsoc,feat: gsoc'25,merged,2025-01-31T07:34:46Z,2025-01-31T07:35:03Z,Sonichigo,https://github.com/keploy/gsoc/pull/77
81,gsoc,feat: add project 3 details,merged,2025-02-03T12:06:26Z,2025-02-03T14:23:42Z,TvisharajiK,https://github.com/keploy/gsoc/pull/81
80,gsoc,feat: add project 1 details,merged,2025-02-03T11:46:07Z,2025-02-03T14:23:57Z,manasmanohar,https://github.com/keploy/gsoc/pull/80
79,gsoc,feat: add project 5 details,merged,2025-02-03T11:06:42Z,2025-02-03T14:24:11Z,shivamsouravjha,https://github.com/keploy/gsoc/pull/79
78,gsoc,feat: add project 6 details,merged,2025-02-03T08:01:08Z,2025-02-03T14:28:07Z,Sonichigo,https://github.com/keploy/gsoc/pull/78
173,website,fix: add asset prefix and correct json,merged,2025-02-04T03:39:04Z,2025-02-04T07:40:08Z,manasmanohar,https://github.com/keploy/website/pull/173
174,website,Fix/asset redirects,merged,2025-02-04T08:44:06Z,2025-02-04T08:46:09Z,manasmanohar,https://github.com/keploy/website/pull/174
82,gsoc,Update README.md,merged,2025-02-04T06:06:41Z,2025-02-04T09:15:19Z,Hermione2408,https://github.com/keploy/gsoc/pull/82
84,blog-website,feat: increase MaxTimeOut to 60s,merged,2025-02-05T12:43:39Z,2025-02-05T12:54:48Z,Sonichigo,https://github.com/keploy/blog-website/pull/84
2537,keploy,feat: add ranking badge to readme,merged,2025-02-07T08:47:57Z,2025-02-07T09:00:19Z,Sonichigo,https://github.com/keploy/keploy/pull/2537
2521,keploy,refactor: templatize,merged,2025-02-02T20:40:15Z,2025-02-10T09:04:22Z,charankamarapu,https://github.com/keploy/keploy/pull/2521
83,gsoc,Update README.md,merged,2025-02-11T03:59:59Z,2025-02-11T05:51:10Z,manasmanohar,https://github.com/keploy/gsoc/pull/83
86,blog-website,fix: increase maxDuration timeout,merged,2025-02-11T07:16:09Z,2025-02-12T10:38:43Z,Sonichigo,https://github.com/keploy/blog-website/pull/86
83,samples-java,fix: atg changes,merged,2025-02-12T12:31:05Z,2025-02-12T12:31:35Z,charankamarapu,https://github.com/keploy/samples-java/pull/83
84,samples-java,fix: yml,merged,2025-02-12T12:41:51Z,2025-02-12T12:42:37Z,charankamarapu,https://github.com/keploy/samples-java/pull/84
84,gsoc,feat: add qualifying tasks for contract testing gsoc project,merged,2025-02-12T08:02:07Z,2025-02-13T07:18:25Z,gouravkrosx,https://github.com/keploy/gsoc/pull/84
85,gsoc,chore: change tasks for rag,merged,2025-02-14T06:15:41Z,2025-02-14T06:28:49Z,shivamsouravjha,https://github.com/keploy/gsoc/pull/85
87,gsoc,Update README.md,merged,2025-02-14T08:53:51Z,2025-02-14T10:04:24Z,Hermione2408,https://github.com/keploy/gsoc/pull/87
86,gsoc,Update README.md,merged,2025-02-14T06:38:35Z,2025-02-14T10:15:38Z,Sonichigo,https://github.com/keploy/gsoc/pull/86
88,gsoc,docs: update contract testing details in README GSOC'25,merged,2025-02-14T10:25:06Z,2025-02-14T15:41:36Z,gouravkrosx,https://github.com/keploy/gsoc/pull/88
2545,keploy,fix: @semantic-release/exec version to 6.0.3,merged,2025-02-14T12:18:14Z,2025-02-17T05:14:40Z,catosaurusrex2003,https://github.com/keploy/keploy/pull/2545
2523,keploy,fix: indentation in documentation update issue template,merged,2025-02-03T11:40:11Z,2025-02-17T06:26:08Z,chirag-ghosh,https://github.com/keploy/keploy/pull/2523
2501,keploy,fix: automatically populating appName in config file,merged,2025-01-07T14:34:27Z,2025-02-18T10:59:15Z,catosaurusrex2003,https://github.com/keploy/keploy/pull/2501
2548,keploy,feat: add time stamp in test set reports,merged,2025-02-19T08:28:03Z,2025-02-19T08:38:41Z,charankamarapu,https://github.com/keploy/keploy/pull/2548
2547,keploy,feat: add support to capture test for already running app,merged,2025-02-18T13:32:09Z,2025-02-19T14:33:44Z,Sarthak160,https://github.com/keploy/keploy/pull/2547
492,docs,chore: update keploy-karaf.md,merged,2025-02-20T10:39:42Z,2025-02-21T07:38:02Z,Sarthak160,https://github.com/keploy/docs/pull/492
493,docs,docs: update the karaf links,merged,2025-02-21T09:33:13Z,2025-02-21T09:34:23Z,Sarthak160,https://github.com/keploy/docs/pull/493
2549,keploy,refactor: rename base-url to base-path,merged,2025-02-21T13:48:40Z,2025-02-21T13:56:01Z,Sarthak160,https://github.com/keploy/keploy/pull/2549
494,docs,chore: update karaf docs,merged,2025-02-21T20:08:44Z,2025-02-21T20:10:06Z,Sarthak160,https://github.com/keploy/docs/pull/494
495,docs,chore: update docs,merged,2025-02-21T20:18:47Z,2025-02-21T20:18:56Z,Sarthak160,https://github.com/keploy/docs/pull/495
133,samples-go,New sample application for keploy/sample-go,merged,2025-02-10T09:02:15Z,2025-02-24T08:47:11Z,SaketV8,https://github.com/keploy/samples-go/pull/133
89,gsoc,chore:update readme for keploy console [GSOC-25],merged,2025-02-25T04:31:19Z,2025-02-25T06:19:12Z,Aditya-eddy,https://github.com/keploy/gsoc/pull/89
177,website,chore: update readme,merged,2025-02-25T19:51:46Z,2025-02-25T19:59:51Z,manasmanohar,https://github.com/keploy/website/pull/177
2559,keploy,fix: mongo matching score logic,merged,2025-03-04T08:27:46Z,2025-03-04T08:40:40Z,charankamarapu,https://github.com/keploy/keploy/pull/2559
130,samples-go,Fix linter issues,merged,2025-01-26T15:16:29Z,2025-03-05T06:41:08Z,karthikkalarikal,https://github.com/keploy/samples-go/pull/130
102,blog-website,chore: add pr template,merged,2025-03-01T14:28:36Z,2025-03-05T12:46:43Z,manasmanohar,https://github.com/keploy/blog-website/pull/102
2558,keploy,[add]: xml responses support,merged,2025-03-02T22:48:12Z,2025-03-06T10:17:41Z,AhmedLotfy02,https://github.com/keploy/keploy/pull/2558
26,student-program,feat: minor fixes for the new fellowhship form and links,merged,2025-03-06T10:55:35Z,2025-03-06T13:40:13Z,amaan-bhati,https://github.com/keploy/student-program/pull/26
2563,keploy,feat: support of ignoring entire body as a noise,merged,2025-03-06T13:37:48Z,2025-03-06T14:08:15Z,shivamsouravjha,https://github.com/keploy/keploy/pull/2563
496,docs,chore: add instruction to make entire body global noise,merged,2025-03-06T15:38:52Z,2025-03-06T15:40:57Z,Sarthak160,https://github.com/keploy/docs/pull/496
181,website,chore: update readme,merged,2025-03-03T17:36:25Z,2025-03-07T12:11:03Z,manasmanohar,https://github.com/keploy/website/pull/181
89,blog-website,fix: placed json-diff-viewer at top,merged,2025-02-12T19:46:44Z,2025-03-09T17:22:01Z,SaketV8,https://github.com/keploy/blog-website/pull/89
85,samples-java,[add]: sample java app with xml resposne,merged,2025-03-05T15:04:55Z,2025-03-10T10:19:18Z,AhmedLotfy02,https://github.com/keploy/samples-java/pull/85
2572,keploy,fix: header matching in test result,merged,2025-03-10T16:51:58Z,2025-03-10T16:58:54Z,charankamarapu,https://github.com/keploy/keploy/pull/2572
497,docs,docs: add support for xml,merged,2025-03-10T19:12:37Z,2025-03-10T19:43:32Z,Sarthak160,https://github.com/keploy/docs/pull/497
86,samples-java,Add sample xml,merged,2025-03-10T19:29:51Z,2025-03-10T19:52:44Z,Sarthak160,https://github.com/keploy/samples-java/pull/86
498,docs,docs: add xml app in sidebar,merged,2025-03-10T19:50:48Z,2025-03-10T19:53:27Z,Sarthak160,https://github.com/keploy/docs/pull/498
2575,keploy,fix: missing mongo config mocks,merged,2025-03-11T16:46:21Z,2025-03-11T17:41:28Z,charankamarapu,https://github.com/keploy/keploy/pull/2575
2571,keploy,feat: filter basepath in record while capturing,merged,2025-03-10T07:56:46Z,2025-03-12T07:53:37Z,kapishupadhyay22,https://github.com/keploy/keploy/pull/2571
2573,keploy,feat: add reasoning effort type for o1 model,merged,2025-03-11T03:10:40Z,2025-03-12T09:00:46Z,ayush3160,https://github.com/keploy/keploy/pull/2573
2580,keploy,fix: lint issues,merged,2025-03-12T09:27:07Z,2025-03-12T09:34:07Z,ayush3160,https://github.com/keploy/keploy/pull/2580
2592,keploy,fix: update obj files for http2 support,merged,2025-03-17T10:04:35Z,2025-03-17T11:52:01Z,gouravkrosx,https://github.com/keploy/keploy/pull/2592
2595,keploy,fix: race condition in tls connection,merged,2025-03-18T15:35:27Z,2025-03-18T16:25:31Z,gouravkrosx,https://github.com/keploy/keploy/pull/2595
2362,keploy,feat: Add coverage for C# applications,merged,2024-10-21T11:28:08Z,2025-03-19T12:57:32Z,yaten2302,https://github.com/keploy/keploy/pull/2362
2603,keploy,fix: the backward compatibility of http spec,merged,2025-03-19T17:08:40Z,2025-03-19T18:47:42Z,gouravkrosx,https://github.com/keploy/keploy/pull/2603
2509,keploy,chore: add code owner,merged,2025-01-15T17:48:00Z,2025-03-20T11:56:43Z,gouravkrosx,https://github.com/keploy/keploy/pull/2509
502,docs,chore: update timefreezing and tls docs,merged,2025-03-20T14:20:53Z,2025-03-20T14:51:11Z,gouravkrosx,https://github.com/keploy/docs/pull/502
2598,keploy,feat: Order of parser while selection,merged,2025-03-19T10:09:13Z,2025-03-21T11:58:13Z,kapishupadhyay22,https://github.com/keploy/keploy/pull/2598
2604,keploy,fix: lint,merged,2025-03-21T12:02:24Z,2025-03-21T12:07:15Z,gouravkrosx,https://github.com/keploy/keploy/pull/2604
106,blog-website,feat: update the waitlisted banner,merged,2025-03-13T12:59:37Z,2025-03-24T07:27:01Z,Sonichigo,https://github.com/keploy/blog-website/pull/106
2606,keploy,Adding test workflow for http-pokeapi sample app,merged,2025-03-21T12:08:36Z,2025-03-24T18:04:08Z,jaydee029,https://github.com/keploy/keploy/pull/2606
2615,keploy,fix: capturing of outgoing requests as tests,merged,2025-03-24T18:06:33Z,2025-03-25T07:50:30Z,gouravkrosx,https://github.com/keploy/keploy/pull/2615
37,.github,updated leaderboard,merged,2024-08-29T16:14:39Z,2025-03-26T04:14:30Z,Aman172003,https://github.com/keploy/.github/pull/37
19,jsondiff,fix: nil checks for expected type,merged,2025-03-25T14:38:41Z,2025-03-26T08:14:07Z,khareyash05,https://github.com/keploy/jsondiff/pull/19
2623,keploy,chore: bumpjsondiff to v1.0.5,merged,2025-03-26T08:31:08Z,2025-03-26T08:41:17Z,khareyash05,https://github.com/keploy/keploy/pull/2623
136,samples-go,feat: SQS sample application for API testing,merged,2025-03-26T08:16:43Z,2025-03-26T10:23:30Z,kapishupadhyay22,https://github.com/keploy/samples-go/pull/136
137,samples-go,chore: improved naming in go mod,merged,2025-03-26T14:08:43Z,2025-03-26T14:13:26Z,kapishupadhyay22,https://github.com/keploy/samples-go/pull/137
138,samples-go,fix: used correct uri for SQS localstack service,merged,2025-03-27T09:05:24Z,2025-03-27T09:47:52Z,kapishupadhyay22,https://github.com/keploy/samples-go/pull/138
90,gsoc,chore: update mentorship order,merged,2025-03-28T11:57:15Z,2025-03-28T11:57:22Z,gouravkrosx,https://github.com/keploy/gsoc/pull/90
500,docs,feat: split idemotency and tdd/bdd,merged,2025-03-11T07:48:03Z,2025-03-31T04:51:53Z,Sonichigo,https://github.com/keploy/docs/pull/500
107,blog-website,fix: signin error fix on header,merged,2025-04-01T11:40:42Z,2025-04-01T12:25:20Z,amaan-bhati,https://github.com/keploy/blog-website/pull/107
507,docs,fix: security url fix,merged,2025-04-01T12:24:32Z,2025-04-01T12:26:36Z,amaan-bhati,https://github.com/keploy/docs/pull/507
508,docs,chore:update flask mongo quickstart,merged,2025-04-02T13:51:57Z,2025-04-03T08:07:24Z,Achanandhi-M,https://github.com/keploy/docs/pull/508
509,docs,chore: update flask mongo tests docs,merged,2025-04-04T06:24:52Z,2025-04-04T08:01:59Z,Achanandhi-M,https://github.com/keploy/docs/pull/509
2639,keploy,fix: make redis as generic,merged,2025-04-04T08:03:11Z,2025-04-04T09:05:31Z,gouravkrosx,https://github.com/keploy/keploy/pull/2639
98,blog-website,implemented pagination in blog website,merged,2025-02-18T19:05:24Z,2025-04-07T05:07:47Z,michael-020,https://github.com/keploy/blog-website/pull/98
109,blog-website,chore: update build config,merged,2025-04-07T07:05:42Z,2025-04-07T07:13:34Z,manasmanohar,https://github.com/keploy/blog-website/pull/109
2588,keploy,Add support for gRPC incoming requests record and test,merged,2025-03-17T05:20:57Z,2025-04-09T09:31:26Z,Prabhakaran-m-allen,https://github.com/keploy/keploy/pull/2588
2646,keploy,fix: lint,merged,2025-04-09T10:02:12Z,2025-04-09T10:11:09Z,gouravkrosx,https://github.com/keploy/keploy/pull/2646
2647,keploy,Readme issue fix,merged,2025-04-11T06:01:04Z,2025-04-11T09:04:16Z,Achanandhi-M,https://github.com/keploy/keploy/pull/2647
88,samples-java,Chore: java quickstart petclinic Dockerfile and new tests added,merged,2025-04-11T10:18:23Z,2025-04-11T12:29:52Z,Achanandhi-M,https://github.com/keploy/samples-java/pull/88
2645,keploy,fix: linux kernel compatibility for 5.10,merged,2025-04-09T09:04:54Z,2025-04-14T08:35:04Z,Hermione2408,https://github.com/keploy/keploy/pull/2645
2655,keploy,fix: record timer flag type,merged,2025-04-14T10:34:36Z,2025-04-14T10:48:50Z,gouravkrosx,https://github.com/keploy/keploy/pull/2655
2660,keploy,fix: scram nonce identifier for concurrent connections,merged,2025-04-14T10:59:58Z,2025-04-14T11:24:12Z,slayerjain,https://github.com/keploy/keploy/pull/2660
2664,keploy,fix: grpc parser issues,merged,2025-04-14T11:27:34Z,2025-04-14T11:42:58Z,gouravkrosx,https://github.com/keploy/keploy/pull/2664
2661,keploy,fix: certificate invalid if application time is before cert issuance time,merged,2025-04-14T11:12:17Z,2025-04-14T12:48:09Z,AkashKumar7902,https://github.com/keploy/keploy/pull/2661
504,docs,feat: Update functional-testing.md,merged,2025-03-27T07:22:28Z,2025-04-15T07:08:34Z,himanshu3095,https://github.com/keploy/docs/pull/504
1,gitstats,chore: refactor and add docker build pipeline,merged,2025-04-15T08:16:13Z,2025-04-15T08:16:23Z,slayerjain,https://github.com/keploy/gitstats/pull/1
2649,keploy,fix: upgrade mock download according to auth,merged,2025-04-11T12:38:05Z,2025-04-15T15:32:25Z,charankamarapu,https://github.com/keploy/keploy/pull/2649
2669,keploy,fix: Properly handle errors in proxy connection code,merged,2025-04-15T17:58:39Z,2025-04-16T11:27:08Z,Per0x1de-1337,https://github.com/keploy/keploy/pull/2669
2652,keploy,fix: Remove redundant nil checks,merged,2025-04-13T14:03:13Z,2025-04-16T12:59:58Z,Per0x1de-1337,https://github.com/keploy/keploy/pull/2652
511,docs,chore: update GitLab CI/CD integration documentation,merged,2025-04-14T17:46:18Z,2025-04-17T02:52:31Z,Achanandhi-M,https://github.com/keploy/docs/pull/511
90,samples-java,Added Dockerfile and Modified docker compose file for Employee application,merged,2025-04-16T15:35:40Z,2025-04-17T02:56:08Z,Achanandhi-M,https://github.com/keploy/samples-java/pull/90
510,docs,chore: update Flask-Mongo quickstart to fix Docker issues,merged,2025-04-11T12:31:30Z,2025-04-17T03:00:14Z,Achanandhi-M,https://github.com/keploy/docs/pull/510
92,samples-java,fix: Added  new sample images for the Employee java documentation,merged,2025-04-17T09:00:43Z,2025-04-17T09:16:40Z,Achanandhi-M,https://github.com/keploy/samples-java/pull/92
2672,keploy,chore: PR and bug templates,merged,2025-04-17T09:20:31Z,2025-04-17T09:23:21Z,gouravkrosx,https://github.com/keploy/keploy/pull/2672
512,docs,Chore/update java employee docs,merged,2025-04-17T09:44:44Z,2025-04-17T09:46:16Z,Achanandhi-M,https://github.com/keploy/docs/pull/512
513,docs,fix: Fixed the image issues in  Java Employee app docs,merged,2025-04-17T12:20:24Z,2025-04-17T12:56:23Z,Achanandhi-M,https://github.com/keploy/docs/pull/513
2674,keploy,chore: bump versions and update lint,merged,2025-04-17T12:15:13Z,2025-04-17T13:42:27Z,gouravkrosx,https://github.com/keploy/keploy/pull/2674
2673,keploy,fix: Improve error handling and resource management in ReadSessionIndices,merged,2025-04-17T11:40:23Z,2025-04-18T09:10:34Z,Per0x1de-1337,https://github.com/keploy/keploy/pull/2673
92,vscode-extension,fix: github signIN and remove starring github,merged,2025-04-18T09:42:36Z,2025-04-19T08:35:51Z,gouravkrosx,https://github.com/keploy/vscode-extension/pull/92
2684,keploy,feat: read full http headers to identify other types of requests,merged,2025-04-21T06:49:21Z,2025-04-21T07:56:25Z,gouravkrosx,https://github.com/keploy/keploy/pull/2684
514,docs,Updated the Jenkins CI/CD pipeline for Golang.,merged,2025-04-18T04:41:49Z,2025-04-21T13:44:08Z,Achanandhi-M,https://github.com/keploy/docs/pull/514
2693,keploy,chore: change ordering of log elements and add connID to metadata,merged,2025-04-24T04:08:50Z,2025-04-24T06:30:07Z,AkashKumar7902,https://github.com/keploy/keploy/pull/2693
112,blog-website,Added google-adsense to the blog website,merged,2025-04-23T09:14:54Z,2025-04-24T13:13:13Z,Achanandhi-M,https://github.com/keploy/blog-website/pull/112
2691,keploy,feat: custom assertion setup,merged,2025-04-23T13:08:58Z,2025-04-25T10:05:09Z,khareyash05,https://github.com/keploy/keploy/pull/2691
503,docs,fix: rm an invalid reference in 'Running the setup in CI' section,merged,2025-03-26T06:20:40Z,2025-04-27T06:21:48Z,konippi,https://github.com/keploy/docs/pull/503
2698,keploy,feat: add support for description in testcases,merged,2025-04-28T09:41:51Z,2025-04-28T11:33:01Z,charankamarapu,https://github.com/keploy/keploy/pull/2698
2700,keploy,fix: handle complex data type matching,merged,2025-04-29T08:31:24Z,2025-04-29T11:08:57Z,khareyash05,https://github.com/keploy/keploy/pull/2700
17,writers-program,feat: lighthouse-github-actions-integrations-added,merged,2025-04-29T12:58:40Z,2025-04-30T13:35:18Z,Achanandhi-M,https://github.com/keploy/writers-program/pull/17
2705,keploy,fix: handle multiple split frames in gRPC parser,merged,2025-05-01T14:52:19Z,2025-05-01T15:09:40Z,gouravkrosx,https://github.com/keploy/keploy/pull/2705
143,samples-go,chore: remove integration test,merged,2025-05-02T10:31:34Z,2025-05-02T10:37:55Z,Sarthak160,https://github.com/keploy/samples-go/pull/143
2678,keploy,fix: wrong mock matching which results in testcase failure,merged,2025-04-18T06:30:13Z,2025-05-05T08:45:08Z,AkashKumar7902,https://github.com/keploy/keploy/pull/2678
2689,keploy,chore: add new hooks in replay,merged,2025-04-23T06:39:23Z,2025-05-05T09:55:27Z,AkashKumar7902,https://github.com/keploy/keploy/pull/2689
2710,keploy,chore: remove explicit xml support in http responses,merged,2025-05-06T12:19:35Z,2025-05-06T13:34:13Z,gouravkrosx,https://github.com/keploy/keploy/pull/2710
38,devrel-program,feat: Keploy lighthouse integration,merged,2025-05-06T11:23:44Z,2025-05-06T14:46:11Z,Achanandhi-M,https://github.com/keploy/devrel-program/pull/38
144,samples-go,"feat: add new endpoint to test formats: html, xml, plain",merged,2025-05-07T06:51:35Z,2025-05-07T11:09:24Z,AkashKumar7902,https://github.com/keploy/samples-go/pull/144
2713,keploy,fix: support for matching non json body by simple comparison,merged,2025-05-07T06:29:18Z,2025-05-07T11:16:12Z,AkashKumar7902,https://github.com/keploy/keploy/pull/2713
2718,keploy,feat: update slack urls,merged,2025-05-07T19:00:19Z,2025-05-08T07:51:43Z,Achanandhi-M,https://github.com/keploy/keploy/pull/2718
515,docs,fix: Added updated slack link,merged,2025-05-07T18:40:12Z,2025-05-08T07:52:17Z,Achanandhi-M,https://github.com/keploy/docs/pull/515
22,jsondiff,Add nil check for expected & actual type,merged,2025-05-01T15:20:11Z,2025-05-08T10:52:28Z,harshitashankar,https://github.com/keploy/jsondiff/pull/22
2719,keploy,chore: telemetry as sync map to avoid race conditions,merged,2025-05-08T10:00:29Z,2025-05-09T11:28:41Z,khareyash05,https://github.com/keploy/keploy/pull/2719
2708,keploy,feat: run testset multi times for flakiness test and add --must-pass flag,merged,2025-05-05T15:51:12Z,2025-05-09T13:34:48Z,AkashKumar7902,https://github.com/keploy/keploy/pull/2708
30,student-program,Chore: update new slack url,merged,2025-05-10T06:07:10Z,2025-05-11T06:37:29Z,Achanandhi-M,https://github.com/keploy/student-program/pull/30
39,devrel-program,chore: Updated new slack url,merged,2025-05-10T05:43:28Z,2025-05-11T06:37:49Z,Achanandhi-M,https://github.com/keploy/devrel-program/pull/39
145,samples-go,Chore: New Updated Slack Url,merged,2025-05-10T04:40:34Z,2025-05-11T06:38:03Z,Achanandhi-M,https://github.com/keploy/samples-go/pull/145
2,samples-csharp,chore: Update new slack url,merged,2025-05-11T12:02:00Z,2025-05-11T13:13:51Z,Achanandhi-M,https://github.com/keploy/samples-csharp/pull/2
7,samples-rust,chore: Update new slack url,merged,2025-05-11T11:57:11Z,2025-05-11T13:14:42Z,Achanandhi-M,https://github.com/keploy/samples-rust/pull/7
73,samples-typescript,chore: Update new slack url,merged,2025-05-11T11:53:23Z,2025-05-11T13:15:03Z,Achanandhi-M,https://github.com/keploy/samples-typescript/pull/73
39,samples-python,chore: Update new slack url,merged,2025-05-11T11:47:32Z,2025-05-11T13:15:10Z,Achanandhi-M,https://github.com/keploy/samples-python/pull/39
93,samples-java,chore: Update new slack url,merged,2025-05-11T11:32:44Z,2025-05-11T13:15:26Z,Achanandhi-M,https://github.com/keploy/samples-java/pull/93
20,writers-program,chore: Update new slack url,merged,2025-05-10T05:59:33Z,2025-05-11T13:15:35Z,Achanandhi-M,https://github.com/keploy/writers-program/pull/20
2721,keploy,fix: fixed broken readme links,merged,2025-05-11T11:00:09Z,2025-05-11T13:15:44Z,Achanandhi-M,https://github.com/keploy/keploy/pull/2721
2722,keploy,ci: workflow run across combinations of binary built using local/latest,merged,2025-05-12T09:29:58Z,2025-05-14T08:51:25Z,AkashKumar7902,https://github.com/keploy/keploy/pull/2722
516,docs,Added New quickstart Java Sample (Openhospital),merged,2025-05-15T13:11:27Z,2025-05-16T20:10:21Z,Achanandhi-M,https://github.com/keploy/docs/pull/516
2724,keploy,fix: keploy stuck if docker container already in use,merged,2025-05-16T15:39:25Z,2025-05-19T08:12:29Z,gouravkrosx,https://github.com/keploy/keploy/pull/2724
146,samples-go,Fix readme and add docker configuration to echo-mysql,merged,2025-05-14T10:43:02Z,2025-05-19T09:31:15Z,shiiyan,https://github.com/keploy/samples-go/pull/146
134,samples-go,[add]: sample go app for xml response,merged,2025-03-05T13:21:32Z,2025-05-19T10:43:19Z,AhmedLotfy02,https://github.com/keploy/samples-go/pull/134
141,samples-go,feat: go redis app,merged,2025-04-18T09:48:09Z,2025-05-19T12:21:41Z,khareyash05,https://github.com/keploy/samples-go/pull/141
118,blog-website,chore: Added google adsense component,merged,2025-05-19T13:28:14Z,2025-05-19T17:46:00Z,Achanandhi-M,https://github.com/keploy/blog-website/pull/118
2725,keploy,fix: mock upload,merged,2025-05-20T07:43:44Z,2025-05-20T09:52:42Z,gouravkrosx,https://github.com/keploy/keploy/pull/2725
518,docs,chore: remove unwanted external links,merged,2025-05-19T13:06:58Z,2025-05-20T14:15:46Z,Achanandhi-M,https://github.com/keploy/docs/pull/518
2726,keploy,Refine core features section in README,merged,2025-05-20T21:15:12Z,2025-05-21T03:06:50Z,YashSnew,https://github.com/keploy/keploy/pull/2726
117,blog-website,feat: Added Updated lighthouse integration,merged,2025-05-07T11:45:29Z,2025-05-21T03:11:33Z,Achanandhi-M,https://github.com/keploy/blog-website/pull/117
2728,keploy,fix: panic in test db,merged,2025-05-21T11:37:33Z,2025-05-21T12:22:18Z,gouravkrosx,https://github.com/keploy/keploy/pull/2728
148,samples-go,"Revert ""Fix readme and add docker configuration to echo-mysql """,merged,2025-05-21T12:43:49Z,2025-05-21T12:48:26Z,khareyash05,https://github.com/keploy/samples-go/pull/148
119,blog-website,fix:  Modifed the Google adsense component,merged,2025-05-20T17:04:46Z,2025-05-21T13:37:04Z,Achanandhi-M,https://github.com/keploy/blog-website/pull/119
519,docs,API testing page,merged,2025-05-20T09:39:30Z,2025-05-22T04:34:46Z,TvisharajiK,https://github.com/keploy/docs/pull/519
520,docs,fix(docs): steps for limactl installation,merged,2025-05-20T15:23:08Z,2025-05-22T06:51:08Z,chirag-ghosh,https://github.com/keploy/docs/pull/520
120,blog-website,fix: Added new google adsense component,merged,2025-05-22T18:44:16Z,2025-05-23T04:35:27Z,Achanandhi-M,https://github.com/keploy/blog-website/pull/120
2733,keploy,fix: update README star goal to 20K,merged,2025-05-28T03:08:47Z,2025-05-28T03:18:53Z,Achanandhi-M,https://github.com/keploy/keploy/pull/2733
2743,keploy,fix: large mock file upload,merged,2025-06-02T10:32:19Z,2025-06-02T10:51:01Z,gouravkrosx,https://github.com/keploy/keploy/pull/2743
2747,keploy,fix: add report for no test to run status,merged,2025-06-03T10:49:55Z,2025-06-03T12:54:28Z,gouravkrosx,https://github.com/keploy/keploy/pull/2747
2749,keploy,fix: wrong total test summary in metrics,merged,2025-06-03T15:44:29Z,2025-06-04T13:04:01Z,AkashKumar7902,https://github.com/keploy/keploy/pull/2749
2752,keploy,feat: add support to upload and download mocks from cloud via cmds,merged,2025-06-04T12:50:45Z,2025-06-04T16:49:48Z,gouravkrosx,https://github.com/keploy/keploy/pull/2752
23,jsondiff,Ordering fix comparejson,merged,2025-05-09T17:22:07Z,2025-06-09T11:36:47Z,harshitashankar,https://github.com/keploy/jsondiff/pull/23
2759,keploy,chore: bump jsonDiff version,merged,2025-06-09T12:26:44Z,2025-06-09T12:46:41Z,Hermione2408,https://github.com/keploy/keploy/pull/2759
2754,keploy,feat: add AND/OR match logic to request filters in isFiltered,merged,2025-06-05T11:56:50Z,2025-06-09T13:35:36Z,Hermione2408,https://github.com/keploy/keploy/pull/2754
522,docs,fix: openhospital-docs-images-added,merged,2025-05-26T14:35:17Z,2025-06-10T10:56:27Z,Achanandhi-M,https://github.com/keploy/docs/pull/522
122,blog-website,fix: google adsense multiple tag issue fix,merged,2025-06-10T10:52:24Z,2025-06-10T14:38:24Z,Achanandhi-M,https://github.com/keploy/blog-website/pull/122
123,blog-website,fix: add publisher script,merged,2025-06-11T10:33:56Z,2025-06-12T03:23:23Z,Achanandhi-M,https://github.com/keploy/blog-website/pull/123
2758,keploy,fixes twitter to X,merged,2025-06-07T03:12:45Z,2025-06-17T08:45:10Z,arnavk23,https://github.com/keploy/keploy/pull/2758
521,docs,feat: Added new docs structure,merged,2025-05-21T09:31:41Z,2025-06-17T09:22:58Z,Achanandhi-M,https://github.com/keploy/docs/pull/521
525,docs,refactor: v3,merged,2025-06-17T09:33:18Z,2025-06-17T09:34:05Z,nehagup,https://github.com/keploy/docs/pull/525
526,docs,V3,merged,2025-06-17T10:31:16Z,2025-06-17T10:31:37Z,nehagup,https://github.com/keploy/docs/pull/526
527,docs,V3,merged,2025-06-17T10:36:09Z,2025-06-17T10:38:02Z,nehagup,https://github.com/keploy/docs/pull/527
1,engineering-prompts,Add New Engineering prompts,merged,2025-06-17T08:01:25Z,2025-06-17T10:44:16Z,Achanandhi-M,https://github.com/keploy/engineering-prompts/pull/1
528,docs,fix broken images,merged,2025-06-17T10:44:53Z,2025-06-17T10:45:01Z,nehagup,https://github.com/keploy/docs/pull/528
529,docs,fix: broken images,merged,2025-06-17T11:04:34Z,2025-06-17T11:07:10Z,nehagup,https://github.com/keploy/docs/pull/529
530,docs,summary,merged,2025-06-17T11:22:29Z,2025-06-17T11:25:44Z,nehagup,https://github.com/keploy/docs/pull/530
532,docs,Refactor,merged,2025-06-17T11:30:05Z,2025-06-17T11:30:50Z,nehagup,https://github.com/keploy/docs/pull/532
1,public-apis-collection,feat: add a list of public apis with structure and resources,merged,2025-06-17T11:56:42Z,2025-06-17T12:01:53Z,amaan-bhati,https://github.com/keploy/public-apis-collection/pull/1
124,blog-website,fix: modified adsense component,merged,2025-06-12T08:25:30Z,2025-06-18T13:25:18Z,Achanandhi-M,https://github.com/keploy/blog-website/pull/124
2781,keploy,fix: improve error message for datetime parsing in DecodeTextRow,merged,2025-06-18T13:49:50Z,2025-06-18T14:01:16Z,slayerjain,https://github.com/keploy/keploy/pull/2781
560,docs,Added Docusaurus to the Technology Stack section in README,merged,2025-06-18T14:06:52Z,2025-06-18T14:34:02Z,ankitbakshi10,https://github.com/keploy/docs/pull/560
539,docs,Update Intro.js - fixed underline issue under Dependencies Support,merged,2025-06-17T16:47:05Z,2025-06-18T14:42:34Z,Shahmeer24,https://github.com/keploy/docs/pull/539
543,docs,feat: added the card layout to glossary page,merged,2025-06-17T18:45:14Z,2025-06-18T15:02:49Z,aarabii,https://github.com/keploy/docs/pull/543
544,docs,Improve README formatting and clarity,merged,2025-06-17T19:15:08Z,2025-06-18T15:06:17Z,KaramjeetKaur1428,https://github.com/keploy/docs/pull/544
2788,keploy,fix: handle mysql special zero date,merged,2025-06-18T16:50:51Z,2025-06-18T16:52:18Z,slayerjain,https://github.com/keploy/keploy/pull/2788
2772,keploy,fix: bug keploy config --generate gets stuck on invalid input when keploy.yml exists,merged,2025-06-17T13:09:00Z,2025-06-19T11:44:24Z,shiiyan,https://github.com/keploy/keploy/pull/2772
2806,keploy,fix: mysql allow unencrypted password when ssl is enabled,merged,2025-06-20T10:10:27Z,2025-06-20T14:21:00Z,gouravkrosx,https://github.com/keploy/keploy/pull/2806
585,docs,docs: adding atg public docs for installation and explanation,merged,2025-06-22T17:50:56Z,2025-06-22T17:51:06Z,nehagup,https://github.com/keploy/docs/pull/585
2811,keploy,fix: packet reading in mysql parser and add debug logs,merged,2025-06-22T17:55:52Z,2025-06-22T18:09:40Z,gouravkrosx,https://github.com/keploy/keploy/pull/2811
2812,keploy,chore: update PrintLogo function to accept io.Writer for better output control,merged,2025-06-23T10:52:58Z,2025-06-23T13:54:11Z,slayerjain,https://github.com/keploy/keploy/pull/2812
587,docs,"Added Test Operations - share, improve",merged,2025-06-23T17:53:26Z,2025-06-23T18:50:48Z,TvisharajiK,https://github.com/keploy/docs/pull/587
588,docs,feat: adding atg public docs for fix with ai,merged,2025-06-23T18:54:05Z,2025-06-23T19:03:27Z,nehagup,https://github.com/keploy/docs/pull/588
2813,keploy,fix: mysql text row encode decode,merged,2025-06-24T10:27:59Z,2025-06-24T10:37:57Z,gouravkrosx,https://github.com/keploy/keploy/pull/2813
590,docs,"Added run, edited existing with changes",merged,2025-06-24T08:17:41Z,2025-06-26T06:37:29Z,TvisharajiK,https://github.com/keploy/docs/pull/590
595,docs,feat: add api testing cicd integration,merged,2025-06-26T09:25:16Z,2025-06-26T09:29:25Z,Achanandhi-M,https://github.com/keploy/docs/pull/595
2815,keploy,fix: noise filtering in json-array,merged,2025-06-26T12:22:30Z,2025-06-26T13:00:07Z,gouravkrosx,https://github.com/keploy/keploy/pull/2815
155,samples-go,feat : static analysis for GO and JS,merged,2025-06-26T17:07:56Z,2025-06-27T05:32:11Z,EuclidStellar,https://github.com/keploy/samples-go/pull/155
157,samples-go,permissions added at workflow level,merged,2025-06-27T07:07:14Z,2025-06-27T07:12:24Z,EuclidStellar,https://github.com/keploy/samples-go/pull/157
596,docs,"Add Chrome extension, select tests",merged,2025-06-26T11:10:14Z,2025-06-27T10:48:37Z,TvisharajiK,https://github.com/keploy/docs/pull/596
597,docs,fix: update frontend setup instructions and backend prerequisites,merged,2025-06-27T13:47:10Z,2025-06-27T13:48:12Z,slayerjain,https://github.com/keploy/docs/pull/597
121,blog-website,Fix minor ui break in mobile devices for table,merged,2025-06-02T11:43:09Z,2025-06-30T05:46:49Z,yaten2302,https://github.com/keploy/blog-website/pull/121
2818,keploy,fix: no test report generated on simulateTest failure,merged,2025-06-26T13:16:34Z,2025-07-01T07:48:49Z,officialasishkumar,https://github.com/keploy/keploy/pull/2818
2820,keploy,feat: config.yaml contains metadata,merged,2025-06-27T12:50:15Z,2025-07-01T09:04:36Z,officialasishkumar,https://github.com/keploy/keploy/pull/2820
598,docs,feat: add docs for metadata in config file,merged,2025-06-30T09:47:14Z,2025-07-01T11:10:23Z,officialasishkumar,https://github.com/keploy/docs/pull/598
159,samples-go,Dev review setup,merged,2025-07-01T12:20:21Z,2025-07-01T12:23:26Z,EuclidStellar,https://github.com/keploy/samples-go/pull/159
162,samples-go,feat : AI review using qwen3: 14b,merged,2025-07-01T13:26:30Z,2025-07-01T17:13:30Z,EuclidStellar,https://github.com/keploy/samples-go/pull/162
1,orgChartApi,Update readme,merged,2025-07-02T10:25:44Z,2025-07-02T14:05:23Z,Achanandhi-M,https://github.com/keploy/orgChartApi/pull/1
2825,keploy,feat: Support for Secret Management via secret.yaml Configuration,merged,2025-07-01T13:10:08Z,2025-07-02T14:52:34Z,officialasishkumar,https://github.com/keploy/keploy/pull/2825
2827,keploy,fix: record filters conditions,merged,2025-07-03T11:26:04Z,2025-07-03T11:58:45Z,gouravkrosx,https://github.com/keploy/keploy/pull/2827
2,orgChartApi,Added docker setup and modified the readme,merged,2025-07-03T11:11:17Z,2025-07-03T14:45:47Z,Achanandhi-M,https://github.com/keploy/orgChartApi/pull/2
591,docs,Added ctr improvement,merged,2025-06-24T10:22:30Z,2025-07-07T11:26:41Z,Achanandhi-M,https://github.com/keploy/docs/pull/591
599,docs,fix: pagination issue,merged,2025-06-30T10:57:18Z,2025-07-07T11:27:12Z,Achanandhi-M,https://github.com/keploy/docs/pull/599
600,docs,fix: faqs page alignment issues,merged,2025-06-30T11:36:46Z,2025-07-07T11:29:55Z,Achanandhi-M,https://github.com/keploy/docs/pull/600
602,docs,fix: broken links and images,merged,2025-07-04T09:28:22Z,2025-07-07T11:30:49Z,Achanandhi-M,https://github.com/keploy/docs/pull/602
601,docs,fix: redirect non resolving page,merged,2025-07-01T09:18:55Z,2025-07-07T11:31:51Z,Achanandhi-M,https://github.com/keploy/docs/pull/601
606,docs,fix: removed external links,merged,2025-07-08T06:35:37Z,2025-07-08T13:17:30Z,Achanandhi-M,https://github.com/keploy/docs/pull/606
607,docs,fix: removed old contact us page,merged,2025-07-08T11:51:33Z,2025-07-08T13:17:53Z,Achanandhi-M,https://github.com/keploy/docs/pull/607
2832,keploy,feat: add support for collecting python app coverage for child processes,merged,2025-07-08T12:09:39Z,2025-07-09T08:14:15Z,gouravkrosx,https://github.com/keploy/keploy/pull/2832
102,engineering-prompts,Added new domain Testing & Quality Assurance,merged,2025-06-22T16:43:05Z,2025-07-09T13:01:28Z,anw1702,https://github.com/keploy/engineering-prompts/pull/102
91,engineering-prompts,Add Terraform-based DevOps prompt by Adnan,merged,2025-06-20T06:31:07Z,2025-07-09T13:11:00Z,adnan-984,https://github.com/keploy/engineering-prompts/pull/91
6,engineering-prompts,Added a new UX design prompt for accessibility in engineering prompts,merged,2025-06-17T19:28:20Z,2025-07-09T13:17:12Z,Debalina-4128,https://github.com/keploy/engineering-prompts/pull/6
71,engineering-prompts,Add prompt: Build a Flutter + Node.js Full-Stack App with ML and Firebase Auth,merged,2025-06-19T04:48:02Z,2025-07-09T13:18:33Z,BhushanSah3,https://github.com/keploy/engineering-prompts/pull/71
81,engineering-prompts,feat: Add comprehensive MERN stack production-ready application prompt,merged,2025-06-19T05:57:18Z,2025-07-09T13:21:13Z,YuvisTechPoint,https://github.com/keploy/engineering-prompts/pull/81
80,engineering-prompts,feat: Add comprehensive API Gateway prompt for microservices architec…,merged,2025-06-19T05:50:07Z,2025-07-09T13:21:58Z,anuragcode-16,https://github.com/keploy/engineering-prompts/pull/80
64,engineering-prompts,Add new prompt to Code Refactoring and Developement,merged,2025-06-18T23:06:33Z,2025-07-09T13:25:58Z,Manveer-Pbx1,https://github.com/keploy/engineering-prompts/pull/64
65,engineering-prompts,docs: add RBAC full-stack prompt to README,merged,2025-06-19T00:33:43Z,2025-07-09T13:26:58Z,souvik-maity,https://github.com/keploy/engineering-prompts/pull/65
57,engineering-prompts,Add example for integrating OpenAI/Hugging Face API in Django + React,merged,2025-06-18T19:58:14Z,2025-07-09T13:31:45Z,emz95,https://github.com/keploy/engineering-prompts/pull/57
77,engineering-prompts,Added UX/UI prompt for onboarding flow review,merged,2025-06-19T05:34:38Z,2025-07-09T13:33:38Z,Sasiya-Elangovan,https://github.com/keploy/engineering-prompts/pull/77
58,engineering-prompts,feat: Add zero-downtime database migration prompt,merged,2025-06-18T20:04:09Z,2025-07-09T13:34:53Z,Sakibalam03,https://github.com/keploy/engineering-prompts/pull/58
54,engineering-prompts,Update README.md,merged,2025-06-18T18:48:00Z,2025-07-09T13:38:17Z,Shriti81,https://github.com/keploy/engineering-prompts/pull/54
96,engineering-prompts,Prompt for Scaffold-Django-REST-API for a specification,merged,2025-06-21T19:01:51Z,2025-07-09T13:45:33Z,Mimmicodes,https://github.com/keploy/engineering-prompts/pull/96
49,engineering-prompts,Added a prompt for ai models to generate seed script for a database,merged,2025-06-18T18:06:59Z,2025-07-09T13:48:32Z,ritawang18,https://github.com/keploy/engineering-prompts/pull/49
32,engineering-prompts,Add AI / ML Prompts to Engineering Prompts Repository,merged,2025-06-18T14:34:34Z,2025-07-09T13:53:14Z,its-kanii,https://github.com/keploy/engineering-prompts/pull/32
7,engineering-prompts,Add AI/ML Integration Prompt for Mocking Model Output in Spring Boot APIs,merged,2025-06-17T19:37:17Z,2025-07-09T13:55:22Z,OmSinha07,https://github.com/keploy/engineering-prompts/pull/7
109,engineering-prompts,Delete cloud-devops-prompt-adnan.md,merged,2025-07-09T14:08:51Z,2025-07-09T14:09:24Z,pratikstwts,https://github.com/keploy/engineering-prompts/pull/109
111,engineering-prompts,Docs: Fix mismatches and formatting in README,merged,2025-07-09T14:59:26Z,2025-07-10T04:10:06Z,its-kanii,https://github.com/keploy/engineering-prompts/pull/111
19,engineering-prompts,Implemented Query Migration under Database Management Domain.,merged,2025-06-18T11:10:20Z,2025-07-10T04:19:44Z,Romit23,https://github.com/keploy/engineering-prompts/pull/19
78,engineering-prompts,Add Advanced Frontend Performance Optimization Prompt Chain,merged,2025-06-19T05:37:28Z,2025-07-10T04:24:07Z,Ricky2054,https://github.com/keploy/engineering-prompts/pull/78
48,engineering-prompts,Added a prompt in the domain of Cloud and Kubernetes.,merged,2025-06-18T18:03:32Z,2025-07-10T04:26:53Z,Jeeeeeeet22,https://github.com/keploy/engineering-prompts/pull/48
28,engineering-prompts,feat: add UI/UX and Marketing prompt categories,merged,2025-06-18T13:10:57Z,2025-07-10T04:32:41Z,tanmaykulkarni2112,https://github.com/keploy/engineering-prompts/pull/28
14,engineering-prompts,Added Code Modernizer prompt,merged,2025-06-18T09:46:56Z,2025-07-10T04:37:02Z,Roshansingh9,https://github.com/keploy/engineering-prompts/pull/14
9,engineering-prompts,Add ER Diagram prompt under Database Management,merged,2025-06-18T04:02:19Z,2025-07-10T04:39:48Z,sarvansh451,https://github.com/keploy/engineering-prompts/pull/9
11,engineering-prompts,"Added prompts for code refactoring, web styling, and UX/UI improvements",merged,2025-06-18T07:03:22Z,2025-07-10T05:59:42Z,SinghShweta1517,https://github.com/keploy/engineering-prompts/pull/11
10,engineering-prompts,Added 9 new web development related prompts,merged,2025-06-18T05:42:52Z,2025-07-10T06:06:32Z,vwwyq,https://github.com/keploy/engineering-prompts/pull/10
16,engineering-prompts,Enhance Agentic AI Prompts with Framework References and Alignment Fixes,merged,2025-06-18T10:09:02Z,2025-07-10T06:10:00Z,KaushikML,https://github.com/keploy/engineering-prompts/pull/16
27,engineering-prompts,Added a Prompt in Full-Stack Development For Creating an mobile app,merged,2025-06-18T13:10:09Z,2025-07-10T06:14:04Z,AdityaPrakash-03,https://github.com/keploy/engineering-prompts/pull/27
97,engineering-prompts,Added Web Development Prompt - Frontend Testing,merged,2025-06-22T06:48:47Z,2025-07-10T06:19:29Z,kaif744,https://github.com/keploy/engineering-prompts/pull/97
95,engineering-prompts,Added Fullstack Development prompts,merged,2025-06-21T18:21:32Z,2025-07-10T06:21:09Z,anjupathak03,https://github.com/keploy/engineering-prompts/pull/95
4,orgChartApi,chore: add codeowner,merged,2025-07-10T07:01:11Z,2025-07-10T07:17:38Z,charankamarapu,https://github.com/keploy/orgChartApi/pull/4
55,engineering-prompts,prompts: Added Prompts in multiple domains,merged,2025-06-18T19:18:06Z,2025-07-10T07:53:52Z,riddhi-testcases,https://github.com/keploy/engineering-prompts/pull/55
103,public-apis-collection,Added Uptime Robot API to Project Enhancers section,merged,2025-06-19T13:33:19Z,2025-07-10T08:09:22Z,DebasishBisoi524,https://github.com/keploy/public-apis-collection/pull/103
3,orgChartApi,fix: application,merged,2025-07-09T21:01:59Z,2025-07-10T08:10:04Z,charankamarapu,https://github.com/keploy/orgChartApi/pull/3
96,public-apis-collection,docs: added ExchangeRate API under Business & Finance category - Hansika,merged,2025-06-19T11:27:07Z,2025-07-10T08:10:39Z,hansikachaudhary,https://github.com/keploy/public-apis-collection/pull/96
95,public-apis-collection,Add Bored API to Test Data section,merged,2025-06-19T11:03:49Z,2025-07-10T08:11:18Z,krgauravv,https://github.com/keploy/public-apis-collection/pull/95
94,public-apis-collection,Added PokéAPI to Entertainment & Media section,merged,2025-06-19T10:23:51Z,2025-07-10T08:21:16Z,Shubhi-glitch,https://github.com/keploy/public-apis-collection/pull/94
105,public-apis-collection,added Dragon Ball API (Free API) to Anime & Manga section,merged,2025-06-19T14:32:58Z,2025-07-10T08:24:03Z,MishraShardendu22,https://github.com/keploy/public-apis-collection/pull/105
113,public-apis-collection,Added Electricity maps API,merged,2025-06-20T11:36:22Z,2025-07-10T08:26:28Z,AryanSaxenaa,https://github.com/keploy/public-apis-collection/pull/113
6,public-apis-collection,added BlueSky API information under social media & networking,merged,2025-06-17T19:16:26Z,2025-07-10T08:29:43Z,d-medm,https://github.com/keploy/public-apis-collection/pull/6
3,public-apis-collection,feat: Add Podcasting API category,merged,2025-06-17T16:24:41Z,2025-07-10T08:30:41Z,lohitkolluri,https://github.com/keploy/public-apis-collection/pull/3
8,public-apis-collection,Add DeepL API to AI & ML section,merged,2025-06-18T01:54:58Z,2025-07-10T08:31:39Z,kansa05,https://github.com/keploy/public-apis-collection/pull/8
9,public-apis-collection,added ElevenLabs API link as well as description to  to AI/ML section,merged,2025-06-18T03:30:25Z,2025-07-10T08:32:50Z,EnesYilmazcode,https://github.com/keploy/public-apis-collection/pull/9
11,public-apis-collection,Add IPinfo API to Geocoding & Maps section,merged,2025-06-18T06:14:09Z,2025-07-10T08:34:34Z,imthiyas25,https://github.com/keploy/public-apis-collection/pull/11
12,public-apis-collection,Add CleanURI to URL Shorteners section,merged,2025-06-18T06:24:12Z,2025-07-10T08:36:30Z,UtkarshShah0,https://github.com/keploy/public-apis-collection/pull/12
22,public-apis-collection,Update README.md,merged,2025-06-18T12:12:53Z,2025-07-10T08:44:30Z,codernakul,https://github.com/keploy/public-apis-collection/pull/22
10,public-apis-collection,Add multiple joke APIs to README,merged,2025-06-18T04:22:56Z,2025-07-10T08:52:25Z,AryaKarn21,https://github.com/keploy/public-apis-collection/pull/10
56,public-apis-collection,Added N2YO API under Geocoding & Maps,merged,2025-06-18T19:43:35Z,2025-07-10T08:55:12Z,Fazalx99,https://github.com/keploy/public-apis-collection/pull/56
52,public-apis-collection,"Added OpenWeatherMap, News API, and JokeAPI to public API list",merged,2025-06-18T19:09:42Z,2025-07-10T08:57:57Z,appcreatorabhay,https://github.com/keploy/public-apis-collection/pull/52
33,public-apis-collection,Add Cat Ninjas API to Animals section,merged,2025-06-18T15:18:06Z,2025-07-10T09:02:26Z,LalatenduR,https://github.com/keploy/public-apis-collection/pull/33
40,public-apis-collection,Added new API in the Photography & Images section.,merged,2025-06-18T16:53:43Z,2025-07-10T09:17:25Z,Aahwaan115,https://github.com/keploy/public-apis-collection/pull/40
53,public-apis-collection,Added The Dog API to Animals section,merged,2025-06-18T19:17:18Z,2025-07-10T09:19:06Z,lucifer9973,https://github.com/keploy/public-apis-collection/pull/53
48,public-apis-collection,Add Satellite Tracking APIs (Open Notify) to API Directory,merged,2025-06-18T18:02:40Z,2025-07-10T09:19:45Z,PranjalBarnwal,https://github.com/keploy/public-apis-collection/pull/48
50,public-apis-collection,Add GNews API to public APIs list,merged,2025-06-18T18:37:14Z,2025-07-10T09:20:26Z,cascadekaz,https://github.com/keploy/public-apis-collection/pull/50
31,public-apis-collection,Add GroqCloud API usage and link to README,merged,2025-06-18T14:02:52Z,2025-07-10T09:22:25Z,ShreyaaVenkateswaran,https://github.com/keploy/public-apis-collection/pull/31
47,public-apis-collection,Add Open-Meteo API to Environment & Weather section,merged,2025-06-18T18:00:12Z,2025-07-10T09:25:54Z,AdarshSingh1090,https://github.com/keploy/public-apis-collection/pull/47
126,public-apis-collection,Update SearchAPI README.md,merged,2025-06-22T07:43:00Z,2025-07-10T10:49:25Z,monasri001,https://github.com/keploy/public-apis-collection/pull/126
136,public-apis-collection,Added Disaster & Safety APIs,merged,2025-06-25T16:10:54Z,2025-07-10T11:11:50Z,Harinee24,https://github.com/keploy/public-apis-collection/pull/136
132,public-apis-collection,Added Affirmations.dev API under Health & Medical,merged,2025-06-24T16:52:06Z,2025-07-10T11:13:37Z,samridhi512,https://github.com/keploy/public-apis-collection/pull/132
125,public-apis-collection,feat: Add Vonage API to Phone & SMS section,merged,2025-06-21T19:15:50Z,2025-07-10T11:16:50Z,AbdulRehmanGHub,https://github.com/keploy/public-apis-collection/pull/125
523,docs,fix: add alt text to images and add pytest tag,merged,2025-05-28T12:31:43Z,2025-07-10T11:27:00Z,Achanandhi-M,https://github.com/keploy/docs/pull/523
533,docs,fix: remove unwanted third party images,merged,2025-06-17T11:35:57Z,2025-07-10T11:27:38Z,Achanandhi-M,https://github.com/keploy/docs/pull/533
608,docs,fix: remove old contact us pages,merged,2025-07-10T09:01:37Z,2025-07-10T11:29:40Z,Achanandhi-M,https://github.com/keploy/docs/pull/608
122,public-apis-collection,Updated README with new APIs,merged,2025-06-20T20:31:42Z,2025-07-10T11:37:20Z,adityatulsyan03,https://github.com/keploy/public-apis-collection/pull/122
115,public-apis-collection,Added Gutendex and Shibe Online APIs,merged,2025-06-20T12:55:52Z,2025-07-10T11:41:50Z,sanskar0627,https://github.com/keploy/public-apis-collection/pull/115
116,public-apis-collection,Updated README with new weather API,merged,2025-06-20T13:28:32Z,2025-07-10T11:42:22Z,richa-47,https://github.com/keploy/public-apis-collection/pull/116
99,public-apis-collection,PATCH:Fixed broken playroom api docs link,merged,2025-06-19T12:43:01Z,2025-07-10T11:45:58Z,HarshitBamotra,https://github.com/keploy/public-apis-collection/pull/99
88,public-apis-collection,Add xColors and EmojiHub APIs to Art & Design Section,merged,2025-06-19T05:45:28Z,2025-07-10T11:53:54Z,Dat-tech30,https://github.com/keploy/public-apis-collection/pull/88
84,public-apis-collection,Added Currents API to News category,merged,2025-06-19T05:03:50Z,2025-07-10T11:55:55Z,barmansagarika,https://github.com/keploy/public-apis-collection/pull/84
83,public-apis-collection,docs: add Gemini API to Project Enhancers,merged,2025-06-19T04:51:08Z,2025-07-10T11:56:42Z,Sabith-code,https://github.com/keploy/public-apis-collection/pull/83
81,public-apis-collection,Add Mockaroo API,merged,2025-06-19T04:46:58Z,2025-07-10T12:00:47Z,Tanish2207,https://github.com/keploy/public-apis-collection/pull/81
78,public-apis-collection,Added AbuseIPDB (Anti-Malware & Security) and OpenAQ (Environment & Weather) APIs to API list,merged,2025-06-19T04:38:19Z,2025-07-10T12:06:09Z,Ya0Q,https://github.com/keploy/public-apis-collection/pull/78
80,public-apis-collection,Updated README.md,merged,2025-06-19T04:46:51Z,2025-07-10T12:17:49Z,tdutta298,https://github.com/keploy/public-apis-collection/pull/80
75,public-apis-collection,added random duck api in animals section,merged,2025-06-19T04:08:56Z,2025-07-10T12:19:31Z,shrenoi,https://github.com/keploy/public-apis-collection/pull/75
73,public-apis-collection,Add Lorem Picsum API under Photography & Images,merged,2025-06-19T03:16:27Z,2025-07-10T12:22:17Z,avantikasharma04,https://github.com/keploy/public-apis-collection/pull/73
71,public-apis-collection,Added UptimeRobot API  to development & Testing Section,merged,2025-06-19T03:04:12Z,2025-07-10T12:24:28Z,aayushj19,https://github.com/keploy/public-apis-collection/pull/71
68,public-apis-collection,feat: Added Capy api (capybara image api),merged,2025-06-19T00:47:09Z,2025-07-10T12:26:52Z,che3zcake,https://github.com/keploy/public-apis-collection/pull/68
66,public-apis-collection,Added Spaceflight News API under 'News & Journalism' section,merged,2025-06-18T22:03:24Z,2025-07-10T12:28:28Z,shivamkumar-engineer,https://github.com/keploy/public-apis-collection/pull/66
65,public-apis-collection,Add Flickr API to Photography & Images,merged,2025-06-18T21:52:04Z,2025-07-10T12:29:36Z,RanitMukherjee,https://github.com/keploy/public-apis-collection/pull/65
64,public-apis-collection,Adding API under Government and News section,merged,2025-06-18T20:57:04Z,2025-07-10T12:31:41Z,Aditi4275,https://github.com/keploy/public-apis-collection/pull/64
61,public-apis-collection,Added Balldontlie API to Sports & Fitness Category,merged,2025-06-18T20:30:18Z,2025-07-10T12:35:28Z,iriteshmishra,https://github.com/keploy/public-apis-collection/pull/61
60,public-apis-collection,Added 2 APIs -- Roboflow and Remove.bg,merged,2025-06-18T20:30:14Z,2025-07-10T12:37:35Z,Maithili-Badhan,https://github.com/keploy/public-apis-collection/pull/60
46,public-apis-collection,Update README.md/Added APIs,merged,2025-06-18T17:55:34Z,2025-07-10T12:42:15Z,SHWETADUBEYYYYY,https://github.com/keploy/public-apis-collection/pull/46
43,public-apis-collection,"Added unique APIs: DeepAI, Open-Meteo, Exchangerate.host, Lingua Robot, Gemini Pro, Weatherbit",merged,2025-06-18T17:08:06Z,2025-07-10T12:47:19Z,kmanishprogrammar,https://github.com/keploy/public-apis-collection/pull/43
37,public-apis-collection,Added 11 new public APIs across various categories,merged,2025-06-18T15:43:46Z,2025-07-10T12:51:57Z,kshashwat-70,https://github.com/keploy/public-apis-collection/pull/37
28,public-apis-collection,Added a new api key PoetryDB to the collection.,merged,2025-06-18T13:31:54Z,2025-07-10T12:58:44Z,DebarjunPal,https://github.com/keploy/public-apis-collection/pull/28
16,public-apis-collection,Update README.md,merged,2025-06-18T07:25:46Z,2025-07-10T13:04:59Z,theleftyonee,https://github.com/keploy/public-apis-collection/pull/16
13,public-apis-collection,Add COVID19 and Fun Translations APIs [api-fellowship],merged,2025-06-18T06:35:01Z,2025-07-10T13:14:08Z,imthiyas25,https://github.com/keploy/public-apis-collection/pull/13
124,public-apis-collection,"Add Zippopotam.us, IPify, Hugging Face APIs; fix TinyURL and OpenAI duplication",merged,2025-06-21T10:05:32Z,2025-07-11T02:33:58Z,prakharrrrrrsingh,https://github.com/keploy/public-apis-collection/pull/124
137,public-apis-collection,Added WeatherAPI to Environment & Weather section,merged,2025-06-28T17:07:45Z,2025-07-11T02:39:34Z,Avistriker,https://github.com/keploy/public-apis-collection/pull/137
130,public-apis-collection,Add Where the ISS at? API,merged,2025-06-23T17:50:13Z,2025-07-11T02:43:49Z,ritikseeker,https://github.com/keploy/public-apis-collection/pull/130
103,engineering-prompts,Add Event-Driven Architecture & Integration prompts section,merged,2025-06-23T11:17:46Z,2025-07-11T05:10:54Z,Siddz-17,https://github.com/keploy/engineering-prompts/pull/103
100,engineering-prompts,Update README.md,merged,2025-06-22T10:28:18Z,2025-07-11T05:17:32Z,monasri001,https://github.com/keploy/engineering-prompts/pull/100
99,engineering-prompts,Added RAG application development prompt section 14,merged,2025-06-22T10:02:13Z,2025-07-11T05:24:30Z,arpan-69,https://github.com/keploy/engineering-prompts/pull/99
89,engineering-prompts,Added the Prompt for Section 12,merged,2025-06-19T15:17:57Z,2025-07-11T05:53:27Z,iamvibhav,https://github.com/keploy/engineering-prompts/pull/89
87,engineering-prompts,docs: Data science and Machine Learning prompts.,merged,2025-06-19T11:40:09Z,2025-07-11T05:57:36Z,itsviv0,https://github.com/keploy/engineering-prompts/pull/87
73,engineering-prompts,Added new Engineering Prompts,merged,2025-06-19T05:08:56Z,2025-07-11T06:01:51Z,anthony-rozario,https://github.com/keploy/engineering-prompts/pull/73
67,engineering-prompts,Added 3 Prisma prompts,merged,2025-06-19T04:20:25Z,2025-07-11T06:18:12Z,NandiniPahuja,https://github.com/keploy/engineering-prompts/pull/67
53,engineering-prompts,Added new prompt for AI Resume Matching,merged,2025-06-18T18:39:24Z,2025-07-11T06:36:09Z,SounakDutta10,https://github.com/keploy/engineering-prompts/pull/53
31,engineering-prompts,Add AI/ML Ops domain... because modern engineering needs it,merged,2025-06-18T14:12:58Z,2025-07-11T06:41:31Z,Harshit-code-tech,https://github.com/keploy/engineering-prompts/pull/31
50,engineering-prompts,Prompt: Amazon S3 as a Static Website with CI/CD,merged,2025-06-18T18:21:52Z,2025-07-11T06:44:51Z,realsouravadhikari,https://github.com/keploy/engineering-prompts/pull/50
140,public-apis-collection,Delete .idea directory,merged,2025-07-11T07:04:46Z,2025-07-11T07:05:10Z,pratikstwts,https://github.com/keploy/public-apis-collection/pull/140
131,public-apis-collection,Add GoQR API to Development & Testing section,merged,2025-06-23T19:32:06Z,2025-07-11T08:25:08Z,shreyaamgit,https://github.com/keploy/public-apis-collection/pull/131
111,public-apis-collection,Enhance Public APIs Collection: Added New APIs,merged,2025-06-19T17:29:49Z,2025-07-11T08:28:32Z,Tumul001,https://github.com/keploy/public-apis-collection/pull/111
41,public-apis-collection,Added Trace.moe API to Anime & Manga section,merged,2025-06-18T16:59:43Z,2025-07-11T08:35:38Z,shaswat770,https://github.com/keploy/public-apis-collection/pull/41
57,public-apis-collection,feat: add QR & Barcode Generation section with GoQR and QR Code Monke…,merged,2025-06-18T20:10:56Z,2025-07-11T08:41:56Z,lokesh8n8,https://github.com/keploy/public-apis-collection/pull/57
25,public-apis-collection,Added Domainsdb API to public API's list,merged,2025-06-18T12:58:30Z,2025-07-11T08:50:42Z,gcsuid,https://github.com/keploy/public-apis-collection/pull/25
27,public-apis-collection,feat: added flightradar24 API for access to real-time and historical flight data,merged,2025-06-18T13:18:10Z,2025-07-11T08:54:09Z,iamrudro,https://github.com/keploy/public-apis-collection/pull/27
93,public-apis-collection,✨ feat: add Quotable and Datamuse APIs for writing & journaling tools,merged,2025-06-19T08:53:59Z,2025-07-11T09:00:30Z,sakshiSejal296,https://github.com/keploy/public-apis-collection/pull/93
63,public-apis-collection,docs: add Judge0 API to public APIs list,merged,2025-06-18T20:51:43Z,2025-07-11T09:04:41Z,Sanj3101,https://github.com/keploy/public-apis-collection/pull/63
14,public-apis-collection,Update README.md,merged,2025-06-18T06:48:57Z,2025-07-11T09:08:42Z,Siri-driod,https://github.com/keploy/public-apis-collection/pull/14
13,engineering-prompts,UpdatedEngineeringPrompts.md,merged,2025-06-18T09:41:29Z,2025-07-11T09:16:37Z,VERTIKASHARMA08,https://github.com/keploy/engineering-prompts/pull/13
79,engineering-prompts,Add Progressive Web App (PWA) prompt to Web Development section,merged,2025-06-19T05:39:27Z,2025-07-11T09:23:04Z,33sorbojitmondal,https://github.com/keploy/engineering-prompts/pull/79
74,engineering-prompts,Add Generate GitHub Issue Templates Based on Project Type  under Code…,merged,2025-06-19T05:17:29Z,2025-07-11T09:23:41Z,jhashubham09,https://github.com/keploy/engineering-prompts/pull/74
68,engineering-prompts,Added new Web Dev Prompt: Build a Responsive Dashboard Added new prompt,merged,2025-06-19T04:30:06Z,2025-07-11T09:25:35Z,Priyankasanyal04,https://github.com/keploy/engineering-prompts/pull/68
45,engineering-prompts,Updated README.md with some UI/UX prompts,merged,2025-06-18T17:13:47Z,2025-07-11T09:29:08Z,YashiGarg016,https://github.com/keploy/engineering-prompts/pull/45
33,engineering-prompts,Added a prompt in UX/UI & Design for inclusivity,merged,2025-06-18T14:45:08Z,2025-07-11T09:36:03Z,DebarjunPal,https://github.com/keploy/engineering-prompts/pull/33
24,engineering-prompts,"Add general prompts for Full-Stack, Web Dev, and Security sections",merged,2025-06-18T12:21:27Z,2025-07-11T09:42:01Z,harshpdsingh,https://github.com/keploy/engineering-prompts/pull/24
2836,keploy,feat: add support for capturing incomging cpp calls,merged,2025-07-12T14:27:52Z,2025-07-12T14:45:09Z,gouravkrosx,https://github.com/keploy/keploy/pull/2836
142,public-apis-collection,"Added Claude, Sentry, Codecov, FeatureFlags, what3words & OpenSky Network Api",merged,2025-07-11T17:32:49Z,2025-07-14T03:22:04Z,Kanishk1420,https://github.com/keploy/public-apis-collection/pull/142
26,public-apis-collection,Added a new Api key PoetryDB to the collection.,merged,2025-06-18T13:14:52Z,2025-07-14T05:33:45Z,DebarjunPal,https://github.com/keploy/public-apis-collection/pull/26
91,public-apis-collection,Add Medium RSS to JSON public API,merged,2025-06-19T06:42:43Z,2025-07-14T05:40:45Z,eatulrajput,https://github.com/keploy/public-apis-collection/pull/91
158,blog-website,fix: URL issues on any heading click/scroll,merged,2025-06-22T07:21:10Z,2025-07-14T07:11:56Z,yaten2302,https://github.com/keploy/blog-website/pull/158
143,public-apis-collection,✨ Added 60+ Public APIs Across Multiple Existing Categories,merged,2025-07-14T06:06:52Z,2025-07-14T10:11:41Z,vishalsiingh,https://github.com/keploy/public-apis-collection/pull/143
609,docs,Fix localhost urls,merged,2025-07-14T12:36:20Z,2025-07-15T06:41:45Z,Achanandhi-M,https://github.com/keploy/docs/pull/609
2840,keploy,"Revert ""feat: add support for capturing incomging cpp calls""",merged,2025-07-15T07:28:38Z,2025-07-15T07:39:15Z,gouravkrosx,https://github.com/keploy/keploy/pull/2840
2839,keploy,fix: closing the user app,merged,2025-07-15T05:34:34Z,2025-07-15T10:11:26Z,charankamarapu,https://github.com/keploy/keploy/pull/2839
612,docs,feat: update filter doc,merged,2025-07-16T06:23:34Z,2025-07-16T07:39:57Z,Hermione2408,https://github.com/keploy/docs/pull/612
615,docs,fix: duplicate redirect content issue,merged,2025-07-17T09:26:12Z,2025-07-17T09:43:18Z,Achanandhi-M,https://github.com/keploy/docs/pull/615
2841,keploy,feat: add support to capture incoming cpp reqs as tests,merged,2025-07-17T09:43:32Z,2025-07-17T11:02:42Z,gouravkrosx,https://github.com/keploy/keploy/pull/2841
616,docs,chore: update agent links,merged,2025-07-17T12:06:33Z,2025-07-18T02:25:00Z,AkashKumar7902,https://github.com/keploy/docs/pull/616
159,blog-website,Fix: Table of contents UI hides text on mobile devices,merged,2025-06-22T07:40:39Z,2025-07-18T11:57:50Z,yaten2302,https://github.com/keploy/blog-website/pull/159
2845,keploy,feat: improve support for marking keys as noisy,merged,2025-07-21T07:29:46Z,2025-07-21T07:40:08Z,gouravkrosx,https://github.com/keploy/keploy/pull/2845
610,docs,fix: the-broken-link-of-glossary,merged,2025-07-15T09:03:07Z,2025-07-21T10:05:25Z,pratik-mahalle,https://github.com/keploy/docs/pull/610
620,docs,fix: convert the jpg into webp,merged,2025-07-21T11:11:20Z,2025-07-21T11:16:17Z,pratik-mahalle,https://github.com/keploy/docs/pull/620
2846,keploy,feat: optimise mysql test mode,merged,2025-07-21T11:41:36Z,2025-07-21T12:28:31Z,officialasishkumar,https://github.com/keploy/keploy/pull/2846
604,docs,docs: add the glossary terms in the 3 version,merged,2025-07-07T13:19:56Z,2025-07-22T13:13:07Z,pratik-mahalle,https://github.com/keploy/docs/pull/604
2849,keploy,chore: increase resilience of status code class assertion,merged,2025-07-24T08:57:00Z,2025-07-25T05:21:33Z,khareyash05,https://github.com/keploy/keploy/pull/2849
171,blog-website,chore: update ad banner ui and redirect link to calendar appointments,merged,2025-07-30T12:22:26Z,2025-07-30T12:38:20Z,amaan-bhati,https://github.com/keploy/blog-website/pull/171
624,docs,fix: flask-mongo quickstart local mongo setup,merged,2025-07-30T12:05:08Z,2025-07-30T13:51:17Z,Achanandhi-M,https://github.com/keploy/docs/pull/624
2858,keploy,fix: noise Updation in test cases,merged,2025-07-30T15:45:20Z,2025-07-31T06:31:25Z,kapishupadhyay22,https://github.com/keploy/keploy/pull/2858
2850,keploy,feat: add new hook before test run,merged,2025-07-27T14:21:53Z,2025-07-31T07:13:31Z,officialasishkumar,https://github.com/keploy/keploy/pull/2850
2857,keploy,chore: change the curl command log for re-record,merged,2025-07-30T14:34:08Z,2025-07-31T07:47:07Z,Sarthak160,https://github.com/keploy/keploy/pull/2857
202,go-sdk,feat: Coverage-Based Deduplication Support via runtime/coverage Package,merged,2025-07-14T06:29:27Z,2025-07-31T09:43:02Z,officialasishkumar,https://github.com/keploy/go-sdk/pull/202
14,python-sdk,feat: add support for dedup,merged,2025-07-31T08:07:47Z,2025-07-31T10:41:18Z,officialasishkumar,https://github.com/keploy/python-sdk/pull/14
112,engineering-prompts,Add new prompt: Build a Skill Progress Tracker Web App,merged,2025-07-15T16:28:28Z,2025-07-31T11:30:36Z,Keerthi285820,https://github.com/keploy/engineering-prompts/pull/112
85,engineering-prompts,Add new prompt: Build a Skill Progress Tracker Web App,merged,2025-06-19T10:50:04Z,2025-07-31T11:33:32Z,Keerthi285820,https://github.com/keploy/engineering-prompts/pull/85
45,public-apis-collection,Added more Api README.md,merged,2025-06-18T17:51:31Z,2025-07-31T11:47:28Z,DevanshBajpai09,https://github.com/keploy/public-apis-collection/pull/45
2860,keploy,fix: special case when coverage flag breaks python command,merged,2025-07-31T15:37:50Z,2025-07-31T16:38:21Z,slayerjain,https://github.com/keploy/keploy/pull/2860
2855,keploy,fix: decode resp body acc to content encoding,merged,2025-07-30T05:07:33Z,2025-07-31T18:54:36Z,ayush3160,https://github.com/keploy/keploy/pull/2855
2861,keploy,fix: fix issues with re-record,merged,2025-07-31T19:59:12Z,2025-08-01T10:30:45Z,Sarthak160,https://github.com/keploy/keploy/pull/2861
15,python-sdk,Fix/dedup without ext lib,merged,2025-07-31T22:07:07Z,2025-08-01T11:49:41Z,officialasishkumar,https://github.com/keploy/python-sdk/pull/15
161,blog-website,Revamp: Change Keploy's blog navbar similar to keploy.io navbar,merged,2025-06-29T10:51:45Z,2025-08-04T04:39:19Z,yaten2302,https://github.com/keploy/blog-website/pull/161
625,docs,chore: update re-record documentation,merged,2025-08-04T18:14:25Z,2025-08-05T09:30:03Z,Sarthak160,https://github.com/keploy/docs/pull/625
2864,keploy,fix: mysql match not found error,merged,2025-08-04T12:55:08Z,2025-08-05T21:09:05Z,officialasishkumar,https://github.com/keploy/keploy/pull/2864
2867,keploy,fix: deleting logger file in windows,merged,2025-08-06T21:22:27Z,2025-08-07T07:00:36Z,charankamarapu,https://github.com/keploy/keploy/pull/2867
2868,keploy,fix: docker and binary log file closure,merged,2025-08-07T10:35:22Z,2025-08-07T11:07:16Z,charankamarapu,https://github.com/keploy/keploy/pull/2868
2869,keploy,fix: add support for query attributes in COM_QUERY,merged,2025-08-07T20:28:28Z,2025-08-08T13:53:24Z,officialasishkumar,https://github.com/keploy/keploy/pull/2869
2876,keploy,fix: change error to warn while fetching query signature,merged,2025-08-11T08:26:45Z,2025-08-11T08:53:45Z,officialasishkumar,https://github.com/keploy/keploy/pull/2876
2879,keploy,fix: windows-docker installationID,merged,2025-08-12T13:38:08Z,2025-08-12T15:21:46Z,charankamarapu,https://github.com/keploy/keploy/pull/2879
5,orgChartApi,feat: add UI to the repo,merged,2025-08-12T18:35:05Z,2025-08-12T18:48:32Z,charankamarapu,https://github.com/keploy/orgChartApi/pull/5
628,docs,feat: add secret management,merged,2025-08-13T10:32:12Z,2025-08-13T12:19:55Z,officialasishkumar,https://github.com/keploy/docs/pull/628
630,docs,fix: pipeline,merged,2025-08-13T12:44:13Z,2025-08-13T12:54:27Z,officialasishkumar,https://github.com/keploy/docs/pull/630
2881,keploy,feat: add support to overwrite the app command in test-set config,merged,2025-08-13T12:22:53Z,2025-08-13T13:06:47Z,Sarthak160,https://github.com/keploy/keploy/pull/2881
71,samples-python,feat: add flask-mysql app,merged,2025-08-10T23:43:10Z,2025-08-14T11:00:15Z,officialasishkumar,https://github.com/keploy/samples-python/pull/71
2882,keploy,fix: keploy log file permission,merged,2025-08-14T08:58:28Z,2025-08-14T11:10:59Z,charankamarapu,https://github.com/keploy/keploy/pull/2882
24,jsondiff,feat: truncate string values and add ellipsis,merged,2025-08-11T02:35:18Z,2025-08-19T07:44:35Z,ayush3160,https://github.com/keploy/jsondiff/pull/24
2895,keploy,feat: Preserve user configuration in .coveragerc,merged,2025-08-19T12:25:00Z,2025-08-19T13:48:08Z,officialasishkumar,https://github.com/keploy/keploy/pull/2895
3,code-review-agent,Code Review Agent | Github Models,merged,2025-07-31T13:44:27Z,2025-08-20T12:05:16Z,EuclidStellar,https://github.com/keploy/code-review-agent/pull/3
5,code-review-agent,fix: repo naming just before release,merged,2025-08-20T12:15:01Z,2025-08-20T12:15:11Z,khareyash05,https://github.com/keploy/code-review-agent/pull/5
2898,keploy,fix: increase fd limit of user app,merged,2025-08-20T11:42:11Z,2025-08-20T13:45:17Z,charankamarapu,https://github.com/keploy/keploy/pull/2898
2900,keploy,fix: number of connections and packet size in test mode,merged,2025-08-20T13:47:06Z,2025-08-20T13:48:36Z,slayerjain,https://github.com/keploy/keploy/pull/2900
2872,keploy,feat: new report command to show report of failed tests,merged,2025-08-08T10:56:29Z,2025-08-20T17:01:19Z,ayush3160,https://github.com/keploy/keploy/pull/2872
627,docs,fix: correct the docs version in the README,merged,2025-08-11T08:08:10Z,2025-08-21T08:24:37Z,pratik-mahalle,https://github.com/keploy/docs/pull/627
87,samples-typescript,feat: Sample app for big payload application,merged,2025-08-19T12:00:43Z,2025-08-21T12:34:59Z,kapishupadhyay22,https://github.com/keploy/samples-typescript/pull/87
2902,keploy,feat: reload hooks between testset runs for fresh sessions,merged,2025-08-21T17:31:36Z,2025-08-21T18:20:32Z,slayerjain,https://github.com/keploy/keploy/pull/2902
2901,keploy,fix: ensure hook reload between test sets and other fixes,merged,2025-08-21T06:29:12Z,2025-08-21T23:28:48Z,slayerjain,https://github.com/keploy/keploy/pull/2901
2658,keploy,feat: new stable grpc v2 parser with simplified code,merged,2025-04-14T10:42:21Z,2025-08-22T01:48:45Z,gouravkrosx,https://github.com/keploy/keploy/pull/2658
2904,keploy,fix: performance issues in grpc due excessive logging,merged,2025-08-22T09:05:29Z,2025-08-22T09:11:40Z,slayerjain,https://github.com/keploy/keploy/pull/2904
2880,keploy,feat: improve performance of mysql on large mock size,merged,2025-08-12T20:40:31Z,2025-08-22T11:55:42Z,Sarthak160,https://github.com/keploy/keploy/pull/2880
2906,keploy,chore: add logs to debug reqbody parsing failures,merged,2025-08-22T12:38:34Z,2025-08-22T12:49:46Z,Sarthak160,https://github.com/keploy/keploy/pull/2906
632,docs,[Fix]: update the postgres ref in gin-redis guide,merged,2025-08-25T10:46:04Z,2025-08-25T10:49:37Z,prabaltripathiofficial,https://github.com/keploy/docs/pull/632
2908,keploy,fix: prevent normalization from modifying original data order,merged,2025-08-24T15:20:46Z,2025-08-25T12:59:54Z,officialasishkumar,https://github.com/keploy/keploy/pull/2908
2909,keploy,feat: implement revision tracking in MockManager for better state,merged,2025-08-25T11:18:49Z,2025-08-26T04:54:31Z,slayerjain,https://github.com/keploy/keploy/pull/2909
2911,keploy,feat: allow mock aware operations in mockdb,merged,2025-08-26T07:24:41Z,2025-08-26T10:21:44Z,slayerjain,https://github.com/keploy/keploy/pull/2911
25,jsondiff,fix: panic in extractKey,merged,2025-08-26T08:13:44Z,2025-08-26T11:31:49Z,officialasishkumar,https://github.com/keploy/jsondiff/pull/25
2912,keploy,chore: bump internal json-diff viewer to 1.0.8,merged,2025-08-26T11:40:20Z,2025-08-26T11:48:10Z,slayerjain,https://github.com/keploy/keploy/pull/2912
2903,keploy,fix: mount ssh agent to container incase of running keploy with docker,merged,2025-08-22T08:16:47Z,2025-08-26T12:45:57Z,ayush3160,https://github.com/keploy/keploy/pull/2903
2913,keploy,feat: increase grpc request body size limit for fuzzy matching,merged,2025-08-26T12:57:45Z,2025-08-26T12:57:58Z,slayerjain,https://github.com/keploy/keploy/pull/2913
2915,keploy,"Revert ""fix: mount ssh agent to container incase of running keploy with docker""",merged,2025-08-26T13:22:56Z,2025-08-26T13:23:18Z,slayerjain,https://github.com/keploy/keploy/pull/2915
633,docs,chore: update links,merged,2025-08-26T12:03:34Z,2025-08-26T14:15:54Z,manasmanohar,https://github.com/keploy/docs/pull/633
2914,keploy,feat: implement GetHookUnloadDone method to signal hook unload completion,merged,2025-08-26T13:13:56Z,2025-08-26T14:46:17Z,gouravkrosx,https://github.com/keploy/keploy/pull/2914
2917,keploy,feat: optimize fuzzy match functions by trimming input sizes for perf…,merged,2025-08-26T14:26:19Z,2025-08-26T15:09:20Z,slayerjain,https://github.com/keploy/keploy/pull/2917
2916,keploy,fix: skip reading body in case of GET request,merged,2025-08-26T14:23:26Z,2025-08-26T20:43:28Z,Sarthak160,https://github.com/keploy/keploy/pull/2916
2921,keploy,feat: only show changed diffs of response body in report command,merged,2025-08-27T08:00:06Z,2025-08-28T11:42:10Z,officialasishkumar,https://github.com/keploy/keploy/pull/2921
635,docs,Documentation for report command in keploy oss,merged,2025-08-27T08:19:02Z,2025-08-28T11:43:06Z,officialasishkumar,https://github.com/keploy/docs/pull/635
2927,keploy,refactor: use specific types for zap logger,merged,2025-08-28T09:11:53Z,2025-08-29T08:17:39Z,Sarthak160,https://github.com/keploy/keploy/pull/2927
2929,keploy,feat: add new flags in report cmd,merged,2025-08-29T12:49:28Z,2025-09-01T09:38:52Z,officialasishkumar,https://github.com/keploy/keploy/pull/2929
2934,keploy,feat: add support for setting grpc port for grpc tests,merged,2025-09-01T10:27:35Z,2025-09-01T12:31:25Z,gouravkrosx,https://github.com/keploy/keploy/pull/2934
2891,keploy,docs : Add French translation (READMEfr-FR.md),merged,2025-08-19T08:14:33Z,2025-09-02T08:47:42Z,LoicTrigault,https://github.com/keploy/keploy/pull/2891
641,docs,docs: removed the lines that caused repitition in docs-dev-guide,merged,2025-09-01T21:36:39Z,2025-09-02T10:57:36Z,vaidik-bajpai,https://github.com/keploy/docs/pull/641
636,docs,Added Quick Link for AI Powered API Testing,merged,2025-08-27T19:54:42Z,2025-09-02T11:13:17Z,adityachaudhary99,https://github.com/keploy/docs/pull/636
2905,keploy,fix: node encoding pipeline hanging,merged,2025-08-22T11:54:49Z,2025-09-03T04:26:59Z,ayush3160,https://github.com/keploy/keploy/pull/2905
2926,keploy,[Fix] : Ensure thread-safe access to shared state during test replay,merged,2025-08-27T13:17:40Z,2025-09-03T04:29:02Z,prabaltripathiofficial,https://github.com/keploy/keploy/pull/2926
634,docs,Add Slack Icon next to GitHub Icon in the Documentation Navbar,merged,2025-08-26T16:05:51Z,2025-09-03T07:50:03Z,sanajitjana,https://github.com/keploy/docs/pull/634
644,docs,fix: changed the windows and lima installation guide,merged,2025-09-03T09:46:17Z,2025-09-04T09:48:27Z,Achanandhi-M,https://github.com/keploy/docs/pull/644
2947,keploy,fix: simulation of grpc tests,merged,2025-09-04T11:06:40Z,2025-09-04T15:37:21Z,gouravkrosx,https://github.com/keploy/keploy/pull/2947
2945,keploy,Feat: new hooks implementation,merged,2025-09-03T13:03:00Z,2025-09-05T08:43:23Z,officialasishkumar,https://github.com/keploy/keploy/pull/2945
2944,keploy,chore: cleanup parser package to avoid confusion,merged,2025-09-03T10:07:30Z,2025-09-05T12:19:59Z,AkashKumar7902,https://github.com/keploy/keploy/pull/2944
2955,keploy,fix: HTTP/2 stream state management for request and response,merged,2025-09-06T18:01:41Z,2025-09-06T18:14:31Z,gouravkrosx,https://github.com/keploy/keploy/pull/2955
2954,keploy,fix: create volumes,merged,2025-09-05T18:27:11Z,2025-09-07T19:10:58Z,officialasishkumar,https://github.com/keploy/keploy/pull/2954
652,docs,feat: add docs for dedup,merged,2025-09-05T13:34:52Z,2025-09-07T19:16:44Z,officialasishkumar,https://github.com/keploy/docs/pull/652
648,docs,added space between search and theme toggler,merged,2025-09-04T10:57:43Z,2025-09-08T11:50:11Z,Harish-2003,https://github.com/keploy/docs/pull/648
649,docs,fix: footer Instagram link issue,merged,2025-09-04T11:29:21Z,2025-09-08T12:01:09Z,Bhup-GitHUB,https://github.com/keploy/docs/pull/649
2938,keploy,feat: preserve testset original state in replay run with must-pass,merged,2025-09-02T19:27:32Z,2025-09-08T13:40:26Z,anjupathak03,https://github.com/keploy/keploy/pull/2938
2964,keploy,revert: grpc response diff changes,merged,2025-09-09T13:00:47Z,2025-09-09T13:13:46Z,gouravkrosx,https://github.com/keploy/keploy/pull/2964
173,blog-website,Fix homepage section titles from 'Top' to 'Recent',merged,2025-09-04T12:24:44Z,2025-09-09T15:54:44Z,Bhup-GitHUB,https://github.com/keploy/blog-website/pull/173
2935,keploy,feat: sanitize command,merged,2025-09-01T12:27:34Z,2025-09-10T06:35:13Z,officialasishkumar,https://github.com/keploy/keploy/pull/2935
73,samples-python,feat: add flask secret application,merged,2025-09-09T20:32:06Z,2025-09-10T07:15:45Z,officialasishkumar,https://github.com/keploy/samples-python/pull/73
640,docs,feat: sanitize docs,merged,2025-09-01T13:24:31Z,2025-09-10T08:08:12Z,officialasishkumar,https://github.com/keploy/docs/pull/640
2967,keploy,feat: add new pipeline for python,merged,2025-09-09T20:16:20Z,2025-09-10T10:05:57Z,officialasishkumar,https://github.com/keploy/keploy/pull/2967
2971,keploy,fix: english to spanish README,merged,2025-09-10T12:53:22Z,2025-09-10T12:55:07Z,khareyash05,https://github.com/keploy/keploy/pull/2971
172,blog-website,"Add LinkedIn, YouTube, and Instagram social media links to footer",merged,2025-09-04T12:12:34Z,2025-09-11T08:45:16Z,Bhup-GitHUB,https://github.com/keploy/blog-website/pull/172
2976,keploy,feat: optimize CompareResponses for matcher,merged,2025-09-11T13:05:22Z,2025-09-11T19:24:53Z,officialasishkumar,https://github.com/keploy/keploy/pull/2976
2979,keploy,chore: trucate big response diff to improve ux,merged,2025-09-12T07:14:17Z,2025-09-12T07:47:53Z,gouravkrosx,https://github.com/keploy/keploy/pull/2979
657,docs,feat: revamp quickstart guide and installation page,merged,2025-09-07T02:26:50Z,2025-09-12T11:16:35Z,Achanandhi-M,https://github.com/keploy/docs/pull/657
2962,keploy,feat: updating exiting test-sets during rerecord,merged,2025-09-09T12:42:00Z,2025-09-12T12:00:14Z,kapishupadhyay22,https://github.com/keploy/keploy/pull/2962
661,docs,feat: revamp quickstart guide and installation page,merged,2025-09-12T12:44:04Z,2025-09-12T13:03:08Z,Achanandhi-M,https://github.com/keploy/docs/pull/661
2980,keploy,feat: optimize templating dynamic fields of response,merged,2025-09-12T08:39:17Z,2025-09-12T13:06:49Z,Sarthak160,https://github.com/keploy/keploy/pull/2980
176,blog-website,redirecting link updated to VS Code Extension,merged,2025-09-12T15:02:00Z,2025-09-15T10:05:31Z,gmarav05,https://github.com/keploy/blog-website/pull/176
203,go-sdk,fix: downgrade Go version from 1.24 to 1.21 in go.mod,merged,2025-09-15T10:29:54Z,2025-09-15T10:31:07Z,officialasishkumar,https://github.com/keploy/go-sdk/pull/203
647,docs,Remove Chat Message Icon from Documentation Website,merged,2025-09-04T09:08:09Z,2025-09-15T12:03:08Z,Raj-G07,https://github.com/keploy/docs/pull/647
2995,keploy,fix: encoding of expected Body,merged,2025-09-15T14:11:12Z,2025-09-15T15:36:52Z,officialasishkumar,https://github.com/keploy/keploy/pull/2995
2989,keploy,feat: add support for json comparison of grpc response,merged,2025-09-14T18:46:23Z,2025-09-15T15:48:43Z,gouravkrosx,https://github.com/keploy/keploy/pull/2989
2993,keploy,fix: exclude zero and boolean from templatization,merged,2025-09-15T12:05:29Z,2025-09-16T08:58:04Z,kapishupadhyay22,https://github.com/keploy/keploy/pull/2993
2997,keploy,chore: add second code owner,merged,2025-09-16T10:23:45Z,2025-09-16T10:36:41Z,gouravkrosx,https://github.com/keploy/keploy/pull/2997
3003,keploy,docs: updating the messaging,merged,2025-09-16T13:50:59Z,2025-09-16T14:31:46Z,nehagup,https://github.com/keploy/keploy/pull/3003
673,docs,feat(docs): Update scroll-to-top icon color for visibility,merged,2025-09-17T19:28:14Z,2025-09-18T02:40:34Z,HifzaanDev,https://github.com/keploy/docs/pull/673
667,docs,Footer alignment for ‘Questions?’ section in docs website,merged,2025-09-15T15:36:55Z,2025-09-18T10:56:41Z,kartikeyg0104,https://github.com/keploy/docs/pull/667
3005,keploy,fix: docker app deletion while proxy reload,merged,2025-09-17T10:39:56Z,2025-09-18T12:17:56Z,kapishupadhyay22,https://github.com/keploy/keploy/pull/3005
2951,keploy,feat: new mapping db to store the mapping of test and mocks,merged,2025-09-05T10:15:32Z,2025-09-18T13:00:59Z,ayush3160,https://github.com/keploy/keploy/pull/2951
3012,keploy,chore: add debug logs for match http,merged,2025-09-18T13:38:22Z,2025-09-19T10:12:42Z,officialasishkumar,https://github.com/keploy/keploy/pull/3012
677,docs,feat: revamp home page and quickstart guide,merged,2025-09-19T13:03:14Z,2025-09-19T16:01:59Z,Achanandhi-M,https://github.com/keploy/docs/pull/677
3017,keploy,Merge main,merged,2025-09-20T09:43:58Z,2025-09-20T09:44:06Z,Sarthak160,https://github.com/keploy/keploy/pull/3017
680,docs,fix: installation fix,merged,2025-09-20T13:11:54Z,2025-09-20T13:27:00Z,Achanandhi-M,https://github.com/keploy/docs/pull/680
3018,keploy,fix: mock matching in http,merged,2025-09-20T15:31:15Z,2025-09-20T17:03:53Z,officialasishkumar,https://github.com/keploy/keploy/pull/3018
3020,keploy,ci: fix the false succeeding node linux pipeline,merged,2025-09-22T07:31:31Z,2025-09-22T07:42:09Z,Sarthak160,https://github.com/keploy/keploy/pull/3020
3021,keploy,fix: change old to expected and new to actual in report,merged,2025-09-22T07:48:22Z,2025-09-22T08:02:36Z,officialasishkumar,https://github.com/keploy/keploy/pull/3021
163,samples-go,feat: gRPC health checks,merged,2025-09-19T09:29:21Z,2025-09-22T09:21:57Z,kapishupadhyay22,https://github.com/keploy/samples-go/pull/163
3028,keploy,feat: added go-grpc pipeline in oss,merged,2025-09-22T13:16:47Z,2025-09-23T07:20:55Z,ayush3160,https://github.com/keploy/keploy/pull/3028
3029,keploy,feat: serialize into yaml before sending to channel,merged,2025-09-22T15:29:06Z,2025-09-23T08:13:46Z,ayush3160,https://github.com/keploy/keploy/pull/3029
164,samples-go,feat: add cases for different datetime values,merged,2025-09-23T08:57:31Z,2025-09-23T10:07:47Z,AkashKumar7902,https://github.com/keploy/samples-go/pull/164
3030,keploy,fix: datetime decoding issue in mysql during mock creation,merged,2025-09-22T19:40:14Z,2025-09-23T11:08:53Z,AkashKumar7902,https://github.com/keploy/keploy/pull/3030
166,samples-go,chore: add go kratos in grpc sample,merged,2025-09-23T11:57:30Z,2025-09-23T12:09:18Z,gouravkrosx,https://github.com/keploy/samples-go/pull/166
676,docs,[Imp]: Fix redundant go in debugger guide,merged,2025-09-18T15:01:57Z,2025-09-23T13:12:18Z,Raj-G07,https://github.com/keploy/docs/pull/676
3039,keploy,"Revert ""feat: serialize into yaml before sending to channel""",merged,2025-09-23T14:43:54Z,2025-09-23T15:13:11Z,Sarthak160,https://github.com/keploy/keploy/pull/3039
168,samples-go,chore: update go version in go mod for http pokeapi,merged,2025-09-23T19:20:24Z,2025-09-23T19:31:52Z,Sarthak160,https://github.com/keploy/samples-go/pull/168
74,samples-python,feat: add dockerfile for windows,merged,2025-09-24T10:02:43Z,2025-09-24T10:03:57Z,officialasishkumar,https://github.com/keploy/samples-python/pull/74
75,samples-python,Flask mongo docker win,merged,2025-09-24T10:27:19Z,2025-09-24T10:29:20Z,officialasishkumar,https://github.com/keploy/samples-python/pull/75
76,samples-python,Flask mongo docker win,merged,2025-09-24T10:46:59Z,2025-09-24T10:48:18Z,officialasishkumar,https://github.com/keploy/samples-python/pull/76
167,samples-go,chore: add dedup application,merged,2025-09-23T14:58:30Z,2025-09-24T13:17:14Z,anjupathak03,https://github.com/keploy/samples-go/pull/167
3045,keploy,fix: mock filter by time stamp,merged,2025-09-24T19:22:25Z,2025-09-25T07:01:10Z,gouravkrosx,https://github.com/keploy/keploy/pull/3045
3046,keploy,fix: release pipeline,merged,2025-09-25T07:11:29Z,2025-09-25T07:27:59Z,gouravkrosx,https://github.com/keploy/keploy/pull/3046
2950,keploy,feat: high performance test recording using incoming proxy,merged,2025-09-05T09:30:48Z,2025-09-25T12:06:47Z,kapishupadhyay22,https://github.com/keploy/keploy/pull/2950
171,samples-go,feat: go grpc mongo,merged,2025-09-25T13:52:24Z,2025-09-25T13:54:19Z,officialasishkumar,https://github.com/keploy/samples-go/pull/171
3033,keploy,ci: add support to run mac and wsl pipelines,merged,2025-09-23T08:04:56Z,2025-09-25T14:10:51Z,Sarthak160,https://github.com/keploy/keploy/pull/3033
3053,keploy,fix:remove retprobeMaxActive to avoid using tracefs to load kprobes,merged,2025-09-25T14:14:20Z,2025-09-25T14:55:19Z,slayerjain,https://github.com/keploy/keploy/pull/3053
175,samples-go,fix: pipeline failure,merged,2025-09-26T11:37:30Z,2025-09-26T11:46:53Z,officialasishkumar,https://github.com/keploy/samples-go/pull/175
174,samples-go,feat: made expiry of jwt token configurable,merged,2025-09-26T11:10:00Z,2025-09-26T12:00:27Z,kapishupadhyay22,https://github.com/keploy/samples-go/pull/174
2959,keploy,feat: make report command fast and add context cancellation,merged,2025-09-09T05:59:44Z,2025-09-26T15:11:12Z,officialasishkumar,https://github.com/keploy/keploy/pull/2959
689,docs,fix: updated the build ci pipeline,merged,2025-09-29T08:07:23Z,2025-09-29T13:47:43Z,Achanandhi-M,https://github.com/keploy/docs/pull/689
682,docs,Fix: Styling error in docs  Community Section,merged,2025-09-22T16:50:27Z,2025-09-29T15:19:41Z,Srinu346,https://github.com/keploy/docs/pull/682
679,docs,docs: update the golang guide,merged,2025-09-20T05:25:45Z,2025-09-30T07:16:35Z,pratik-mahalle,https://github.com/keploy/docs/pull/679
691,docs,docs: fix the image in golang quickstart,merged,2025-09-30T08:20:43Z,2025-09-30T09:01:05Z,pratik-mahalle,https://github.com/keploy/docs/pull/691
692,docs,feat: add the microservice guide and styling issues,merged,2025-09-30T11:29:52Z,2025-09-30T11:38:12Z,Achanandhi-M,https://github.com/keploy/docs/pull/692
176,samples-go,feat: add health check in echo sql compose db,merged,2025-09-30T23:51:34Z,2025-10-01T06:51:34Z,officialasishkumar,https://github.com/keploy/samples-go/pull/176
693,docs,fix:search bar styling,merged,2025-09-30T19:51:13Z,2025-10-01T07:11:04Z,Hermione2408,https://github.com/keploy/docs/pull/693
177,samples-go,Feat/health check,merged,2025-10-01T07:32:35Z,2025-10-01T07:33:40Z,officialasishkumar,https://github.com/keploy/samples-go/pull/177
3064,keploy,fix: windows build and make client platform agnostic for split-binary,merged,2025-09-30T10:09:17Z,2025-10-01T08:40:13Z,ayush3160,https://github.com/keploy/keploy/pull/3064
77,samples-python,feat: add new endpoint,merged,2025-10-03T12:13:26Z,2025-10-03T12:20:33Z,officialasishkumar,https://github.com/keploy/samples-python/pull/77
3015,keploy,"feat: upload mock, change mock hash in config, and push config change to github",merged,2025-09-19T05:56:44Z,2025-10-03T13:32:06Z,anjupathak03,https://github.com/keploy/keploy/pull/3015
694,docs,"Feature: Added ""Back To Top Button"" in Glossary Page",merged,2025-10-01T13:43:17Z,2025-10-06T06:17:47Z,Srinu346,https://github.com/keploy/docs/pull/694
32,writers-program,Fixed Copyright Year,merged,2025-09-23T16:18:45Z,2025-10-06T06:49:48Z,Srinu346,https://github.com/keploy/writers-program/pull/32
637,docs,feat: new flags in report cmd,merged,2025-08-29T13:05:06Z,2025-10-06T07:16:16Z,officialasishkumar,https://github.com/keploy/docs/pull/637
35,writers-program,Updated New Icons in Writers Program,merged,2025-09-24T07:34:39Z,2025-10-06T07:38:09Z,Srinu346,https://github.com/keploy/writers-program/pull/35
684,docs,docs: Update the java Quickstart and images,merged,2025-09-24T09:06:07Z,2025-10-06T10:11:32Z,pratik-mahalle,https://github.com/keploy/docs/pull/684
3091,keploy,fix: template error,merged,2025-10-03T10:27:24Z,2025-10-06T11:25:55Z,officialasishkumar,https://github.com/keploy/keploy/pull/3091
696,docs,fix: the java Quickstart images update,merged,2025-10-06T11:01:41Z,2025-10-06T12:22:44Z,pratik-mahalle,https://github.com/keploy/docs/pull/696
2949,keploy,Add mysql fuzzer to pipeline,merged,2025-09-05T09:19:00Z,2025-10-06T13:38:00Z,AkashKumar7902,https://github.com/keploy/keploy/pull/2949
3097,keploy,fix: remove integrations from go.mod,merged,2025-10-07T07:43:41Z,2025-10-07T08:34:36Z,officialasishkumar,https://github.com/keploy/keploy/pull/3097
697,docs,Fix(docs/quickstart/quickstart-filter): Dark mode UI and alignment improvements for language/server cards,merged,2025-10-06T13:16:42Z,2025-10-07T09:36:57Z,kaushiktak19,https://github.com/keploy/docs/pull/697
626,docs,docs: add webhook documentation,merged,2025-08-05T12:57:01Z,2025-10-07T11:27:33Z,AkashKumar7902,https://github.com/keploy/docs/pull/626
79,samples-python,feat: temp file for normalization pipeline,merged,2025-10-08T09:09:19Z,2025-10-08T09:10:18Z,officialasishkumar,https://github.com/keploy/samples-python/pull/79
80,samples-python,fix: ssl issue,merged,2025-10-08T09:58:49Z,2025-10-08T09:59:55Z,officialasishkumar,https://github.com/keploy/samples-python/pull/80
81,samples-python,fix: tls issue in flask mysql,merged,2025-10-08T11:56:36Z,2025-10-08T12:02:52Z,officialasishkumar,https://github.com/keploy/samples-python/pull/81
82,samples-python,fix: tls issue,merged,2025-10-08T12:30:14Z,2025-10-08T12:33:07Z,officialasishkumar,https://github.com/keploy/samples-python/pull/82
3100,keploy,feat: unit tests for keploy oss,merged,2025-10-08T08:03:42Z,2025-10-08T12:43:46Z,kapishupadhyay22,https://github.com/keploy/keploy/pull/3100
83,samples-python,Fix: tls issue,merged,2025-10-08T12:50:07Z,2025-10-08T12:53:58Z,officialasishkumar,https://github.com/keploy/samples-python/pull/83
3103,keploy,fix: failed to remove docker volume,merged,2025-10-08T09:23:34Z,2025-10-08T14:30:58Z,officialasishkumar,https://github.com/keploy/keploy/pull/3103
84,samples-python,fix: ssl issue,merged,2025-10-08T18:47:12Z,2025-10-08T18:48:51Z,officialasishkumar,https://github.com/keploy/samples-python/pull/84
85,samples-python,fix: tls,merged,2025-10-08T19:54:01Z,2025-10-08T19:56:19Z,officialasishkumar,https://github.com/keploy/samples-python/pull/85
88,samples-typescript,feat: update nodejs version and ca certificate in the Dockerfile,merged,2025-10-08T13:42:29Z,2025-10-09T06:02:31Z,Achanandhi-M,https://github.com/keploy/samples-typescript/pull/88
86,samples-python,fix: remove ssl,merged,2025-10-09T06:26:27Z,2025-10-09T06:27:12Z,officialasishkumar,https://github.com/keploy/samples-python/pull/86
87,samples-python,fix: disable ssl,merged,2025-10-09T07:45:25Z,2025-10-09T07:48:13Z,officialasishkumar,https://github.com/keploy/samples-python/pull/87
3101,keploy,feat: desanitize and then sanitize during normalization,merged,2025-10-08T09:11:27Z,2025-10-09T12:56:32Z,officialasishkumar,https://github.com/keploy/keploy/pull/3101
3110,keploy,feat: fix normalization,merged,2025-10-09T14:11:31Z,2025-10-09T14:22:04Z,officialasishkumar,https://github.com/keploy/keploy/pull/3110
3114,keploy,fix: data race in generic parser,merged,2025-10-09T18:20:56Z,2025-10-10T06:16:52Z,kapishupadhyay22,https://github.com/keploy/keploy/pull/3114
3105,keploy,fix: remove existing volume if options mismatch and fix macos colima,merged,2025-10-09T07:59:28Z,2025-10-10T09:03:47Z,ayush3160,https://github.com/keploy/keploy/pull/3105
8,pgproto3,fix: remove append -1 in case of empty string,merged,2025-10-11T17:29:01Z,2025-10-11T17:29:58Z,Sarthak160,https://github.com/keploy/pgproto3/pull/8
3094,keploy,fix: mac pipelines,merged,2025-10-06T09:30:32Z,2025-10-13T10:38:14Z,ayush3160,https://github.com/keploy/keploy/pull/3094
698,docs,feat: redesign javascript quick start,merged,2025-10-09T11:29:16Z,2025-10-13T12:26:39Z,Achanandhi-M,https://github.com/keploy/docs/pull/698
88,samples-python,fix: update the ca certificate in twilio dockerfile,merged,2025-10-13T12:16:26Z,2025-10-13T13:11:12Z,Achanandhi-M,https://github.com/keploy/samples-python/pull/88
3059,keploy,feat: add windows pipeline,merged,2025-09-29T11:19:41Z,2025-10-13T13:17:32Z,officialasishkumar,https://github.com/keploy/keploy/pull/3059
700,docs,"fix: Update CLI Commands in Python, Go, and Next.js",merged,2025-10-13T13:10:15Z,2025-10-13T13:24:20Z,Achanandhi-M,https://github.com/keploy/docs/pull/700
3124,keploy,chore: add bracket to container name in mac pipeline,merged,2025-10-13T11:12:53Z,2025-10-13T13:35:43Z,ayush3160,https://github.com/keploy/keploy/pull/3124
178,samples-go,feat: add risk-profile app,merged,2025-10-09T05:42:23Z,2025-10-13T14:23:11Z,anjupathak03,https://github.com/keploy/samples-go/pull/178
3093,keploy,feat: test failure risk profile identification,merged,2025-10-03T13:36:04Z,2025-10-13T14:27:22Z,anjupathak03,https://github.com/keploy/keploy/pull/3093
89,samples-python,fix: add new endpoints,merged,2025-10-13T16:30:18Z,2025-10-13T16:31:53Z,officialasishkumar,https://github.com/keploy/samples-python/pull/89
90,samples-python,Flask secret,merged,2025-10-13T19:24:48Z,2025-10-14T04:23:19Z,officialasishkumar,https://github.com/keploy/samples-python/pull/90
3036,keploy,move fuzzer workflow to a new path,merged,2025-09-23T12:45:44Z,2025-10-14T07:47:38Z,rupeshsingh-000,https://github.com/keploy/keploy/pull/3036
169,samples-go,feat: add tls application,merged,2025-09-23T19:55:53Z,2025-10-14T07:49:38Z,AkashKumar7902,https://github.com/keploy/samples-go/pull/169
3127,keploy,"Revert ""move fuzzer workflow to a new path""",merged,2025-10-14T07:52:38Z,2025-10-14T07:53:25Z,AkashKumar7902,https://github.com/keploy/keploy/pull/3127
91,samples-python,feat: sync main and temp_main,merged,2025-10-14T09:01:01Z,2025-10-14T09:05:43Z,officialasishkumar,https://github.com/keploy/samples-python/pull/91
3129,keploy,ci: add grpc fuzzer pipeline,merged,2025-10-14T08:22:09Z,2025-10-14T09:09:05Z,AkashKumar7902,https://github.com/keploy/keploy/pull/3129
3061,keploy,fix: ignore private parsers in actions,merged,2025-09-29T15:21:57Z,2025-10-14T09:48:54Z,officialasishkumar,https://github.com/keploy/keploy/pull/3061
3125,keploy,fix: sanitize issue,merged,2025-10-13T12:05:29Z,2025-10-15T12:45:51Z,officialasishkumar,https://github.com/keploy/keploy/pull/3125
3019,keploy,Fix sanitization without config,merged,2025-09-21T00:58:23Z,2025-10-15T13:45:08Z,HifzaanDev,https://github.com/keploy/keploy/pull/3019
3016,keploy,feat: separate agent and client from the keploy binary,merged,2025-09-19T13:07:34Z,2025-10-15T18:40:50Z,Sarthak160,https://github.com/keploy/keploy/pull/3016
3142,keploy,fix: temporary relocation of cert files to prevent breaking external refs,merged,2025-10-16T07:12:04Z,2025-10-16T07:13:14Z,AkashKumar7902,https://github.com/keploy/keploy/pull/3142
701,docs,feat: add redis to enterprise quickstart and temporarily removed mongo quickstart,merged,2025-10-15T14:33:01Z,2025-10-16T12:17:45Z,Achanandhi-M,https://github.com/keploy/docs/pull/701
180,samples-go,feat: add graceful shutdown for the coverage,merged,2025-10-16T11:15:04Z,2025-10-16T13:17:03Z,ayush3160,https://github.com/keploy/samples-go/pull/180
186,blog-website,ui: Blog Cards UI Unification – Modernized Card & Grid System,merged,2025-10-08T05:48:55Z,2025-10-17T09:47:24Z,kaushiktak19,https://github.com/keploy/blog-website/pull/186
3145,keploy,fix: release pipeline for v2,merged,2025-10-16T09:23:05Z,2025-10-20T08:43:23Z,gouravkrosx,https://github.com/keploy/keploy/pull/3145
3151,keploy,fix: main workflow pipelines for v3,merged,2025-10-20T09:47:29Z,2025-10-20T11:50:26Z,gouravkrosx,https://github.com/keploy/keploy/pull/3151
3153,keploy,fix: docker-release,merged,2025-10-20T12:55:46Z,2025-10-20T12:56:34Z,gouravkrosx,https://github.com/keploy/keploy/pull/3153
3154,keploy,chore: update integrations lib version in workflow,merged,2025-10-20T13:31:25Z,2025-10-20T14:09:14Z,gouravkrosx,https://github.com/keploy/keploy/pull/3154
3159,keploy,feat: add support for overriding config file,merged,2025-10-21T10:35:29Z,2025-10-21T11:03:22Z,gouravkrosx,https://github.com/keploy/keploy/pull/3159
3160,keploy,chore: cherry-pick commit 872c0aa from main to v2,merged,2025-10-21T11:15:03Z,2025-10-21T11:31:21Z,gouravkrosx,https://github.com/keploy/keploy/pull/3160
3163,keploy,feat: show failure type and categories in report,merged,2025-10-21T12:53:30Z,2025-10-22T05:07:29Z,anjupathak03,https://github.com/keploy/keploy/pull/3163
702,docs,ui: dark mode for installation components fixed,merged,2025-10-16T11:49:41Z,2025-10-22T05:54:24Z,kaushiktak19,https://github.com/keploy/docs/pull/702
183,blog-website,Fix: Center footer icons on small screens,merged,2025-10-03T08:28:00Z,2025-10-22T08:40:38Z,shrutika-gawande,https://github.com/keploy/blog-website/pull/183
3164,keploy,chore: cherry-pick commit 8177f20 from main to v2,merged,2025-10-22T08:55:26Z,2025-10-22T09:28:47Z,anjupathak03,https://github.com/keploy/keploy/pull/3164
703,docs,docs: add risk profile analysis and normalize new flag,merged,2025-10-22T04:11:37Z,2025-10-22T09:30:55Z,anjupathak03,https://github.com/keploy/docs/pull/703
27,student-program,Updated keploy API fellowship website theme to match main website,merged,2025-03-29T09:04:41Z,2025-10-23T06:56:26Z,rycerzes,https://github.com/keploy/student-program/pull/27
707,docs,fix: adjust installation UI alignment for better consistency,merged,2025-10-23T07:54:16Z,2025-10-23T09:01:03Z,Achanandhi-M,https://github.com/keploy/docs/pull/707
50,student-program,temp: restore previous version to fix deployment issue,merged,2025-10-23T09:19:02Z,2025-10-23T09:22:22Z,amaan-bhati,https://github.com/keploy/student-program/pull/50
182,blog-website,[bug][fix] Proxy external user profile images via internal API to sat…,merged,2025-09-26T09:39:55Z,2025-10-24T13:25:05Z,kaushiktak19,https://github.com/keploy/blog-website/pull/182
193,blog-website,ui: 404 page Redesign,merged,2025-10-24T04:36:23Z,2025-10-24T13:59:00Z,kaushiktak19,https://github.com/keploy/blog-website/pull/193
3173,keploy,fix: multiple client handshake mocks mismatch in mysql,merged,2025-10-28T13:17:41Z,2025-10-28T14:02:17Z,gouravkrosx,https://github.com/keploy/keploy/pull/3173
3175,keploy,chore: cherry pick commit 4487a26 from main to v2(#3173),merged,2025-10-28T14:34:14Z,2025-10-28T15:04:30Z,gouravkrosx,https://github.com/keploy/keploy/pull/3175
3176,keploy,fix: encode error in mysql,merged,2025-10-28T14:54:32Z,2025-10-28T15:32:45Z,officialasishkumar,https://github.com/keploy/keploy/pull/3176
3178,keploy,fix: mysql error,merged,2025-10-28T15:52:02Z,2025-10-28T17:22:25Z,officialasishkumar,https://github.com/keploy/keploy/pull/3178
711,docs,feat: update test coverage page,merged,2025-10-28T08:14:48Z,2025-10-29T07:27:13Z,Achanandhi-M,https://github.com/keploy/docs/pull/711
3111,keploy,feat: add loader animation during binary download,merged,2025-10-09T14:22:40Z,2025-10-29T08:59:59Z,MishraShardendu22,https://github.com/keploy/keploy/pull/3111
3180,keploy,feat: add loader animation during binary download (#3111),merged,2025-10-29T10:35:50Z,2025-10-29T10:39:44Z,gouravkrosx,https://github.com/keploy/keploy/pull/3180
3182,keploy,feat: support protos outside current directory,merged,2025-10-29T11:14:59Z,2025-10-30T06:52:29Z,officialasishkumar,https://github.com/keploy/keploy/pull/3182
3144,keploy,feat: add check for coverage file in pipeline,merged,2025-10-16T08:41:26Z,2025-10-30T11:26:52Z,ayush3160,https://github.com/keploy/keploy/pull/3144
3190,keploy,fix: handling zero date and time strings in MySQL encoding,merged,2025-10-30T20:46:13Z,2025-10-30T21:55:53Z,gouravkrosx,https://github.com/keploy/keploy/pull/3190
3191,keploy,fix: handling zero date and time strings in MySQL encoding (#3190),merged,2025-10-30T21:57:47Z,2025-10-30T22:06:47Z,gouravkrosx,https://github.com/keploy/keploy/pull/3191
194,blog-website,feat: add scroll-to-top button with gradient progress indicator,merged,2025-10-25T17:20:14Z,2025-10-31T13:07:53Z,Soumyabrataop,https://github.com/keploy/blog-website/pull/194
3169,keploy,chore: Update workflow to use code from integration PRs,merged,2025-10-27T22:07:21Z,2025-11-02T14:32:19Z,anjupathak03,https://github.com/keploy/keploy/pull/3169
3197,keploy,chore: remove refs to reusable workflow branch,merged,2025-11-02T14:36:50Z,2025-11-02T15:34:56Z,anjupathak03,https://github.com/keploy/keploy/pull/3197
3041,keploy,feat: add lint check to prevent keploy/integrations dependencies,merged,2025-09-23T16:52:41Z,2025-11-03T08:52:19Z,ritoban23,https://github.com/keploy/keploy/pull/3041
713,docs,fix: Inconsistencies in sidebar ui,merged,2025-11-03T09:29:13Z,2025-11-04T07:51:04Z,kaushiktak19,https://github.com/keploy/docs/pull/713
3181,keploy,feat: add cookie support in templatization and fix bugs,merged,2025-10-29T10:50:20Z,2025-11-04T11:07:03Z,AkashKumar7902,https://github.com/keploy/keploy/pull/3181
3211,keploy,fix: com-stmt-exec packet matching in mysql,merged,2025-11-04T09:25:32Z,2025-11-04T12:33:11Z,gouravkrosx,https://github.com/keploy/keploy/pull/3211
3214,keploy,chore: cherry pick 17a5f98  from main to v2,merged,2025-11-04T12:36:42Z,2025-11-04T13:01:31Z,gouravkrosx,https://github.com/keploy/keploy/pull/3214
3213,keploy,fix: fuzzer download filename in workflow,merged,2025-11-04T11:13:11Z,2025-11-04T13:10:46Z,AkashKumar7902,https://github.com/keploy/keploy/pull/3213
3215,keploy,Cherry pick/enhance templatize main,merged,2025-11-04T13:16:19Z,2025-11-05T06:18:08Z,AkashKumar7902,https://github.com/keploy/keploy/pull/3215
716,docs,feat: update example of tests flag in normalization,merged,2025-11-05T09:40:15Z,2025-11-05T09:47:02Z,officialasishkumar,https://github.com/keploy/docs/pull/716
3202,keploy,feat: allow particular test set to be normalized,merged,2025-11-04T02:42:37Z,2025-11-05T10:23:16Z,officialasishkumar,https://github.com/keploy/keploy/pull/3202
715,docs,fix: updated sidebar to remove databases,merged,2025-11-05T09:27:21Z,2025-11-05T10:40:46Z,Achanandhi-M,https://github.com/keploy/docs/pull/715
714,docs,feat: update ci pipeline,merged,2025-11-05T08:45:10Z,2025-11-05T10:41:27Z,Achanandhi-M,https://github.com/keploy/docs/pull/714
3222,keploy,fix: issues config url update,merged,2025-11-05T08:34:38Z,2025-11-05T10:43:48Z,Achanandhi-M,https://github.com/keploy/keploy/pull/3222
3223,keploy,feat: allow particular test set to be normalized (#3202),merged,2025-11-05T10:36:26Z,2025-11-05T12:03:29Z,officialasishkumar,https://github.com/keploy/keploy/pull/3223
717,docs,docs: add protos flags,merged,2025-11-05T11:49:13Z,2025-11-05T12:10:36Z,gouravkrosx,https://github.com/keploy/docs/pull/717
3221,keploy,feat: add noise support for grpc,merged,2025-11-05T07:16:27Z,2025-11-05T12:52:04Z,officialasishkumar,https://github.com/keploy/keploy/pull/3221
3224,keploy,feat: add noise support for grpc (#3221),merged,2025-11-05T13:00:58Z,2025-11-05T13:25:28Z,officialasishkumar,https://github.com/keploy/keploy/pull/3224
3218,keploy,feat: report enhancment with comparison of protoscope into json,merged,2025-11-05T04:42:29Z,2025-11-05T14:40:57Z,anjupathak03,https://github.com/keploy/keploy/pull/3218
3225,keploy,chore: cherry pick eb06713 from main to v2,merged,2025-11-05T15:42:09Z,2025-11-05T17:03:47Z,anjupathak03,https://github.com/keploy/keploy/pull/3225
3207,keploy,chore: Cherry Pick 219fc6f2dbc28685fb27a069d16225255819f4cc commit,merged,2025-11-04T07:25:42Z,2025-11-05T21:25:46Z,ayush3160,https://github.com/keploy/keploy/pull/3207
3228,keploy,feat: mount config path outside cawd,merged,2025-11-06T09:21:08Z,2025-11-06T09:34:31Z,officialasishkumar,https://github.com/keploy/keploy/pull/3228
3226,keploy,fix: reports for grpc test cases,merged,2025-11-06T08:31:12Z,2025-11-06T09:40:55Z,gouravkrosx,https://github.com/keploy/keploy/pull/3226
3230,keploy,chore: cherry-pick b8b925b from main to v2,merged,2025-11-06T09:50:36Z,2025-11-06T10:03:25Z,gouravkrosx,https://github.com/keploy/keploy/pull/3230
3235,keploy,feat: detch configPath with override configPath and allow config to be generated in configPath,merged,2025-11-06T10:54:58Z,2025-11-06T11:52:19Z,officialasishkumar,https://github.com/keploy/keploy/pull/3235
3238,keploy,fix: docker publish pipeline for v3,merged,2025-11-06T17:14:59Z,2025-11-07T06:09:53Z,ayush3160,https://github.com/keploy/keploy/pull/3238
3242,keploy,fix: docker publish tags,merged,2025-11-07T08:05:10Z,2025-11-07T09:32:14Z,ayush3160,https://github.com/keploy/keploy/pull/3242
3244,keploy,chore: Test app panic,merged,2025-11-08T07:16:45Z,2025-11-08T08:52:54Z,kapishupadhyay22,https://github.com/keploy/keploy/pull/3244
182,samples-go,feat: email endpoint for gin-mongo,merged,2025-11-10T09:08:36Z,2025-11-10T09:16:54Z,ShashankShekhar07,https://github.com/keploy/samples-go/pull/182
183,samples-go,update: toolchain in gin-mongo Dockerfile,merged,2025-11-10T09:34:28Z,2025-11-10T09:41:59Z,kapishupadhyay22,https://github.com/keploy/samples-go/pull/183
3237,keploy,feat: V3 docker mounts correction,merged,2025-11-06T16:22:42Z,2025-11-10T09:51:20Z,kapishupadhyay22,https://github.com/keploy/keploy/pull/3237
184,samples-go,feat: new grpc secret app,merged,2025-11-10T10:14:24Z,2025-11-10T10:19:55Z,officialasishkumar,https://github.com/keploy/samples-go/pull/184
185,samples-go,fix: gin-mongo app,merged,2025-11-10T12:26:45Z,2025-11-10T12:41:14Z,officialasishkumar,https://github.com/keploy/samples-go/pull/185
3254,keploy,revert: add retprobeMaxActive to avoid missing kretprobes,merged,2025-11-10T13:47:15Z,2025-11-10T14:07:22Z,gouravkrosx,https://github.com/keploy/keploy/pull/3254
3248,keploy,feat: sanitize grpc,merged,2025-11-09T14:12:18Z,2025-11-10T14:08:56Z,officialasishkumar,https://github.com/keploy/keploy/pull/3248
3255,keploy,feat: sanitize grpc sync with main,merged,2025-11-10T15:29:33Z,2025-11-10T17:11:24Z,officialasishkumar,https://github.com/keploy/keploy/pull/3255
179,samples-go,feat: add ssl mysql,merged,2025-10-15T04:52:52Z,2025-11-11T06:12:40Z,anjupathak03,https://github.com/keploy/samples-go/pull/179
203,blog-website,Fix: stabilize author slugs and author pages,merged,2025-11-07T09:54:41Z,2025-11-11T06:59:49Z,kaushiktak19,https://github.com/keploy/blog-website/pull/203
3134,keploy,fix: use enable ssl for echo-mysql,merged,2025-10-15T04:52:34Z,2025-11-11T07:55:01Z,anjupathak03,https://github.com/keploy/keploy/pull/3134
3261,keploy,fix: handling of TXT dns record,merged,2025-11-11T12:39:37Z,2025-11-11T12:56:09Z,gouravkrosx,https://github.com/keploy/keploy/pull/3261
3260,keploy,feat: volume is in use,merged,2025-11-11T12:20:04Z,2025-11-11T13:43:08Z,officialasishkumar,https://github.com/keploy/keploy/pull/3260
719,docs,fix: update microservices quickstart and ci pipeline,merged,2025-11-11T14:17:42Z,2025-11-11T14:50:52Z,Achanandhi-M,https://github.com/keploy/docs/pull/719
3268,keploy,bug: app failed to start should not stop test mode,merged,2025-11-12T07:12:59Z,2025-11-12T09:46:21Z,kapishupadhyay22,https://github.com/keploy/keploy/pull/3268
3194,keploy,feat: generic auto update package,merged,2025-10-31T09:06:42Z,2025-11-12T12:49:57Z,thedeeppp,https://github.com/keploy/keploy/pull/3194
721,docs,feat: added test run in microservice quickstart guide,merged,2025-11-13T04:12:03Z,2025-11-13T06:25:51Z,Achanandhi-M,https://github.com/keploy/docs/pull/721
186,samples-go,feat: email endpoint,merged,2025-11-12T12:23:42Z,2025-11-13T08:43:44Z,ShashankShekhar07,https://github.com/keploy/samples-go/pull/186
3167,keploy,feat: add MX type DNS resolver support,merged,2025-10-27T10:55:14Z,2025-11-13T08:58:28Z,ShashankShekhar07,https://github.com/keploy/keploy/pull/3167
3264,keploy,feat: direct mock download,merged,2025-11-11T19:52:03Z,2025-11-13T12:52:30Z,anjupathak03,https://github.com/keploy/keploy/pull/3264
3272,keploy,[feat]: switch case statements in resolvednsquery function,merged,2025-11-13T10:09:53Z,2025-11-13T12:55:20Z,ShashankShekhar07,https://github.com/keploy/keploy/pull/3272
3274,keploy,chore: cherry-pick bfda3cd from main to v2,merged,2025-11-13T13:07:01Z,2025-11-13T13:16:12Z,anjupathak03,https://github.com/keploy/keploy/pull/3274
3232,keploy,fix: macos and windows pipelines,merged,2025-11-06T10:18:08Z,2025-11-14T07:38:15Z,ayush3160,https://github.com/keploy/keploy/pull/3232
3195,keploy,feat: --skip-app-restart flag for launching app once in one test run,merged,2025-11-02T06:12:33Z,2025-11-14T08:59:56Z,kapishupadhyay22,https://github.com/keploy/keploy/pull/3195
3270,keploy,feat: added mx resolution for v2,merged,2025-11-13T09:08:01Z,2025-11-17T06:58:21Z,ShashankShekhar07,https://github.com/keploy/keploy/pull/3270
3279,keploy,fix: mock match header http,merged,2025-11-16T12:48:36Z,2025-11-17T15:50:35Z,officialasishkumar,https://github.com/keploy/keploy/pull/3279
3286,keploy,fix: mock match header http (#3279),merged,2025-11-17T17:29:52Z,2025-11-17T17:49:15Z,officialasishkumar,https://github.com/keploy/keploy/pull/3286
3282,keploy,fix: secret leak in config while mock uplaod after changing mocks,merged,2025-11-17T12:34:13Z,2025-11-17T17:51:29Z,officialasishkumar,https://github.com/keploy/keploy/pull/3282
3285,keploy,fix: secret leak in config while mock uplaod after changing mocks,merged,2025-11-17T13:56:08Z,2025-11-17T18:33:52Z,officialasishkumar,https://github.com/keploy/keploy/pull/3285
3258,keploy,fix: flaky pipelines,merged,2025-11-11T06:02:13Z,2025-11-18T08:32:22Z,AkashKumar7902,https://github.com/keploy/keploy/pull/3258
3288,keploy,fix: config path issue,merged,2025-11-18T09:47:23Z,2025-11-18T11:13:34Z,officialasishkumar,https://github.com/keploy/keploy/pull/3288
3289,keploy,chore: fetch latest hash from integrations v2 branch and use it,merged,2025-11-18T10:31:53Z,2025-11-18T12:07:59Z,AkashKumar7902,https://github.com/keploy/keploy/pull/3289
724,docs,chore: improve troubleshooting guide content,merged,2025-11-18T13:13:14Z,2025-11-19T04:40:15Z,Achanandhi-M,https://github.com/keploy/docs/pull/724
190,blog-website,feat: Added search functionality to Tags page,merged,2025-10-10T11:08:35Z,2025-11-21T10:26:23Z,kaushiktak19,https://github.com/keploy/blog-website/pull/190
725,docs,Update contribution guide,merged,2025-11-19T10:07:01Z,2025-11-21T11:36:20Z,Achanandhi-M,https://github.com/keploy/docs/pull/725
3297,keploy,fix: run docker compose hook for enterprise purpose,merged,2025-11-21T09:52:49Z,2025-11-22T19:49:43Z,officialasishkumar,https://github.com/keploy/keploy/pull/3297
187,samples-go,chore: add testcase for dedup,merged,2025-11-23T10:20:04Z,2025-11-23T10:44:14Z,officialasishkumar,https://github.com/keploy/samples-go/pull/187
3303,keploy,fix(http): make Transfer-Encoding detection case-insensitive,merged,2025-11-22T06:15:42Z,2025-11-24T06:49:49Z,anjupathak03,https://github.com/keploy/keploy/pull/3303
3304,keploy,chore: cherry-pick transfer-encoding fix to v2,merged,2025-11-22T06:19:08Z,2025-11-24T06:50:07Z,anjupathak03,https://github.com/keploy/keploy/pull/3304
3301,keploy,fix: mysql prepare statement id mapping,merged,2025-11-21T20:01:48Z,2025-11-24T20:28:58Z,gouravkrosx,https://github.com/keploy/keploy/pull/3301
3307,keploy,fix: mysql prepare statement id mapping during test mode,merged,2025-11-24T20:40:26Z,2025-11-24T20:53:02Z,gouravkrosx,https://github.com/keploy/keploy/pull/3307
3309,keploy,chore: ignore content-length and message length mismatches when body content is identical,merged,2025-11-25T09:11:05Z,2025-11-25T09:43:13Z,gouravkrosx,https://github.com/keploy/keploy/pull/3309
3308,keploy,chore: ignore content-length and message length mismatches when body content is identical,merged,2025-11-25T09:11:04Z,2025-11-25T09:43:16Z,gouravkrosx,https://github.com/keploy/keploy/pull/3308
3271,keploy,bug: added missing flag implementation,merged,2025-11-13T09:52:24Z,2025-11-25T11:32:11Z,thedeeppp,https://github.com/keploy/keploy/pull/3271
727,docs,feat: add docs on dockerfile for dedup,merged,2025-11-26T06:43:55Z,2025-11-26T06:59:36Z,officialasishkumar,https://github.com/keploy/docs/pull/727
188,samples-go,feat: add multi proto grpc app,merged,2025-11-26T11:09:31Z,2025-11-26T11:21:29Z,gouravkrosx,https://github.com/keploy/samples-go/pull/188
3314,keploy,fix: proto paths are not read from config,merged,2025-11-25T15:29:16Z,2025-11-26T13:01:41Z,officialasishkumar,https://github.com/keploy/keploy/pull/3314
3318,keploy,fix: config values overridden to empty due to explicit proto paths parsing,merged,2025-11-26T13:11:45Z,2025-11-26T14:15:01Z,gouravkrosx,https://github.com/keploy/keploy/pull/3318
3312,keploy,fix: noise filteration for nested fields and report noise detection,merged,2025-11-25T11:46:15Z,2025-11-26T15:37:17Z,officialasishkumar,https://github.com/keploy/keploy/pull/3312
3310,keploy,fix: noise filteration for nested fields and report noise detection,merged,2025-11-25T11:42:19Z,2025-11-26T16:32:33Z,officialasishkumar,https://github.com/keploy/keploy/pull/3310
3315,keploy,feat: Hook points for agent while test and record mode,merged,2025-11-25T15:33:15Z,2025-12-02T07:12:22Z,kapishupadhyay22,https://github.com/keploy/keploy/pull/3315
3326,keploy,Feat: Synchronous recording mode in incoming proxy (without concurrent requests),merged,2025-12-02T12:35:46Z,2025-12-02T13:08:45Z,kapishupadhyay22,https://github.com/keploy/keploy/pull/3326
3327,keploy,fix: Passthrough for long lived connections (enabled looping),merged,2025-12-03T10:06:14Z,2025-12-03T10:46:22Z,kapishupadhyay22,https://github.com/keploy/keploy/pull/3327
3329,keploy,"fix: fixing passthrough function by looping, for long lived connections",merged,2025-12-03T10:54:15Z,2025-12-03T11:05:55Z,kapishupadhyay22,https://github.com/keploy/keploy/pull/3329
44,writers-program,fix: mobile layout collision in header and services list (fixes #3294),merged,2025-11-21T20:03:31Z,2025-12-03T18:39:11Z,sarbojitrana,https://github.com/keploy/writers-program/pull/44
218,blog-website,fix: resolve slug redirects before fetch & harden reviewer/author rendering,merged,2025-12-04T05:53:20Z,2025-12-08T05:46:13Z,kaushiktak19,https://github.com/keploy/blog-website/pull/218
729,docs,fix: correct quickstart link paths,merged,2025-12-09T09:56:26Z,2025-12-09T11:14:18Z,aadithya2112,https://github.com/keploy/docs/pull/729
731,docs,chore: fix microservice atg steps,merged,2025-12-10T12:53:22Z,2025-12-10T16:34:13Z,Achanandhi-M,https://github.com/keploy/docs/pull/731
3364,keploy,fix: test execution order with response timestamp fallback,merged,2025-12-11T07:40:21Z,2025-12-11T08:30:15Z,gouravkrosx,https://github.com/keploy/keploy/pull/3364
3365,keploy,fix: test execution order with response timestamp fallback (#3364),merged,2025-12-11T08:33:52Z,2025-12-11T08:49:03Z,gouravkrosx,https://github.com/keploy/keploy/pull/3365
733,docs,ci: remove ref option from prettier workflow checkout,merged,2025-12-15T03:58:29Z,2025-12-15T05:18:35Z,manasmanohar,https://github.com/keploy/docs/pull/733
3373,keploy,fix: url templatize in case of encoded string,merged,2025-12-14T08:27:04Z,2025-12-15T06:29:38Z,kapishupadhyay22,https://github.com/keploy/keploy/pull/3373
3361,keploy,fix: correct spelling errors in non-critical code paths,merged,2025-12-10T16:44:47Z,2025-12-15T07:28:45Z,ahmed0-07,https://github.com/keploy/keploy/pull/3361
3369,keploy,fix: prevent resource leaks and fix identifier spelling,merged,2025-12-12T16:43:32Z,2025-12-15T08:10:06Z,Mayanknishad9,https://github.com/keploy/keploy/pull/3369
3368,keploy,fix: network alias for docker compose,merged,2025-12-12T10:46:29Z,2025-12-16T08:03:30Z,kapishupadhyay22,https://github.com/keploy/keploy/pull/3368
221,blog-website,feat: Add search term persistence to URL and JSON-LD schema,merged,2025-12-16T07:41:22Z,2025-12-16T12:51:25Z,amaan-bhati,https://github.com/keploy/blog-website/pull/221
3376,keploy,fix: url templatize in case of encoded string,merged,2025-12-15T06:26:31Z,2025-12-17T10:21:58Z,kapishupadhyay22,https://github.com/keploy/keploy/pull/3376
3335,keploy,fix: fix fuzzer pipelines,merged,2025-12-04T07:08:07Z,2025-12-17T12:06:32Z,Sarthak160,https://github.com/keploy/keploy/pull/3335
3256,keploy,fix: detect app stopped in case of docker compose,merged,2025-11-11T04:25:38Z,2025-12-17T14:25:15Z,anjupathak03,https://github.com/keploy/keploy/pull/3256
3394,keploy,ci: make docker publish for v3,merged,2025-12-18T10:55:51Z,2025-12-18T11:00:38Z,Sarthak160,https://github.com/keploy/keploy/pull/3394
222,blog-website,feat: enhanced search architecture with deep linking,merged,2025-12-18T10:23:51Z,2025-12-18T12:02:01Z,amaan-bhati,https://github.com/keploy/blog-website/pull/222
3383,keploy,fix: fixed sync Http recording by dialing server sequentially,merged,2025-12-16T11:50:16Z,2025-12-19T09:25:28Z,kapishupadhyay22,https://github.com/keploy/keploy/pull/3383
3325,keploy,feat: added nil checks for svc and also registered gob data types,merged,2025-12-01T08:31:10Z,2025-12-22T13:45:26Z,ayush3160,https://github.com/keploy/keploy/pull/3325
3403,keploy,feat: synchronous mocking relative to test cases,merged,2025-12-22T08:20:23Z,2025-12-22T20:02:15Z,kapishupadhyay22,https://github.com/keploy/keploy/pull/3403
224,blog-website,fix: update author description selector on each blog,merged,2025-12-23T12:40:18Z,2025-12-24T11:04:18Z,amaan-bhati,https://github.com/keploy/blog-website/pull/224
3391,keploy,fix: prevent unnecessary JSON escaping for full-body template replacements,merged,2025-12-18T09:34:53Z,2025-12-24T16:32:31Z,officialasishkumar,https://github.com/keploy/keploy/pull/3391
3418,keploy,chore: update docker SDK to support docker server API version 1.52+,merged,2025-12-25T09:03:18Z,2025-12-25T12:22:21Z,slayerjain,https://github.com/keploy/keploy/pull/3418
3393,keploy,fix: prevent unnecessary JSON escaping for full-body template replacements,merged,2025-12-18T09:40:45Z,2025-12-26T07:37:22Z,officialasishkumar,https://github.com/keploy/keploy/pull/3393
718,docs,fix: fixing the redirection to /docs,merged,2025-11-07T05:49:39Z,2025-12-29T08:57:10Z,Iam-Karan-Suresh,https://github.com/keploy/docs/pull/718
735,docs,feat: update Golang quickstart,merged,2025-12-22T11:44:49Z,2025-12-29T11:37:55Z,Achanandhi-M,https://github.com/keploy/docs/pull/735
228,blog-website,feat: modified rrm productid,merged,2025-12-29T11:35:15Z,2025-12-29T11:41:17Z,Achanandhi-M,https://github.com/keploy/blog-website/pull/228
736,docs,feat: add Kubernetes proxy quickstart and revamp sidebar,merged,2025-12-24T11:48:23Z,2025-12-29T11:42:02Z,Achanandhi-M,https://github.com/keploy/docs/pull/736
3424,keploy,fix: redirect docker-compose logs to a file when output is a TTY,merged,2025-12-29T14:08:33Z,2025-12-29T18:34:51Z,gouravkrosx,https://github.com/keploy/keploy/pull/3424
214,blog-website,ui : footer updated to match the main Keploy website.,merged,2025-11-30T07:42:09Z,2025-12-29T21:55:19Z,Dakshgupta177,https://github.com/keploy/blog-website/pull/214
229,blog-website,"add json-ld structured data for organization, website, breadcrumbs, and blog posts",merged,2025-12-29T14:20:09Z,2025-12-30T05:05:50Z,amaan-bhati,https://github.com/keploy/blog-website/pull/229
204,blog-website,Feat: Revamp of Navbar UI,merged,2025-11-11T08:46:58Z,2025-12-30T08:56:54Z,kaushiktak19,https://github.com/keploy/blog-website/pull/204
737,docs,"feat: add JSON‑LD Organization, BreadcrumbList, and Article schema",merged,2025-12-29T21:38:48Z,2025-12-30T08:58:19Z,amaan-bhati,https://github.com/keploy/docs/pull/737
232,blog-website,chore: fix csp issues,merged,2025-12-30T14:49:42Z,2025-12-30T15:03:10Z,amaan-bhati,https://github.com/keploy/blog-website/pull/232
233,blog-website,ui : Fix Blog navbar Logo on shrink,merged,2025-12-30T15:20:04Z,2025-12-30T19:14:07Z,Gagan202005,https://github.com/keploy/blog-website/pull/233
230,blog-website,fix(ui): reduce navbar transparency for better readability,merged,2025-12-30T10:49:53Z,2025-12-30T19:25:53Z,Srinu346,https://github.com/keploy/blog-website/pull/230
739,docs,feat: add json-ld  schema to docs homepage,merged,2025-12-30T21:43:01Z,2025-12-31T10:25:11Z,amaan-bhati,https://github.com/keploy/docs/pull/739
38,.github,feat: update slack urls,merged,2025-12-31T12:08:15Z,2025-12-31T12:24:18Z,Achanandhi-M,https://github.com/keploy/.github/pull/38
39,.github,fix: move FUNDING.yml to correct location,merged,2025-12-31T12:43:54Z,2025-12-31T13:44:28Z,Achanandhi-M,https://github.com/keploy/.github/pull/39
738,docs,feat: add enterprise banner and update sidebar,merged,2025-12-30T16:16:53Z,2025-12-31T13:48:47Z,Achanandhi-M,https://github.com/keploy/docs/pull/738
249,blog-website,chore: disable AdSense script and component usages,merged,2026-01-02T07:43:32Z,2026-01-02T11:09:43Z,Achanandhi-M,https://github.com/keploy/blog-website/pull/249
3453,keploy,Fix: HTTP proxy stuck in infinite loop on chunked response EOF,merged,2026-01-02T11:39:49Z,2026-01-02T12:22:26Z,slayerjain,https://github.com/keploy/keploy/pull/3453
247,blog-website,fix: links of table of contents,merged,2026-01-01T20:02:12Z,2026-01-02T17:33:10Z,Gagan202005,https://github.com/keploy/blog-website/pull/247
250,blog-website,chore: update footer year to 2026,merged,2026-01-02T13:53:22Z,2026-01-05T07:09:36Z,Achanandhi-M,https://github.com/keploy/blog-website/pull/250
52,writers-program,chore: update the cla workflow,merged,2026-01-02T13:04:04Z,2026-01-05T07:09:48Z,Achanandhi-M,https://github.com/keploy/writers-program/pull/52
51,writers-program,chore: update footer year to 2026,merged,2026-01-02T11:30:58Z,2026-01-05T07:10:01Z,Achanandhi-M,https://github.com/keploy/writers-program/pull/51
740,docs,chore: update footer year to 2026,merged,2026-01-01T11:06:59Z,2026-01-05T07:10:35Z,Achanandhi-M,https://github.com/keploy/docs/pull/740
245,blog-website,[blogs-website]: Add author and reviewer details in table of content,merged,2026-01-01T09:27:05Z,2026-01-05T18:37:25Z,Srinu346,https://github.com/keploy/blog-website/pull/245
748,docs,feat: remove utg commands,merged,2026-01-06T07:10:15Z,2026-01-06T08:55:49Z,Achanandhi-M,https://github.com/keploy/docs/pull/748
3490,keploy,feat(cli): Remove 'gen' command from CLI,merged,2026-01-06T08:49:00Z,2026-01-06T08:58:27Z,Achanandhi-M,https://github.com/keploy/keploy/pull/3490
231,blog-website,fix: enable dropdowns for Technology and Community in mobile navbar,merged,2025-12-30T12:43:16Z,2026-01-06T22:59:37Z,remo-lab,https://github.com/keploy/blog-website/pull/231
259,blog-website,Fix: load more button at the bottom of blog reading pages,merged,2026-01-06T22:06:01Z,2026-01-06T23:05:09Z,Gagan202005,https://github.com/keploy/blog-website/pull/259
749,docs,feat: deprecate gen command in version 3.0.0 cli,merged,2026-01-07T07:39:16Z,2026-01-07T12:11:06Z,Achanandhi-M,https://github.com/keploy/docs/pull/749
3489,keploy,feat: add support for postgresv2,merged,2026-01-06T07:12:57Z,2026-01-08T11:46:10Z,Sarthak160,https://github.com/keploy/keploy/pull/3489
3496,keploy,fix: dynamic allocation of free port to user app in eBPF binary,merged,2026-01-07T11:00:04Z,2026-01-08T12:28:24Z,kapishupadhyay22,https://github.com/keploy/keploy/pull/3496
253,blog-website,feat: add search bar to More Stories section on blog post pages,merged,2026-01-02T21:30:54Z,2026-01-08T14:32:52Z,bhanreddy1973,https://github.com/keploy/blog-website/pull/253
264,blog-website,fix(ui): align tags container to left for better mobile responsiveness,merged,2026-01-08T17:01:28Z,2026-01-08T19:55:10Z,syedali237,https://github.com/keploy/blog-website/pull/264
3508,keploy,chore: refactored code and addressed comments,merged,2026-01-09T06:42:05Z,2026-01-09T07:14:36Z,anjupathak03,https://github.com/keploy/keploy/pull/3508
3445,keploy,docs: add adopters contribution guidelines and issue,merged,2026-01-01T10:04:06Z,2026-01-09T13:23:42Z,Achanandhi-M,https://github.com/keploy/keploy/pull/3445
752,docs,docs: fix incorrect freezeTime flag in time freezing guide,merged,2026-01-09T15:52:58Z,2026-01-09T15:57:52Z,Preksha0401,https://github.com/keploy/docs/pull/752
192,samples-go,feat: added Dockerfile and docker-compose support,merged,2025-12-22T15:05:29Z,2026-01-12T08:47:30Z,Srinu346,https://github.com/keploy/samples-go/pull/192
3475,keploy,docs: deprecate utgen package and update contribution,merged,2026-01-05T09:10:38Z,2026-01-12T11:43:57Z,Achanandhi-M,https://github.com/keploy/keploy/pull/3475
270,blog-website,"fix : table of content, ad banner and the navbar on blog reading pages",merged,2026-01-12T10:54:52Z,2026-01-12T13:16:02Z,Gagan202005,https://github.com/keploy/blog-website/pull/270
265,blog-website,fix tags alignment and reduce spacing on mobile,merged,2026-01-08T17:23:56Z,2026-01-12T13:36:15Z,Syedowais312,https://github.com/keploy/blog-website/pull/265
3537,keploy,feat: graceful shutdown of agent via api call,merged,2026-01-14T11:12:57Z,2026-01-14T14:20:59Z,anjupathak03,https://github.com/keploy/keploy/pull/3537
3349,keploy,feat: add support for legacy code for mongo and bump mongo-go-driver to v2.x.x,merged,2025-12-07T13:37:29Z,2026-01-15T09:57:57Z,officialasishkumar,https://github.com/keploy/keploy/pull/3349
3524,keploy,feat: add cmdUsed field in keploy report,merged,2026-01-12T16:22:28Z,2026-01-15T10:44:00Z,officialasishkumar,https://github.com/keploy/keploy/pull/3524
3525,keploy,feat: add cmdUsed in test report,merged,2026-01-12T16:26:44Z,2026-01-15T13:18:53Z,officialasishkumar,https://github.com/keploy/keploy/pull/3525
149,samples-go,feat: add input validation and error handling to GetBookByID,merged,2025-06-17T20:03:51Z,2026-01-16T06:11:22Z,vamshi1188,https://github.com/keploy/samples-go/pull/149
3542,keploy,feat: mongo v2 migration,merged,2026-01-15T12:40:26Z,2026-01-16T06:12:19Z,officialasishkumar,https://github.com/keploy/keploy/pull/3542
3291,keploy,feat: support windows natively,merged,2025-11-19T15:47:08Z,2026-01-16T10:23:42Z,ayush3160,https://github.com/keploy/keploy/pull/3291
3554,keploy,fix: expiry duration for mocks during sync mode,merged,2026-01-16T08:46:40Z,2026-01-16T10:46:27Z,kapishupadhyay22,https://github.com/keploy/keploy/pull/3554
3557,keploy,fix: set incomingProxyPort default in constructor,merged,2026-01-16T11:45:07Z,2026-01-16T12:18:54Z,anjupathak03,https://github.com/keploy/keploy/pull/3557
3558,keploy,feat: enabled cgo for the windows amd64 build,merged,2026-01-16T12:29:42Z,2026-01-16T12:59:08Z,ayush3160,https://github.com/keploy/keploy/pull/3558
3559,keploy,ci: release windows exe instead of tar.gz file,merged,2026-01-16T14:02:34Z,2026-01-16T14:02:44Z,slayerjain,https://github.com/keploy/keploy/pull/3559
3560,keploy,ci: remove the double exes in the windows binary,merged,2026-01-16T14:14:35Z,2026-01-16T14:14:52Z,slayerjain,https://github.com/keploy/keploy/pull/3560
3522,keploy,feat: implement delimiter based buffer reader for large mocks,merged,2026-01-12T12:51:47Z,2026-01-17T09:22:40Z,Sarthak160,https://github.com/keploy/keploy/pull/3522
3520,keploy,feat: update contribution guide,merged,2026-01-12T10:44:55Z,2026-01-19T12:02:52Z,Achanandhi-M,https://github.com/keploy/keploy/pull/3520
1,docker-images,changing from alpine to debian base,merged,2026-01-19T13:32:10Z,2026-01-19T13:49:57Z,Yogeshjindal,https://github.com/keploy/docker-images/pull/1
2,docker-images,Support for arm and amd both arch,merged,2026-01-19T14:22:28Z,2026-01-19T14:30:38Z,Yogeshjindal,https://github.com/keploy/docker-images/pull/2
3548,keploy,docs: add adopter story for individual user (Haruki Sugiyama),merged,2026-01-15T22:31:20Z,2026-01-20T07:05:01Z,GitEngHar,https://github.com/keploy/keploy/pull/3548
3574,keploy,fix(mysql): treat query structure match as score-based instead of exact,merged,2026-01-19T12:25:26Z,2026-01-20T10:38:21Z,gouravkrosx,https://github.com/keploy/keploy/pull/3574
3573,keploy,fix(mysql): treat query structure match as score-based instead of exact,merged,2026-01-19T12:01:56Z,2026-01-20T10:57:50Z,gouravkrosx,https://github.com/keploy/keploy/pull/3573
753,docs,feat: update docs for the windows native support,merged,2026-01-16T11:04:38Z,2026-01-20T12:12:20Z,amaan-bhati,https://github.com/keploy/docs/pull/753
755,docs,fix(docs): add Algolia DocSearch dependencies,merged,2026-01-20T12:31:18Z,2026-01-20T14:22:06Z,Achanandhi-M,https://github.com/keploy/docs/pull/755
3598,keploy,feat: improve helpful message for no test found,merged,2026-01-21T17:05:36Z,2026-01-21T18:02:21Z,slayerjain,https://github.com/keploy/keploy/pull/3598
3601,keploy,fix: set correct ALPN for HTTP/2 traffic in handleConnection,merged,2026-01-22T08:20:45Z,2026-01-22T08:47:43Z,AkashKumar7902,https://github.com/keploy/keploy/pull/3601
3602,keploy,feat: use proto include for finding proto files,merged,2026-01-22T08:34:22Z,2026-01-22T09:46:06Z,officialasishkumar,https://github.com/keploy/keploy/pull/3602
3604,keploy,feat[sync]: use proto include for finding proto files,merged,2026-01-22T09:43:58Z,2026-01-22T09:53:37Z,officialasishkumar,https://github.com/keploy/keploy/pull/3604
3607,keploy,"fix: set ALPN to h2,http/1.1 for gRPC",merged,2026-01-22T12:29:36Z,2026-01-22T12:54:11Z,AkashKumar7902,https://github.com/keploy/keploy/pull/3607
3596,keploy,feat: handling TLS in docker with shared volume and envs,merged,2026-01-21T12:27:11Z,2026-01-22T15:09:57Z,kapishupadhyay22,https://github.com/keploy/keploy/pull/3596
3612,keploy,fix: move reqTimestamp initialization after ReadRequest in incoming proxy,merged,2026-01-22T14:46:27Z,2026-01-22T16:00:13Z,Sarthak160,https://github.com/keploy/keploy/pull/3612
3609,keploy,fix: handle Docker Compose exit timing and enhance logging,merged,2026-01-22T13:26:01Z,2026-01-23T06:41:48Z,gouravkrosx,https://github.com/keploy/keploy/pull/3609
3618,keploy,feat: after setuphook for agent,merged,2026-01-23T04:37:43Z,2026-01-23T10:20:42Z,kapishupadhyay22,https://github.com/keploy/keploy/pull/3618
3625,keploy,fix: forcefully killing application docker container,merged,2026-01-23T10:05:15Z,2026-01-23T12:18:13Z,kapishupadhyay22,https://github.com/keploy/keploy/pull/3625
3627,keploy,fix: increase time for agent health,merged,2026-01-23T12:15:30Z,2026-01-23T12:49:23Z,officialasishkumar,https://github.com/keploy/keploy/pull/3627
3630,keploy,fix: race condition while stopping docker based app,merged,2026-01-23T14:25:11Z,2026-01-23T16:32:46Z,slayerjain,https://github.com/keploy/keploy/pull/3630
3593,keploy,fix(replay): Increase agent context timeout to 120s,merged,2026-01-21T11:33:40Z,2026-01-24T06:32:52Z,AuraReaper,https://github.com/keploy/keploy/pull/3593
3648,keploy,fix: add retry to agent ready check for orchastration environment,merged,2026-01-26T08:26:38Z,2026-01-26T10:10:50Z,AkashKumar7902,https://github.com/keploy/keploy/pull/3648
3647,keploy,chore: remove unused Option struct from proxy package,merged,2026-01-26T07:26:39Z,2026-01-26T10:36:42Z,samarthsinh2660,https://github.com/keploy/keploy/pull/3647
3590,keploy,fix: enable unfiltered mocks for postgres-v2 and fix existing issues and performance,merged,2026-01-21T09:04:10Z,2026-01-26T13:21:31Z,slayerjain,https://github.com/keploy/keploy/pull/3590
295,blog-website,Fix : Update with the correct X link,merged,2026-01-23T15:16:47Z,2026-01-26T19:06:37Z,DARSHAN-R-DARSHAN,https://github.com/keploy/blog-website/pull/295
287,blog-website,feat: added new redirection blog,merged,2026-01-22T07:24:47Z,2026-01-26T19:14:59Z,Achanandhi-M,https://github.com/keploy/blog-website/pull/287
278,blog-website,fix(blog) : #3564 Copyright year hardcoded,merged,2026-01-17T05:45:11Z,2026-01-27T06:59:22Z,Surajiitmjnu,https://github.com/keploy/blog-website/pull/278
3659,keploy,fix: prevent marking releases as latest automatically for manual control,merged,2026-01-27T09:47:54Z,2026-01-27T09:50:30Z,gouravkrosx,https://github.com/keploy/keploy/pull/3659
3661,keploy,fix: update GoReleaser version and args for release process,merged,2026-01-27T10:22:48Z,2026-01-27T10:23:47Z,gouravkrosx,https://github.com/keploy/keploy/pull/3661
3660,keploy,fix: killing user app container after grace period,merged,2026-01-27T09:58:16Z,2026-01-27T10:32:18Z,kapishupadhyay22,https://github.com/keploy/keploy/pull/3660
3662,keploy,"Revert ""fix: update GoReleaser version and args for release process""",merged,2026-01-27T10:39:56Z,2026-01-27T10:42:31Z,gouravkrosx,https://github.com/keploy/keploy/pull/3662
3663,keploy,ci: avoid marking v2 as latest,merged,2026-01-27T11:41:54Z,2026-01-27T11:42:37Z,gouravkrosx,https://github.com/keploy/keploy/pull/3663
91,gsoc,Add 2026 participant guide,merged,2026-01-22T16:34:24Z,2026-01-27T11:42:37Z,Achanandhi-M,https://github.com/keploy/gsoc/pull/91
305,blog-website,feat: update lightscore workflows,merged,2026-01-27T09:59:51Z,2026-01-27T17:26:59Z,Achanandhi-M,https://github.com/keploy/blog-website/pull/305
761,docs,Fix: Remove Extra Footer Spacing (Dark Mode Inconsistency),merged,2026-01-27T10:06:29Z,2026-01-27T17:39:11Z,Gagan202005,https://github.com/keploy/docs/pull/761
3658,keploy,ci: fixed flaky pipelines,merged,2026-01-27T09:17:37Z,2026-01-28T08:51:22Z,kapishupadhyay22,https://github.com/keploy/keploy/pull/3658
769,docs,chore: add guidelines for adding new quickstarts,merged,2026-01-28T11:01:04Z,2026-01-29T04:37:33Z,Achanandhi-M,https://github.com/keploy/docs/pull/769
3,docker-images,Enhance Dockerfile with CI tools and MinIO client,merged,2026-01-29T07:08:02Z,2026-01-29T07:25:24Z,Yogeshjindal,https://github.com/keploy/docker-images/pull/3
771,docs,feat: add apollo script and fix markdown hook error,merged,2026-01-29T07:53:39Z,2026-01-29T09:51:23Z,amaan-bhati,https://github.com/keploy/docs/pull/771
3623,keploy,proxy: conditionally set nextprotos depending on protocol http/grpc,merged,2026-01-23T09:25:03Z,2026-01-29T11:55:12Z,AkashKumar7902,https://github.com/keploy/keploy/pull/3623
3677,keploy,feat: auto re-exec with sudo for Docker commands,merged,2026-01-29T13:27:23Z,2026-01-29T14:26:16Z,gouravkrosx,https://github.com/keploy/keploy/pull/3677
307,blog-website,Fix Lighthouse PR comment ordering using workflow_run,merged,2026-01-28T06:52:13Z,2026-01-29T18:23:23Z,Achanandhi-M,https://github.com/keploy/blog-website/pull/307
3683,keploy,fix: use localhost by default as host in test mode,merged,2026-01-30T13:26:20Z,2026-01-30T13:57:06Z,officialasishkumar,https://github.com/keploy/keploy/pull/3683
778,docs,feat: Add documentation for Keploy Kubernetes local setup using Kind …,merged,2026-02-01T13:38:15Z,2026-02-01T13:50:12Z,slayerjain,https://github.com/keploy/docs/pull/778
3680,keploy,feat: capture app port and use it in test mode,merged,2026-01-30T09:21:25Z,2026-02-02T08:31:51Z,officialasishkumar,https://github.com/keploy/keploy/pull/3680
3693,keploy,chore: updated ebpf binaries,merged,2026-02-01T12:38:00Z,2026-02-02T12:23:37Z,kapishupadhyay22,https://github.com/keploy/keploy/pull/3693
3664,keploy,MySQL Handshake and Packet Parsing Improvements,merged,2026-01-27T12:12:57Z,2026-02-02T12:47:17Z,anjupathak03,https://github.com/keploy/keploy/pull/3664
3707,keploy,fix: suppress noisy connection reset errors in proxy during graceful app shutdown,merged,2026-02-03T08:06:32Z,2026-02-04T08:31:03Z,anjupathak03,https://github.com/keploy/keploy/pull/3707
781,docs,fix(docs-ui): improve responsive layout for prev/next navigation cards,merged,2026-02-04T08:00:03Z,2026-02-04T08:53:27Z,kams05-ops,https://github.com/keploy/docs/pull/781
92,gsoc,docs: update GSoC year and timeline details for 2026 in README,merged,2026-02-02T12:53:53Z,2026-02-04T08:54:48Z,adity1raut,https://github.com/keploy/gsoc/pull/92
3674,keploy,fix: disable-ansi flag for agent command,merged,2026-01-29T05:25:40Z,2026-02-04T11:41:32Z,kapishupadhyay22,https://github.com/keploy/keploy/pull/3674
3717,keploy,fix: error failed to fetch session rule,merged,2026-02-04T10:56:29Z,2026-02-04T12:43:31Z,gouravkrosx,https://github.com/keploy/keploy/pull/3717
3695,keploy,feat: add support to optimize postgres parser to improve the execution speed of replay,merged,2026-02-02T09:47:49Z,2026-02-04T16:03:42Z,Sarthak160,https://github.com/keploy/keploy/pull/3695
783,docs,feat: add atg auth docs,merged,2026-02-05T08:38:47Z,2026-02-05T09:14:53Z,charankamarapu,https://github.com/keploy/docs/pull/783
3721,keploy,fix: fix windows pipelines,merged,2026-02-05T06:50:44Z,2026-02-05T13:29:51Z,Sarthak160,https://github.com/keploy/keploy/pull/3721
3728,keploy,feat: derive application port in windows and save in test case,merged,2026-02-06T05:40:56Z,2026-02-06T11:27:51Z,officialasishkumar,https://github.com/keploy/keploy/pull/3728
3732,keploy,chore: skip non-json comparison and tests capture over 5MB,merged,2026-02-06T10:22:33Z,2026-02-06T13:05:23Z,gouravkrosx,https://github.com/keploy/keploy/pull/3732
3733,keploy,fix: update global sort counter with maximum mock sort order,merged,2026-02-06T11:00:52Z,2026-02-06T14:03:05Z,Sarthak160,https://github.com/keploy/keploy/pull/3733
3731,keploy,feat: Allow HTTP/2 for CONNECT requests in proxy ALPN negotiation and…,merged,2026-02-06T10:04:42Z,2026-02-07T08:26:30Z,Sarthak160,https://github.com/keploy/keploy/pull/3731
3736,keploy,fix: correct size validation for test capture to account for gzip decompression,merged,2026-02-07T08:01:50Z,2026-02-07T08:32:58Z,gouravkrosx,https://github.com/keploy/keploy/pull/3736
96,gsoc,Update README.md,merged,2026-02-07T11:38:11Z,2026-02-07T11:38:22Z,nehagup,https://github.com/keploy/gsoc/pull/96
3715,keploy,feat: test-mock mapping for record mode,merged,2026-02-04T05:58:40Z,2026-02-09T11:53:17Z,kapishupadhyay22,https://github.com/keploy/keploy/pull/3715
3735,keploy,feat: add support to handle the mtls connection,merged,2026-02-06T12:16:33Z,2026-02-10T07:48:31Z,ayush3160,https://github.com/keploy/keploy/pull/3735
3729,keploy,feat: add support for dns mocking,merged,2026-02-06T08:20:37Z,2026-02-10T10:19:34Z,AkashKumar7902,https://github.com/keploy/keploy/pull/3729
4,docker-images,feat: add clang-14 installation from Debian Bookworm,merged,2026-02-10T11:15:44Z,2026-02-10T11:15:57Z,slayerjain,https://github.com/keploy/docker-images/pull/4
91,samples-typescript,feat: sample application for node docker jwt,merged,2026-02-10T11:43:06Z,2026-02-10T11:44:13Z,kapishupadhyay22,https://github.com/keploy/samples-typescript/pull/91
200,samples-go,feat: docker go application having short jwt expiry,merged,2026-02-10T12:17:45Z,2026-02-10T12:35:58Z,kapishupadhyay22,https://github.com/keploy/samples-go/pull/200
3759,keploy,fix: changed AAAA fallback to return empty instead of synthetic loopback/proxy IPv6,merged,2026-02-10T12:49:31Z,2026-02-10T13:15:41Z,AkashKumar7902,https://github.com/keploy/keploy/pull/3759
3761,keploy,feat: improve domain name extraction,merged,2026-02-10T15:41:39Z,2026-02-10T16:46:53Z,slayerjain,https://github.com/keploy/keploy/pull/3761
3762,keploy,fix: handle large size of chunked request in http parser,merged,2026-02-10T17:01:22Z,2026-02-10T17:46:18Z,ayush3160,https://github.com/keploy/keploy/pull/3762
96,samples-python,feat: Keploy schema-match sample app,merged,2026-02-10T13:10:47Z,2026-02-10T18:02:26Z,pathakharshit,https://github.com/keploy/samples-python/pull/96
97,samples-python,feat: python jwt api with early token expiry,merged,2026-02-11T04:49:10Z,2026-02-11T04:57:44Z,kapishupadhyay22,https://github.com/keploy/samples-python/pull/97
5,docker-images,chore: add mingw and gcc for windows,merged,2026-02-11T06:11:42Z,2026-02-11T08:45:31Z,Sarthak160,https://github.com/keploy/docker-images/pull/5
6,docker-images,chore: add npm,merged,2026-02-11T09:33:55Z,2026-02-11T09:36:13Z,Sarthak160,https://github.com/keploy/docker-images/pull/6
99,samples-python,feat: Keploy schema-match sample app,merged,2026-02-11T11:35:23Z,2026-02-11T13:21:37Z,pathakharshit,https://github.com/keploy/samples-python/pull/99
7,docker-images,chore: update Dockerfile to include awscli and Go-based CI tools,merged,2026-02-11T13:10:45Z,2026-02-11T15:02:24Z,officialasishkumar,https://github.com/keploy/docker-images/pull/7
3760,keploy,feat: detect http2 packet type to forward to generic parser,merged,2026-02-10T13:17:13Z,2026-02-11T16:14:46Z,Sarthak160,https://github.com/keploy/keploy/pull/3760
3765,keploy,refactor: remove caching and related methods from mock management,merged,2026-02-11T09:49:37Z,2026-02-11T17:42:17Z,officialasishkumar,https://github.com/keploy/keploy/pull/3765
3767,keploy,feat: add types for http2 parser,merged,2026-02-11T17:02:31Z,2026-02-11T18:07:25Z,slayerjain,https://github.com/keploy/keploy/pull/3767
201,samples-go,fix: linter in echo-sql and book-inventory app,merged,2026-02-10T13:34:39Z,2026-02-12T04:45:08Z,SaketV8,https://github.com/keploy/samples-go/pull/201
3768,keploy,chore: improve the stability of background jobs,merged,2026-02-11T20:01:49Z,2026-02-12T05:09:00Z,slayerjain,https://github.com/keploy/keploy/pull/3768
8,docker-images,feat: add slim images based on the pipeline base requirements,merged,2026-02-12T08:03:14Z,2026-02-12T08:08:38Z,slayerjain,https://github.com/keploy/docker-images/pull/8
3770,keploy,chore: increase agent health check timeout,merged,2026-02-12T10:11:00Z,2026-02-12T10:45:22Z,kapishupadhyay22,https://github.com/keploy/keploy/pull/3770
92,samples-typescript,chore: reduced jwt expiry to 10 seconds,merged,2026-02-12T11:58:00Z,2026-02-12T11:59:31Z,kapishupadhyay22,https://github.com/keploy/samples-typescript/pull/92
312,blog-website,Replace Twitter icon with X icon,merged,2026-02-01T19:01:30Z,2026-02-12T12:11:14Z,DARSHAN-R-DARSHAN,https://github.com/keploy/blog-website/pull/312
203,samples-go,chore: reduced jwt expiry to 10 seconds,merged,2026-02-12T12:09:25Z,2026-02-12T12:17:45Z,kapishupadhyay22,https://github.com/keploy/samples-go/pull/203
786,docs,fix: correct OSS Quickstart button redirect URL,merged,2026-02-11T14:46:57Z,2026-02-12T12:47:33Z,PuneetKumar1790,https://github.com/keploy/docs/pull/786
3746,keploy,feat: add schema-match flag for schema-based response validation,merged,2026-02-09T13:58:20Z,2026-02-12T13:01:22Z,pathakharshit,https://github.com/keploy/keploy/pull/3746
3769,keploy,fix:  add retries instead of infinite dns loop and improve logs,merged,2026-02-12T09:17:02Z,2026-02-12T15:00:33Z,Sarthak160,https://github.com/keploy/keploy/pull/3769
9,docker-images,fix: ensure jq is installed in the Dockerfile for golangci-lint,merged,2026-02-12T18:45:18Z,2026-02-12T18:47:33Z,slayerjain,https://github.com/keploy/docker-images/pull/9
3778,keploy,feat: Update override config file lookup to current working directory,merged,2026-02-13T09:25:25Z,2026-02-13T09:45:00Z,officialasishkumar,https://github.com/keploy/keploy/pull/3778
787,docs,fixed sponsership link and added calender invite,merged,2026-02-12T13:20:17Z,2026-02-13T11:14:32Z,kirti763,https://github.com/keploy/docs/pull/787
3779,keploy,fix: propagate schema-match flag in test command,merged,2026-02-13T09:57:06Z,2026-02-13T12:05:06Z,pathakharshit,https://github.com/keploy/keploy/pull/3779
3780,keploy,feat: add http2 type for the unfiltered mocks,merged,2026-02-13T11:29:49Z,2026-02-13T20:49:55Z,Sarthak160,https://github.com/keploy/keploy/pull/3780
3756,keploy,feat: don't fail in case when mock set mismatch happens in replay of a testcase,merged,2026-02-10T08:16:43Z,2026-02-16T06:06:51Z,AkashKumar7902,https://github.com/keploy/keploy/pull/3756
3772,keploy,feat: updated the privilage with specific permisions,merged,2026-02-12T12:56:21Z,2026-02-17T06:41:48Z,pathakharshit,https://github.com/keploy/keploy/pull/3772
204,samples-go,feat: add http-sse and simple grpc application,merged,2026-02-17T08:28:50Z,2026-02-17T09:27:09Z,officialasishkumar,https://github.com/keploy/samples-go/pull/204
3711,keploy,feat: add support for the multipart request for replay,merged,2026-02-03T12:57:24Z,2026-02-17T10:02:22Z,ayush3160,https://github.com/keploy/keploy/pull/3711
3801,keploy,Db port extend old,merged,2026-02-17T19:36:02Z,2026-02-17T19:37:34Z,harshitashankar,https://github.com/keploy/keploy/pull/3801
3802,keploy,resolve conflict,merged,2026-02-17T19:49:15Z,2026-02-17T19:49:57Z,harshitashankar,https://github.com/keploy/keploy/pull/3802
3803,keploy,dummy,merged,2026-02-17T20:22:03Z,2026-02-17T20:22:16Z,harshitashankar,https://github.com/keploy/keploy/pull/3803
793,docs,docs: fix typescript spelling typo in onboarding samples path,merged,2026-02-17T10:48:08Z,2026-02-18T07:55:00Z,PrathamSikka24,https://github.com/keploy/docs/pull/793
3806,keploy,fix integ branch,merged,2026-02-18T08:38:01Z,2026-02-18T08:38:26Z,harshitashankar,https://github.com/keploy/keploy/pull/3806
3794,keploy,feat: change priority order of port,merged,2026-02-16T10:42:01Z,2026-02-18T11:31:34Z,officialasishkumar,https://github.com/keploy/keploy/pull/3794
205,samples-go,fix: update url of sse testcase,merged,2026-02-18T08:04:31Z,2026-02-20T12:09:32Z,officialasishkumar,https://github.com/keploy/samples-go/pull/205
3814,keploy,fix: host OS permission for tracepoints,merged,2026-02-20T06:56:39Z,2026-02-20T12:11:30Z,kapishupadhyay22,https://github.com/keploy/keploy/pull/3814
3828,keploy,feat: add new flag to update mapping in test mode,merged,2026-02-22T17:08:06Z,2026-02-23T09:58:33Z,ayush3160,https://github.com/keploy/keploy/pull/3828
3808,keploy,fix: don't send synthetic dns response back,merged,2026-02-18T13:32:53Z,2026-02-24T05:40:08Z,AkashKumar7902,https://github.com/keploy/keploy/pull/3808
206,samples-go,feat: add sse redis app,merged,2026-02-24T06:51:22Z,2026-02-24T07:11:08Z,officialasishkumar,https://github.com/keploy/samples-go/pull/206
207,samples-go,fix: add noise,merged,2026-02-24T08:43:12Z,2026-02-24T09:15:59Z,officialasishkumar,https://github.com/keploy/samples-go/pull/207
330,blog-website,fix: broken testimonial avatars + marquee UX improvements,merged,2026-02-23T10:38:35Z,2026-02-24T11:58:39Z,dhananjay6561,https://github.com/keploy/blog-website/pull/330
3860,keploy,Mysql 4000,merged,2026-02-25T12:37:28Z,2026-02-25T12:55:40Z,harshitashankar,https://github.com/keploy/keploy/pull/3860
790,docs,New sections to docs,merged,2026-02-13T09:22:17Z,2026-02-27T12:13:09Z,TvisharajiK,https://github.com/keploy/docs/pull/790
3870,keploy,fix: call AfterTestRun before agent stops in Docker Compose mode,merged,2026-02-26T19:57:05Z,2026-02-27T16:54:16Z,pathakharshit,https://github.com/keploy/keploy/pull/3870
3884,keploy,chore: add kafka type in oss,merged,2026-02-27T18:56:16Z,2026-02-28T08:33:02Z,Sarthak160,https://github.com/keploy/keploy/pull/3884
208,samples-go,fix: add noise,merged,2026-02-24T14:10:14Z,2026-03-02T07:07:50Z,officialasishkumar,https://github.com/keploy/samples-go/pull/208
3896,keploy,feat: filter all pids that are running before keploy,merged,2026-03-02T21:01:25Z,2026-03-03T09:47:01Z,charankamarapu,https://github.com/keploy/keploy/pull/3896
3875,keploy,fix: mark test case obselete if expectedMocks are not subset of actualMocks,merged,2026-02-27T08:42:59Z,2026-03-05T11:40:38Z,ayush3160,https://github.com/keploy/keploy/pull/3875
3899,keploy,feat: add include filters to record only specific request,merged,2026-03-05T12:16:10Z,2026-03-05T15:07:52Z,ayush3160,https://github.com/keploy/keploy/pull/3899
338,blog-website,feat: revamp blog reading page ui and reading experience,merged,2026-03-02T17:01:13Z,2026-03-09T10:18:42Z,dhananjay6561,https://github.com/keploy/blog-website/pull/338
3905,keploy,chore: using default mock manager,merged,2026-03-11T05:20:28Z,2026-03-11T08:40:52Z,kapishupadhyay22,https://github.com/keploy/keploy/pull/3905
12,docker-images,chore: update GO_VERSION to 1.26 in keploy-ci Dockerfile,merged,2026-03-11T11:13:49Z,2026-03-11T11:16:53Z,charankamarapu,https://github.com/keploy/docker-images/pull/12
13,docker-images,chore: update GO_VERSION to 1.26.0 in Dockerfile,merged,2026-03-11T11:31:40Z,2026-03-11T11:38:28Z,charankamarapu,https://github.com/keploy/docker-images/pull/13
14,docker-images,chore: update go version,merged,2026-03-11T12:30:41Z,2026-03-11T12:37:40Z,charankamarapu,https://github.com/keploy/docker-images/pull/14
3911,keploy,fix: unique mock recording logic,merged,2026-03-11T09:48:14Z,2026-03-12T08:08:46Z,Yogeshjindal,https://github.com/keploy/keploy/pull/3911
3919,keploy,feat: iterative test mode if test cases fail,merged,2026-03-12T13:37:29Z,2026-03-13T07:15:01Z,kapishupadhyay22,https://github.com/keploy/keploy/pull/3919
3914,keploy,fix: pkg/client/app silent errors,merged,2026-03-11T22:06:33Z,2026-03-13T08:11:34Z,alrs,https://github.com/keploy/keploy/pull/3914
3718,keploy,fix: recording in v3 in case of gRPC,merged,2026-02-04T12:18:37Z,2026-03-13T09:07:17Z,officialasishkumar,https://github.com/keploy/keploy/pull/3718
209,samples-go,feat: add sample app for http postgres,merged,2026-03-11T13:35:24Z,2026-03-13T05:35:00Z,AkashKumar7902,https://github.com/keploy/samples-go/pull/209
3920,keploy,refactor(replay): remove global replay hook state and return isolated configs,merged,2026-03-13T08:48:58Z,2026-03-13T15:20:56Z,ayush3160,https://github.com/keploy/keploy/pull/3920
3895,keploy,refactor: remove obsolete zero-key map pattern in proxy sessions and MockManagers,merged,2026-03-02T14:12:57Z,2026-03-13T14:32:19Z,HemantSudarshan,https://github.com/keploy/keploy/pull/3895
800,docs,feat: add recording filters doc,merged,2026-03-11T15:48:24Z,2026-03-13T14:56:24Z,amaan-bhati,https://github.com/keploy/docs/pull/800
796,docs,docs: add proprietary CLI installation flow and update installation page,merged,2026-02-27T14:17:58Z,2026-03-13T12:59:50Z,kirti763,https://github.com/keploy/docs/pull/796
3925,keploy,chore: update to go 1.26 and fix vitess build,merged,2026-03-13T15:32:25Z,2026-03-14T10:34:29Z,slayerjain,https://github.com/keploy/keploy/pull/3925
3924,keploy,feat: sampling of async requests while recording,merged,2026-03-13T14:13:55Z,2026-03-14T08:30:19Z,kapishupadhyay22,https://github.com/keploy/keploy/pull/3924
13,ecommerce_sample_app,Fix: startup path for Go order service,merged,2026-03-14T11:55:26Z,2026-03-14T12:06:28Z,officialasishkumar,https://github.com/keploy/ecommerce_sample_app/pull/13
3910,keploy,feat :replay/mapping models for mock metadata and iterative tests,merged,2026-03-11T09:29:47Z,2026-03-15T12:54:43Z,AuraReaper,https://github.com/keploy/keploy/pull/3910
3933,keploy,ci: speed up release and Docker publish workflows,merged,2026-03-16T11:54:55Z,2026-03-16T12:20:59Z,AkashKumar7902,https://github.com/keploy/keploy/pull/3933
3935,keploy,feat: skip rcode!=0 DNS mocks from recording,merged,2026-03-17T09:21:30Z,2026-03-17T12:32:38Z,Yogeshjindal,https://github.com/keploy/keploy/pull/3935
801,docs,docs: update Recording Filters tag to Enterprise,merged,2026-03-17T16:42:48Z,2026-03-17T16:44:20Z,PrathamSikka24,https://github.com/keploy/docs/pull/801
3943,keploy,feat: add hook to get the noisy test case names,merged,2026-03-19T12:51:36Z,2026-03-19T13:24:03Z,ayush3160,https://github.com/keploy/keploy/pull/3943
3942,keploy,feat: add mutex for recording and replaying on the same mock file,merged,2026-03-19T10:38:42Z,2026-03-19T12:17:11Z,ayush3160,https://github.com/keploy/keploy/pull/3942
3941,keploy,fix: ignoring mock deletion of mapped mocks which have not ran,merged,2026-03-19T10:37:29Z,2026-03-19T13:31:59Z,kapishupadhyay22,https://github.com/keploy/keploy/pull/3941
3939,keploy,chore: refine macOS sudo re-exec handling and command extraction,merged,2026-03-19T08:50:21Z,2026-03-19T10:26:54Z,officialasishkumar,https://github.com/keploy/keploy/pull/3939
3903,keploy,update: ebpf binary obfuscation,merged,2026-03-10T08:44:40Z,2026-03-19T11:46:09Z,kapishupadhyay22,https://github.com/keploy/keploy/pull/3903
348,blog-website,revamp: revamped the blog authors page,merged,2026-03-17T11:39:32Z,2026-03-19T10:00:56Z,dhananjay6561,https://github.com/keploy/blog-website/pull/348
3950,keploy,ci: add E2E tests for DNS dedup and MySQL dual-conn handshake,merged,2026-03-20T15:45:11Z,2026-03-20T18:02:46Z,slayerjain,https://github.com/keploy/keploy/pull/3950
3949,keploy,fix: improve HTTP mock matching and deduplicate DNS mocks,merged,2026-03-20T12:09:04Z,2026-03-20T14:43:55Z,slayerjain,https://github.com/keploy/keploy/pull/3949
3947,keploy,fix: use destination address for MySQL initial handshake mock selection,merged,2026-03-20T09:39:12Z,2026-03-20T09:56:32Z,slayerjain,https://github.com/keploy/keploy/pull/3947
3944,keploy,feat(mock): persist request and response timestamps in mappings,merged,2026-03-19T18:11:49Z,2026-03-20T09:04:05Z,AuraReaper,https://github.com/keploy/keploy/pull/3944
3932,keploy,fix(agent): close response bodies in MockOutgoing and UpdateMockParams,merged,2026-03-15T03:17:42Z,2026-03-20T09:18:22Z,furkankoykiran,https://github.com/keploy/keploy/pull/3932
3927,keploy,fix(utils): use-after-close in isGoBinary function,merged,2026-03-14T23:59:29Z,2026-03-20T11:57:55Z,furkankoykiran,https://github.com/keploy/keploy/pull/3927
3894,keploy,refactor: use min/max instead of if/else,merged,2026-03-01T21:30:29Z,2026-03-20T11:57:30Z,deining,https://github.com/keploy/keploy/pull/3894
210,samples-go,feat: add dns-dedup E2E sample app,merged,2026-03-20T15:50:00Z,2026-03-20T15:51:06Z,slayerjain,https://github.com/keploy/samples-go/pull/210
122,samples-java,feat: add mysql-dual-conn E2E sample app,merged,2026-03-20T15:50:04Z,2026-03-20T15:51:09Z,slayerjain,https://github.com/keploy/samples-java/pull/122
3953,keploy,fix: ensure latest release resolves only after binaries and Docker image are ready,merged,2026-03-21T14:46:02Z,2026-03-21T15:51:10Z,slayerjain,https://github.com/keploy/keploy/pull/3953
3951,keploy,feat: deprecate FallBackOnMiss and add mock mismatch diff reporting,merged,2026-03-20T18:01:10Z,2026-03-21T13:35:07Z,slayerjain,https://github.com/keploy/keploy/pull/3951
803,docs,"Revert ""docs: add proprietary CLI installation flow and update instal…",merged,2026-03-21T09:05:35Z,2026-03-21T09:15:55Z,PrathamSikka24,https://github.com/keploy/docs/pull/803
3960,keploy,fix: replace hardcoded GitHub SSH host keys with dynamic fetch in release pipeline,merged,2026-03-22T16:28:35Z,2026-03-22T16:28:57Z,slayerjain,https://github.com/keploy/keploy/pull/3960
3959,keploy,fix: add --platform linux/arm64 to macOS Docker build and run,merged,2026-03-22T11:24:26Z,2026-03-22T13:52:47Z,slayerjain,https://github.com/keploy/keploy/pull/3959
3957,keploy,fix: narrow pkill pattern to avoid killing Docker Desktop on macOS CI,merged,2026-03-22T10:53:44Z,2026-03-22T10:53:56Z,slayerjain,https://github.com/keploy/keploy/pull/3957
3956,keploy,feat(replay): introduce BeforeTestSetReplay hook in replayer,merged,2026-03-22T09:23:14Z,2026-03-22T15:20:56Z,AkashKumar7902,https://github.com/keploy/keploy/pull/3956
3955,keploy,feat(report): add JUnit XML output format,merged,2026-03-22T04:42:54Z,2026-03-22T18:06:54Z,mvanhorn,https://github.com/keploy/keploy/pull/3955
3954,keploy,"fix: repair release pipeline, self-hosted runner cleanup, and add CI gates",merged,2026-03-22T03:48:24Z,2026-03-22T10:41:58Z,slayerjain,https://github.com/keploy/keploy/pull/3954
3938,keploy,feat: Implement TLS handling at proxy level instead of parser level,merged,2026-03-17T13:29:25Z,2026-03-22T21:41:49Z,Sarthak160,https://github.com/keploy/keploy/pull/3938
3963,keploy,feat: enhance normalization process with last updated tracking,merged,2026-03-23T11:00:16Z,2026-03-23T11:07:32Z,officialasishkumar,https://github.com/keploy/keploy/pull/3963
3936,keploy,feat: add last updated metadata and fix validation in normalize command,merged,2026-03-17T11:48:39Z,2026-03-23T12:00:33Z,officialasishkumar,https://github.com/keploy/keploy/pull/3936
805,docs,feat: Update CLI and configuration documentation for new flags and parameters,merged,2026-03-23T12:46:21Z,2026-03-23T13:12:13Z,officialasishkumar,https://github.com/keploy/docs/pull/805
3937,keploy,chore: Optimizing replay By Maps Lookup for DNS mocks,merged,2026-03-17T13:06:16Z,2026-03-24T13:32:03Z,Yogeshjindal,https://github.com/keploy/keploy/pull/3937
3858,keploy,chore: add performance testing pipeline,merged,2026-02-25T09:27:56Z,2026-03-25T12:09:32Z,Yogeshjindal,https://github.com/keploy/keploy/pull/3858
802,docs,Revamp documentation page for improved readability and visuals,merged,2026-03-20T14:27:28Z,2026-03-25T09:09:10Z,dhananjay6561,https://github.com/keploy/docs/pull/802
328,blog-website,feat: setup Playwright e2e testing infrastructure,merged,2026-02-19T18:11:14Z,2026-03-25T09:59:30Z,DSingh0304,https://github.com/keploy/blog-website/pull/328
212,samples-go,"feat: add test sets for SSE port, protocol config, and port mapping",merged,2026-03-26T13:16:57Z,2026-03-26T13:24:52Z,officialasishkumar,https://github.com/keploy/samples-go/pull/212
350,blog-website,Add interactive sidebar ad banner with fallback,merged,2026-03-23T12:02:27Z,2026-03-26T14:21:20Z,dhananjay6561,https://github.com/keploy/blog-website/pull/350
3976,keploy,fix: ignore dns in mock mismatch,merged,2026-03-26T19:12:15Z,2026-03-27T09:53:50Z,gouravkrosx,https://github.com/keploy/keploy/pull/3976
808,docs,Fix/analytics review comments,merged,2026-03-27T10:19:39Z,2026-03-27T12:01:32Z,dhananjay6561,https://github.com/keploy/docs/pull/808
807,docs,fix: update analytics script configuration,merged,2026-03-26T13:04:00Z,2026-03-27T10:45:37Z,slayerjain,https://github.com/keploy/docs/pull/807
352,blog-website,Fix/resolve pr 351 review comments,merged,2026-03-27T09:35:45Z,2026-03-27T12:00:49Z,dhananjay6561,https://github.com/keploy/blog-website/pull/352
351,blog-website,fix: update analytics and CSP configuration,merged,2026-03-26T13:04:03Z,2026-03-27T11:58:16Z,slayerjain,https://github.com/keploy/blog-website/pull/351
809,docs,docs: add Public REST API guide (/client/v1),merged,2026-03-27T12:21:35Z,2026-03-28T19:40:45Z,slayerjain,https://github.com/keploy/docs/pull/809
813,docs,"docs: fix agent test generation page — Antigravity, API Testing section, optional schema",merged,2026-03-29T18:16:09Z,2026-03-30T03:42:30Z,nehagup,https://github.com/keploy/docs/pull/813
812,docs,fix: correct version to 3.0.0 and add API Reference sidebar section,merged,2026-03-29T13:05:21Z,2026-03-29T16:42:48Z,nehagup,https://github.com/keploy/docs/pull/812
811,docs,docs: add agent-based test generation guide (keploy-runner CLI),merged,2026-03-29T10:54:38Z,2026-03-29T13:48:59Z,nehagup,https://github.com/keploy/docs/pull/811
3989,keploy,Fix: use named debugfs volume and non-fatal rlimit for Docker on Wind…,merged,2026-03-29T10:03:50Z,2026-03-30T11:02:40Z,pathakharshit,https://github.com/keploy/keploy/pull/3989
3991,keploy,"Revert ""Fix: use named debugfs volume and non-fatal rlimit for Docker on Wind…""",merged,2026-03-31T06:23:17Z,2026-03-31T06:23:31Z,slayerjain,https://github.com/keploy/keploy/pull/3991
3987,keploy,feat: auto-pass additive HTTP response schema changes during replay,merged,2026-03-27T16:49:39Z,2026-03-31T13:27:48Z,AuraReaper,https://github.com/keploy/keploy/pull/3987
3969,keploy,fix(replay): improve startup failure reporting and app log capture,merged,2026-03-25T15:37:31Z,2026-03-31T14:05:38Z,AuraReaper,https://github.com/keploy/keploy/pull/3969
3964,keploy,Fix Replay Flow After Application Startup Failure,merged,2026-03-23T17:18:04Z,2026-03-31T11:08:19Z,AuraReaper,https://github.com/keploy/keploy/pull/3964
817,docs,"docs: fix MCP type to http, add recording tools and workflow",merged,2026-04-01T14:03:33Z,2026-04-01T14:38:29Z,nehagup,https://github.com/keploy/docs/pull/817
815,docs,docs: use prod Keploy Cloud URL in MCP config examples,merged,2026-04-01T09:26:11Z,2026-04-01T09:27:16Z,nehagup,https://github.com/keploy/docs/pull/815
814,docs,"docs: MCP server setup for Claude Code, Cursor, Copilot, Antigravity",merged,2026-03-31T19:21:33Z,2026-04-01T08:35:10Z,nehagup,https://github.com/keploy/docs/pull/814
354,blog-website,fix: add missing Script import in _document.tsx,merged,2026-03-31T12:26:32Z,2026-04-01T08:53:06Z,dhananjay6561,https://github.com/keploy/blog-website/pull/354
3992,keploy,ci: consolidate docker CI scripts and fix windows QEMU emulation,merged,2026-03-31T08:43:37Z,2026-04-01T10:15:36Z,pathakharshit,https://github.com/keploy/keploy/pull/3992
3990,keploy,feat: mock support,merged,2026-03-29T20:23:33Z,2026-04-01T11:36:06Z,charankamarapu,https://github.com/keploy/keploy/pull/3990
3973,keploy,"feat: add SSE port, protocol config, and port mapping support",merged,2026-03-26T12:24:36Z,2026-04-02T08:58:22Z,officialasishkumar,https://github.com/keploy/keploy/pull/3973
3921,keploy,fix: streaming HTTP capture with bounded buffering and improved error reporting,merged,2026-03-13T09:13:20Z,2026-04-02T09:12:27Z,officialasishkumar,https://github.com/keploy/keploy/pull/3921
816,docs,docs: add Kubernetes deployment guide with ArgoCD and Flux CD,merged,2026-04-01T11:30:04Z,2026-04-02T08:09:12Z,officialasishkumar,https://github.com/keploy/docs/pull/816
818,docs,aeo update,merged,2026-04-01T19:48:01Z,2026-04-03T20:00:45Z,nehagup,https://github.com/keploy/docs/pull/818
356,blog-website,Aeo,merged,2026-04-01T19:48:04Z,2026-04-03T20:06:43Z,nehagup,https://github.com/keploy/blog-website/pull/356
3998,keploy,feat: auto-ignore flaky headers during mock matching,merged,2026-04-03T15:19:35Z,2026-04-04T15:44:17Z,nehagup,https://github.com/keploy/keploy/pull/3998
3995,keploy,fix: preserve startup/init mocks from deletion by RemoveUnusedMocks,merged,2026-04-02T03:27:49Z,2026-04-04T20:04:19Z,anjupathak03,https://github.com/keploy/keploy/pull/3995
820,docs,"feat: Phase 3 — glossary CTR optimization, freshness signals, noindex old versions",merged,2026-04-04T19:43:21Z,2026-04-04T20:39:38Z,slayerjain,https://github.com/keploy/docs/pull/820
819,docs,feat: Phase 2 GEO/AEO — enrich schemas and llms.txt,merged,2026-04-03T20:08:22Z,2026-04-04T16:48:39Z,slayerjain,https://github.com/keploy/docs/pull/819
361,blog-website,fix: repair malformed vercel.json,merged,2026-04-04T19:43:16Z,2026-04-04T19:48:29Z,slayerjain,https://github.com/keploy/blog-website/pull/361
359,blog-website,feat: enrich blog structured data and llms.txt for GEO/AEO,merged,2026-04-04T16:13:59Z,2026-04-04T19:17:54Z,slayerjain,https://github.com/keploy/blog-website/pull/359
4005,keploy,"feat: readonly record connections, TLS upgrader, memory limits",merged,2026-04-05T14:09:02Z,2026-04-05T14:10:12Z,slayerjain,https://github.com/keploy/keploy/pull/4005
4004,keploy,"Revert ""feat: readonly record connections, TLS upgrader, memory limits""",merged,2026-04-05T14:06:23Z,2026-04-05T14:06:35Z,slayerjain,https://github.com/keploy/keploy/pull/4004
4003,keploy,fix: handle CLIENT_DEPRECATE_EOF in MySQL proxy recorder,merged,2026-04-04T20:17:19Z,2026-04-05T14:42:39Z,slayerjain,https://github.com/keploy/keploy/pull/4003
4002,keploy,fix: make macOS CI fully concurrent with 4 self-hosted runners,merged,2026-04-04T19:46:05Z,2026-04-05T13:24:50Z,slayerjain,https://github.com/keploy/keploy/pull/4002
3999,keploy,"feat: readonly record connections, TLS upgrader, memory limits",merged,2026-04-03T19:00:29Z,2026-04-05T14:06:07Z,slayerjain,https://github.com/keploy/keploy/pull/3999
214,samples-go,feat: add connect-tunnel sample for CONNECT proxy E2E testing,merged,2026-04-05T14:49:18Z,2026-04-05T20:33:39Z,slayerjain,https://github.com/keploy/samples-go/pull/214
821,docs,"fix: docs UI improvements — navbar link, heading styles, footer layout, banner",merged,2026-04-05T12:39:16Z,2026-04-05T18:01:40Z,slayerjain,https://github.com/keploy/docs/pull/821
362,blog-website,fix: resolve 799 duplicate meta descriptions + meta quality gates,merged,2026-04-04T20:02:40Z,2026-04-05T17:35:44Z,slayerjain,https://github.com/keploy/blog-website/pull/362
4007,keploy,fix(ci): isolate git/SSH config per run on Windows self-hosted runners,merged,2026-04-05T14:58:30Z,2026-04-06T16:45:12Z,slayerjain,https://github.com/keploy/keploy/pull/4007
4006,keploy,fix: make gRPC protoscope matching indentation-agnostic,merged,2026-04-05T14:25:40Z,2026-04-06T17:58:00Z,anjupathak03,https://github.com/keploy/keploy/pull/4006
4000,keploy,feat(proxy): add CONNECT tunnel unwrapping for corporate HTTP proxy support,merged,2026-04-03T19:54:20Z,2026-04-06T19:27:16Z,slayerjain,https://github.com/keploy/keploy/pull/4000
3996,keploy,feat: enrich FailureInfo with FailureAssessment and mock mismatch data,merged,2026-04-02T06:07:41Z,2026-04-06T13:23:43Z,AkashKumar7902,https://github.com/keploy/keploy/pull/3996
213,samples-go,Add sse-preflight sample (SSE CORS preflight replay),merged,2026-04-04T15:46:47Z,2026-04-07T03:44:35Z,anjupathak03,https://github.com/keploy/samples-go/pull/213
4008,keploy,feat: add test run diff command to compare results across runs,merged,2026-04-05T16:01:41Z,2026-04-07T20:41:46Z,mvanhorn,https://github.com/keploy/keploy/pull/4008
823,docs,"feat(seo): GEO/AEO Phase 1 — schema, sitemap, keywords, headers, llms-full.txt",merged,2026-04-08T16:04:45Z,2026-04-08T21:59:29Z,slayerjain,https://github.com/keploy/docs/pull/823
822,docs,"feat: fix breadcrumb, content container and footer ui",merged,2026-04-08T04:33:29Z,2026-04-08T09:39:42Z,amaan-bhati,https://github.com/keploy/docs/pull/822
364,blog-website,"feat(seo): GEO/AEO Phase 1 — meta tags, favicon, robots.txt, llms-full.txt",merged,2026-04-08T16:04:42Z,2026-04-08T17:35:10Z,slayerjain,https://github.com/keploy/blog-website/pull/364
363,blog-website,fix: crash on 404 page when post title or excerpt is null,merged,2026-04-08T10:38:10Z,2026-04-08T15:17:52Z,slayerjain,https://github.com/keploy/blog-website/pull/363
4032,keploy,fix: prevent duplicate JAVA_TOOL_OPTIONS env vars in docker compose injection,merged,2026-04-09T11:46:04Z,2026-04-09T17:53:27Z,Aditya-eddy,https://github.com/keploy/keploy/pull/4032
4029,keploy,fix: validate HTTP request line in MatchType to prevent protocol misclassification,merged,2026-04-09T09:35:57Z,2026-04-09T20:05:12Z,slayerjain,https://github.com/keploy/keploy/pull/4029
4028,keploy,fix: add TLS cert cache and continuous error channel drain,merged,2026-04-09T09:35:43Z,2026-04-09T21:21:41Z,slayerjain,https://github.com/keploy/keploy/pull/4028
4026,keploy,feat: noise-based obfuscation-aware mock matching across all parsers,merged,2026-04-08T17:55:19Z,2026-04-09T12:42:42Z,ayush3160,https://github.com/keploy/keploy/pull/4026
4024,keploy,feat: add Noise field and RecordHooks for enterprise secret obfuscation,merged,2026-04-08T13:04:09Z,2026-04-09T08:29:54Z,ayush3160,https://github.com/keploy/keploy/pull/4024
4022,keploy,feat: keep docker-compose content in memory to prevent env var exposure,merged,2026-04-08T01:03:53Z,2026-04-09T11:58:26Z,ayush3160,https://github.com/keploy/keploy/pull/4022
4020,keploy,fix: prioritize replay mocks by request timestamp,merged,2026-04-07T19:22:42Z,2026-04-09T09:20:09Z,officialasishkumar,https://github.com/keploy/keploy/pull/4020
4014,keploy,feat: add SSE and HTTP streaming support,merged,2026-04-06T14:36:52Z,2026-04-09T19:44:28Z,officialasishkumar,https://github.com/keploy/keploy/pull/4014
218,samples-go,fix: disable OTel and reduce concurrency for CI reliability,merged,2026-04-09T20:56:19Z,2026-04-09T21:11:51Z,nehagup,https://github.com/keploy/samples-go/pull/218
217,samples-go,feat: add proxy-stress-test sample app for e2e regression testing,merged,2026-04-09T12:49:49Z,2026-04-09T19:57:08Z,slayerjain,https://github.com/keploy/samples-go/pull/217
827,docs,feat: combined SEO/GEO/AEO + IndexNow auto-submission + build fix,merged,2026-04-09T18:17:48Z,2026-04-09T19:14:50Z,nehagup,https://github.com/keploy/docs/pull/827
825,docs,"fix: GSC audit — descriptions, redirects, titles, breadcrumbs, headers",merged,2026-04-08T22:08:22Z,2026-04-09T15:42:08Z,slayerjain,https://github.com/keploy/docs/pull/825
365,blog-website,"fix: GSC audit — 28 duplicate URL redirects, OG tags, favicon",merged,2026-04-08T22:08:37Z,2026-04-09T15:23:52Z,slayerjain,https://github.com/keploy/blog-website/pull/365
216,samples-go,feat: postgres app for load testing,merged,2026-04-08T05:08:32Z,2026-04-10T09:22:52Z,kapishupadhyay22,https://github.com/keploy/samples-go/pull/216
4042,keploy,fix: resolve gRPC ingress deadlock with cmux and sync HPACK table size from SETTINGS,merged,2026-04-11T13:03:16Z,2026-04-11T17:13:57Z,prabaltripathiofficial,https://github.com/keploy/keploy/pull/4042
4040,keploy,ci: add manual release trigger workflow,merged,2026-04-10T19:36:48Z,2026-04-11T15:57:19Z,officialasishkumar,https://github.com/keploy/keploy/pull/4040
4041,keploy,feat: single test executer,merged,2026-04-11T08:10:12Z,2026-04-13T07:34:16Z,charankamarapu,https://github.com/keploy/keploy/pull/4041
3994,keploy,"feat: Memory limit for agent during recording, incoming proxy passthrough",merged,2026-04-01T09:25:09Z,2026-04-13T12:51:04Z,kapishupadhyay22,https://github.com/keploy/keploy/pull/3994
829,docs,docs(public-api): add API docs URL alongside base URL,merged,2026-04-14T04:42:54Z,2026-04-14T04:44:57Z,slayerjain,https://github.com/keploy/docs/pull/829
368,blog-website,chore: added two urls to redirect in config,merged,2026-04-13T12:09:43Z,2026-04-13T12:51:28Z,ALOK07K,https://github.com/keploy/blog-website/pull/368
4039,keploy,fix: reduce memory consumption during recording under load,merged,2026-04-10T14:07:41Z,2026-04-14T17:51:47Z,charankamarapu,https://github.com/keploy/keploy/pull/4039
833,docs,fix(ci): harden Submit docs URLs to IndexNow step,merged,2026-04-14T15:31:51Z,2026-04-14T17:21:20Z,slayerjain,https://github.com/keploy/docs/pull/833
366,blog-website,ci: add IndexNow auto-submission for Bing indexing,merged,2026-04-09T17:56:04Z,2026-04-14T13:49:36Z,nehagup,https://github.com/keploy/blog-website/pull/366
4061,keploy,port change,merged,2026-04-15T10:55:21Z,2026-04-15T10:55:32Z,harshitashankar,https://github.com/keploy/keploy/pull/4061
4060,keploy,fix: expected mock ordering,merged,2026-04-15T07:49:33Z,2026-04-15T09:45:50Z,charankamarapu,https://github.com/keploy/keploy/pull/4060
4054,keploy,ci: add oss_branch selector to manual release workflow,merged,2026-04-15T06:15:28Z,2026-04-15T06:44:19Z,officialasishkumar,https://github.com/keploy/keploy/pull/4054
4051,keploy,feat: async decoding of packets for mysql and http outgoing,merged,2026-04-14T13:30:59Z,2026-04-15T10:12:18Z,kapishupadhyay22,https://github.com/keploy/keploy/pull/4051
832,docs,"audit: BreadcrumbList, robots policy, og:title, sitemap priorities",merged,2026-04-14T13:42:57Z,2026-04-15T12:34:38Z,slayerjain,https://github.com/keploy/docs/pull/832
373,blog-website,fix(seo): author page title + Person schema + nuanced robots policy,merged,2026-04-14T13:41:58Z,2026-04-15T12:38:19Z,slayerjain,https://github.com/keploy/blog-website/pull/373
4067,keploy,fix: point dns_mock_test checkout to keploy/samples-go main,merged,2026-04-16T09:33:00Z,2026-04-16T09:59:54Z,officialasishkumar,https://github.com/keploy/keploy/pull/4067
4066,keploy,fix: testcases with no mocks,merged,2026-04-16T08:39:47Z,2026-04-16T10:43:37Z,charankamarapu,https://github.com/keploy/keploy/pull/4066
221,samples-go,feat: add ps-cache-postgres sample app for connection-affinity testing,merged,2026-04-16T16:59:18Z,2026-04-16T19:15:51Z,slayerjain,https://github.com/keploy/samples-go/pull/221
220,samples-go,ci: add missing apps to build and lint CI coverage,merged,2026-04-16T10:12:22Z,2026-04-16T10:59:30Z,officialasishkumar,https://github.com/keploy/samples-go/pull/220
219,samples-go,feat: add dns-mock-test sample app for DNS query E2E testing,merged,2026-04-16T09:23:47Z,2026-04-16T09:40:44Z,officialasishkumar,https://github.com/keploy/samples-go/pull/219
125,samples-java,fix(ps-cache-kotlin): use psql -c instead of heredoc for schema setup,merged,2026-04-16T20:58:33Z,2026-04-16T20:59:30Z,slayerjain,https://github.com/keploy/samples-java/pull/125
124,samples-java,"fix(ps-cache-kotlin): correct README ports, DB config, and reproduction steps",merged,2026-04-16T20:51:31Z,2026-04-16T20:51:49Z,slayerjain,https://github.com/keploy/samples-java/pull/124
123,samples-java,feat: add ps-cache-kotlin sample for connection-affinity testing,merged,2026-04-16T17:01:01Z,2026-04-16T19:16:03Z,slayerjain,https://github.com/keploy/samples-java/pull/123
16,docker-images,feat: add keploy-ci-azurecli image for Azure Blob Storage uploads,merged,2026-04-14T08:51:42Z,2026-04-16T06:30:44Z,Yogeshjindal,https://github.com/keploy/docker-images/pull/16
3978,keploy,chore: prune pkg/agent/proxy/integrations/http function and imports,merged,2026-03-26T22:36:51Z,2026-04-17T14:37:17Z,alrs,https://github.com/keploy/keploy/pull/3978
4074,keploy,fix: remove agent ready file before starting,merged,2026-04-18T13:20:54Z,2026-04-18T15:37:00Z,ayush3160,https://github.com/keploy/keploy/pull/4074
4065,keploy,fix: rejecting root path in macos/kind cluster for calculating memory,merged,2026-04-16T07:52:49Z,2026-04-18T18:44:08Z,kapishupadhyay22,https://github.com/keploy/keploy/pull/4065
4078,keploy,"fix(proxy,tools): keep ERROR level, attach next_step guidance",merged,2026-04-19T17:19:51Z,2026-04-19T18:21:00Z,slayerjain,https://github.com/keploy/keploy/pull/4078
4077,keploy,"ci(windows/go-dedup): gate readiness probe on keploy PID, neutralize replay stderr",merged,2026-04-19T13:49:13Z,2026-04-19T16:52:42Z,slayerjain,https://github.com/keploy/keploy/pull/4077
4076,keploy,fix(syncMock): bounded-block sendToOutChan so burst capture doesn't silently drop mocks,merged,2026-04-19T12:52:04Z,2026-04-19T13:33:21Z,slayerjain,https://github.com/keploy/keploy/pull/4076
4075,keploy,fix(runner): HTTP probe in waitForApp to avoid docker-compose port-forwarder race,merged,2026-04-18T22:16:35Z,2026-04-19T12:32:31Z,charankamarapu,https://github.com/keploy/keploy/pull/4075
4073,keploy,feat: strict mock-window containment + Lifetime model (Phase 1),merged,2026-04-16T18:55:27Z,2026-04-19T07:12:51Z,slayerjain,https://github.com/keploy/keploy/pull/4073
4045,keploy,"feat(proxy): extensibility hooks + Postgres SSL, ALPN, MySQL fixes",merged,2026-04-13T08:34:27Z,2026-04-19T08:16:48Z,slayerjain,https://github.com/keploy/keploy/pull/4045
4084,keploy,"fix: correct mappings.yaml backfill, silence self-heal spam, restore agent mode wiring",merged,2026-04-20T16:45:08Z,2026-04-20T18:44:33Z,slayerjain,https://github.com/keploy/keploy/pull/4084
4082,keploy,fix: generic mock flush when response complete,merged,2026-04-20T15:16:08Z,2026-04-20T17:00:16Z,kapishupadhyay22,https://github.com/keploy/keploy/pull/4082
4012,keploy,feat: add global --json flag for structured output across all commands,merged,2026-04-05T17:03:11Z,2026-04-20T06:56:22Z,mvanhorn,https://github.com/keploy/keploy/pull/4012
4097,keploy,ci: replace ttl.sh with artifacts and reuse prebuilt binaries for Docker,merged,2026-04-21T18:00:05Z,2026-04-21T20:58:15Z,slayerjain,https://github.com/keploy/keploy/pull/4097
4096,keploy,feat(test): enable strictMockWindow by default,merged,2026-04-21T16:57:48Z,2026-04-21T17:23:31Z,slayerjain,https://github.com/keploy/keploy/pull/4096
4094,keploy,fix(models): persist HTTPReq/HTTPResp Timestamp as RFC3339Nano in BSON,merged,2026-04-21T15:11:23Z,2026-04-21T15:26:50Z,ayush3160,https://github.com/keploy/keploy/pull/4094
4091,keploy,feat: log pruned mock details during UpdateMocks,merged,2026-04-21T10:45:53Z,2026-04-21T11:11:17Z,ayush3160,https://github.com/keploy/keploy/pull/4091
4089,keploy,fix(tls): merge system CA bundle with Keploy MITM CA in shared-volume mode (closes #4088),merged,2026-04-21T05:58:19Z,2026-04-21T12:41:15Z,slayerjain,https://github.com/keploy/keploy/pull/4089
4087,keploy,fix(agent): gate /agent/ready on CA bundle being written (closes #4086),merged,2026-04-21T05:56:07Z,2026-04-21T12:35:38Z,slayerjain,https://github.com/keploy/keploy/pull/4087
222,samples-go,feat: add Apache Pulsar sample app (gin-pulsar),merged,2026-04-21T08:10:22Z,2026-04-21T13:48:35Z,khareyash05,https://github.com/keploy/samples-go/pull/222
837,docs,feat: add announcement bar with updated gittogether details,merged,2026-04-20T17:08:20Z,2026-04-21T15:56:53Z,amaan-bhati,https://github.com/keploy/docs/pull/837
379,blog-website,feat: add anouncement bar ui and update for gittogether,merged,2026-04-20T15:38:47Z,2026-04-21T10:15:40Z,amaan-bhati,https://github.com/keploy/blog-website/pull/379
4104,keploy,fix: stabilize Linux integration CI,merged,2026-04-22T11:44:52Z,2026-04-22T15:49:41Z,officialasishkumar,https://github.com/keploy/keploy/pull/4104
4103,keploy,ci: stabilize Java Linux Maven setup,merged,2026-04-22T10:51:31Z,2026-04-22T12:30:29Z,officialasishkumar,https://github.com/keploy/keploy/pull/4103
4099,keploy,fix(replay): write mappings for streaming test cases,merged,2026-04-21T22:23:09Z,2026-04-22T09:12:11Z,ayush3160,https://github.com/keploy/keploy/pull/4099
4036,keploy,feat(mockdb): add parser-owned YAML mapper hooks,merged,2026-04-09T13:07:01Z,2026-04-23T05:22:07Z,officialasishkumar,https://github.com/keploy/keploy/pull/4036
4013,keploy,feat: derive OpenAPI contracts from recorded traffic,merged,2026-04-05T17:29:34Z,2026-04-22T13:46:59Z,mvanhorn,https://github.com/keploy/keploy/pull/4013
126,samples-java,feat(sap-demo-java): add Customer 360 SAP S/4HANA + Postgres sample,merged,2026-04-22T06:06:07Z,2026-04-22T06:25:06Z,slayerjain,https://github.com/keploy/samples-java/pull/126
4120,keploy,feat: consolidate v3 post-merge suite (#4111 + #4115 + #4117 + #4118),merged,2026-04-23T23:43:09Z,2026-04-24T05:54:39Z,slayerjain,https://github.com/keploy/keploy/pull/4120
4119,keploy,ci(release): make Publish step idempotent on existing release,merged,2026-04-23T23:27:46Z,2026-04-23T23:28:49Z,slayerjain,https://github.com/keploy/keploy/pull/4119
4116,keploy,"ci(setup-private-parsers): hardcode GitHub host keys, drop ssh-keyscan (fixes v3.5.0 Windows release leg)",merged,2026-04-23T23:17:42Z,2026-04-23T23:18:11Z,slayerjain,https://github.com/keploy/keploy/pull/4116
4114,keploy,"ci(workflows): drop post-#4101 INTEGRATION_REF SHA pin, default to main",merged,2026-04-23T22:24:57Z,2026-04-23T22:25:15Z,slayerjain,https://github.com/keploy/keploy/pull/4114
4111,keploy,fix(matcher): case-insensitive noise key match in SubstringKeyMatch,merged,2026-04-23T09:20:23Z,2026-04-23T23:45:45Z,slayerjain,https://github.com/keploy/keploy/pull/4111
4110,keploy,"fix(http-recorder): exit chunkedResponse on last-chunk suffix, not strict equality",merged,2026-04-23T08:15:31Z,2026-04-23T09:17:06Z,slayerjain,https://github.com/keploy/keploy/pull/4110
4109,keploy,chore: remove deprecated utgen service,merged,2026-04-23T07:35:37Z,2026-04-23T07:59:54Z,gouravkrosx,https://github.com/keploy/keploy/pull/4109
4101,keploy,feat(postgres): add v3 mock kinds + yaml envelopes + register integration,merged,2026-04-21T23:53:58Z,2026-04-23T21:58:20Z,slayerjain,https://github.com/keploy/keploy/pull/4101
4095,keploy,fix(mysql): prevent zero/overflow read deadline in replay command phase,merged,2026-04-21T15:22:16Z,2026-04-23T21:37:24Z,officialasishkumar,https://github.com/keploy/keploy/pull/4095
224,samples-go,feat(nethttp-mysql): add net/http + MySQL sample for replay regression,merged,2026-04-21T15:20:43Z,2026-04-23T12:04:01Z,officialasishkumar,https://github.com/keploy/samples-go/pull/224
129,samples-java,"docs(sap-demo-java): add architecture diagram, focus on keploy benefits",merged,2026-04-23T11:27:47Z,2026-04-23T11:58:55Z,slayerjain,https://github.com/keploy/samples-java/pull/129
128,samples-java,"docs(sap-demo-java): explain real-world use case, scrub Tricentis references",merged,2026-04-23T11:20:49Z,2026-04-23T11:22:39Z,slayerjain,https://github.com/keploy/samples-java/pull/128
4125,keploy,chore(v2): remove unused StatusAborted; align Ack doc + v2 test comment,merged,2026-04-24T11:32:27Z,2026-04-24T17:57:49Z,slayerjain,https://github.com/keploy/keploy/pull/4125
4113,keploy,feat(proxy): V2 parser isolation foundation + HTTP/MySQL/generic native migration,merged,2026-04-23T18:09:39Z,2026-04-24T06:54:37Z,slayerjain,https://github.com/keploy/keploy/pull/4113
229,samples-go,feat(postgres-wire-features): add Postgres v3 wire-protocol sample,merged,2026-04-24T09:18:03Z,2026-04-24T17:24:31Z,Aditya-eddy,https://github.com/keploy/samples-go/pull/229
381,blog-website,added a video banner,merged,2026-04-22T12:20:40Z,2026-04-24T08:07:26Z,dhananjay6561,https://github.com/keploy/blog-website/pull/381
4129,keploy,revert: remove default keploy with paid features install from keploy.sh,merged,2026-04-25T15:31:20Z,2026-04-25T15:46:56Z,gouravkrosx,https://github.com/keploy/keploy/pull/4129
4127,keploy,"refactor: remove login, rerecord, and mock registry from OSS",merged,2026-04-24T13:33:19Z,2026-04-25T14:46:12Z,gouravkrosx,https://github.com/keploy/keploy/pull/4127
4122,keploy,fix(supervisor): route V2 EmitMock via syncMock for session-window buffer,merged,2026-04-24T08:18:40Z,2026-04-25T14:55:56Z,slayerjain,https://github.com/keploy/keploy/pull/4122
4126,keploy,feat(postgres/v3): logical-value PostgresV3Cell schema (any-typed Value + gob/yaml dispatch),merged,2026-04-24T11:57:26Z,2026-04-26T14:15:05Z,slayerjain,https://github.com/keploy/keploy/pull/4126
4106,keploy,fix(runner): align UpdateMockParams contract with replay + agent mock-lifetime rewrite,merged,2026-04-22T19:58:18Z,2026-04-26T14:59:55Z,charankamarapu,https://github.com/keploy/keploy/pull/4106
841,docs,docs: add Static Deduplication guide,merged,2026-04-25T22:47:01Z,2026-04-26T10:42:12Z,officialasishkumar,https://github.com/keploy/docs/pull/841
4148,keploy,fix(proxy): always skip upstream cert verification on dest-side TLS,merged,2026-04-27T14:47:48Z,2026-04-27T14:49:43Z,slayerjain,https://github.com/keploy/keploy/pull/4148
4147,keploy,"fix(http-recorder): stamp reqTimestamp from wire-arrival, not post-parse",merged,2026-04-27T14:10:26Z,2026-04-27T15:40:05Z,slayerjain,https://github.com/keploy/keploy/pull/4147
4145,keploy,feat(proxy): opportunistic TLS intercept — peek-and-hijack passthrough,merged,2026-04-27T13:30:21Z,2026-04-27T14:00:31Z,ayush3160,https://github.com/keploy/keploy/pull/4145
4143,keploy,fix(grpc): stamp responses after client write,merged,2026-04-27T13:15:38Z,2026-04-27T13:40:15Z,slayerjain,https://github.com/keploy/keploy/pull/4143
4141,keploy,fix(postgres-v3): preserve TLS relay read timestamps,merged,2026-04-27T13:09:57Z,2026-04-27T13:23:14Z,slayerjain,https://github.com/keploy/keploy/pull/4141
4140,keploy,fix(cli): revert cli/provider.Logo from const to var (restore runtime-override hook),merged,2026-04-27T12:57:18Z,2026-04-27T13:00:37Z,ayush3160,https://github.com/keploy/keploy/pull/4140
4139,keploy,fix(supervisor): fall through to passthrough on parser error returns (closes #4138),merged,2026-04-27T11:51:59Z,2026-04-27T12:20:12Z,ayush3160,https://github.com/keploy/keploy/pull/4139
4137,keploy,Fix gRPC capture timestamps for strict mock windows,merged,2026-04-27T11:32:27Z,2026-04-27T12:39:06Z,slayerjain,https://github.com/keploy/keploy/pull/4137
4135,keploy,fix(postgres-v3): close TLS-upgrade race via synchronous preamble choreography,merged,2026-04-27T09:32:47Z,2026-04-27T12:37:46Z,slayerjain,https://github.com/keploy/keploy/pull/4135
4134,keploy,"feat(install): default install.sh to Keploy with paid features, add --oss opt-out",merged,2026-04-27T09:09:36Z,2026-04-27T09:14:49Z,gouravkrosx,https://github.com/keploy/keploy/pull/4134
4130,keploy,"fix: postgres v3 record/replay — syncMock cutoff, byte-arrival timestamps, mappings.yaml",merged,2026-04-26T17:18:26Z,2026-04-27T09:32:26Z,slayerjain,https://github.com/keploy/keploy/pull/4130
4071,keploy,Add AGENTS.md and Claude Code skills for agent-assisted contribution,merged,2026-04-16T11:04:47Z,2026-04-27T09:18:21Z,officialasishkumar,https://github.com/keploy/keploy/pull/4071
4053,keploy,fix: move compose dns settings to keploy-agent,merged,2026-04-14T13:47:00Z,2026-04-27T08:15:50Z,officialasishkumar,https://github.com/keploy/keploy/pull/4053
844,docs,fix: restore Vale workflow and dynamic dedup TOC,merged,2026-04-27T20:32:01Z,2026-04-27T20:44:02Z,officialasishkumar,https://github.com/keploy/docs/pull/844
842,docs,docs(k8s-proxy): add DaemonSet architecture + auto-replay environments guide,merged,2026-04-27T13:57:19Z,2026-04-27T14:11:50Z,khareyash05,https://github.com/keploy/docs/pull/842
839,docs,docs: document Java dynamic dedup,merged,2026-04-23T12:00:39Z,2026-04-27T20:26:39Z,officialasishkumar,https://github.com/keploy/docs/pull/839
838,docs,docs(k8s-proxy): add Kubernetes Proxy REST API and DaemonSet recording mode,merged,2026-04-23T11:53:45Z,2026-04-27T12:25:59Z,officialasishkumar,https://github.com/keploy/docs/pull/838
182,java-sdk,fix: align Java SDK release tag trigger,merged,2026-04-27T13:36:18Z,2026-04-27T13:37:39Z,officialasishkumar,https://github.com/keploy/java-sdk/pull/182
181,java-sdk,feat: add Java dynamic dedup SDK,merged,2026-04-25T13:40:51Z,2026-04-27T13:05:23Z,officialasishkumar,https://github.com/keploy/java-sdk/pull/181
132,samples-java,chore: use released Java SDK in dedup sample,merged,2026-04-27T19:20:34Z,2026-04-27T19:50:56Z,officialasishkumar,https://github.com/keploy/samples-java/pull/132
130,samples-java,feat: add Java dynamic dedup sample,merged,2026-04-23T12:00:12Z,2026-04-27T12:51:16Z,officialasishkumar,https://github.com/keploy/samples-java/pull/130
4153,keploy,ci(grpc-secret): probe gRPC reflection so session-pool path is exercised,merged,2026-04-28T14:31:34Z,2026-04-28T17:28:46Z,slayerjain,https://github.com/keploy/keploy/pull/4153
4152,keploy,fix(http-recorder): stamp HTTP req before forward to preserve HTTP→DB causality,merged,2026-04-28T08:46:14Z,2026-04-28T11:52:41Z,slayerjain,https://github.com/keploy/keploy/pull/4152
4146,keploy,"fix(ci): four independent CI hardening fixes (Windows git isolation, ingress/java/django flakes)",merged,2026-04-27T14:06:24Z,2026-04-28T14:00:43Z,slayerjain,https://github.com/keploy/keploy/pull/4146
4142,keploy,fix: used correct mock timestamps instead of time.Now(),merged,2026-04-27T13:10:08Z,2026-04-28T11:16:35Z,kapishupadhyay22,https://github.com/keploy/keploy/pull/4142
5,orderflow,chore: change success message,merged,2026-04-28T18:24:58Z,2026-04-28T19:51:01Z,charankamarapu,https://github.com/keploy/orderflow/pull/5
2,orderflow,Add keploy sandbox CI workflow and fixed-width timestamp marshalling,merged,2026-04-28T16:58:51Z,2026-04-28T18:16:22Z,charankamarapu,https://github.com/keploy/orderflow/pull/2
4159,keploy,fix(replay): carry mock Lifetime so session/connection mocks reach mappings.yaml,merged,2026-04-29T15:58:26Z,2026-04-29T19:55:53Z,slayerjain,https://github.com/keploy/keploy/pull/4159
4158,keploy,fix(mockmanager): add DeleteStartupMock for boot-tier consumption,merged,2026-04-29T08:14:46Z,2026-04-29T09:21:50Z,AkashKumar7902,https://github.com/keploy/keploy/pull/4158
95,samples-typescript,chore(parse-server-mongo): enrich flow.sh to reliably trigger boot-phase divergence,merged,2026-04-29T10:03:22Z,2026-04-29T10:46:44Z,AkashKumar7902,https://github.com/keploy/samples-typescript/pull/95
94,samples-typescript,feat(parse-server-mongo): minimal Parse Server + MongoDB sample,merged,2026-04-29T09:25:27Z,2026-04-29T09:42:28Z,AkashKumar7902,https://github.com/keploy/samples-typescript/pull/94
